09/09/2026 14:10:05 | INFO | Diagnóstico do índice | banco=C:\C\Projetos_Phyton\Portal_Apps\dados\apps\buscar_pdf_cnpj\indice_pdfs.sqlite3 | total_banco=27963 | nesta_raiz=27963 | raiz=F:\Documentos\Rafael
09/09/2026 15:04:46 | INFO | Diagnóstico do índice | banco=C:\C\Projetos_Phyton\Portal_Apps\dados\apps\buscar_pdf_cnpj\indice_pdfs.sqlite3 | total_banco=27963 | nesta_raiz=27963 | raiz=F:\Documentos\Rafael
09/09/2026 15:22:33 | INFO | Diagnóstico do índice | banco=C:\C\Projetos_Phyton\Portal_Apps\dados\apps\buscar_pdf_cnpj\indice_pdfs.sqlite3 | total_banco=27963 | nesta_raiz=27963 | raiz=F:\Documentos\Rafael
09/09/2026 16:28:03 | INFO | Diagnóstico do índice | banco=C:\C\Projetos_Phyton\Portal_Apps\dados\apps\buscar_pdf_cnpj\indice_pdfs.sqlite3 | total_banco=27963 | nesta_raiz=27963 | raiz=F:\Documentos\Rafael
09/09/2026 16:28:03 | INFO | Atualizando índice | motor=pypdf | raiz=F:\Documentos\Rafael
09/09/2026 16:28:04 | INFO | Indexação | verificados=25 | lidos=0 | reaproveitados=25
09/09/2026 16:28:04 | INFO | Indexação | verificados=50 | lidos=0 | reaproveitados=50
09/09/2026 16:28:05 | INFO | Indexação | verificados=75 | lidos=0 | reaproveitados=75
09/09/2026 16:28:05 | INFO | Indexação | verificados=100 | lidos=0 | reaproveitados=100
09/09/2026 16:28:05 | INFO | Indexação | verificados=125 | lidos=0 | reaproveitados=125
09/09/2026 16:28:05 | INFO | Indexação | verificados=150 | lidos=0 | reaproveitados=150
09/09/2026 16:28:05 | WARNING | PDF não indexado | arquivo=F:\Documentos\Rafael\2 - PREFEITURA - MODELOS DOCUMENTOS\~$RMULARIOA EMISSÃO DE NF.pdf | motivo=PdfStreamError: Stream has ended unexpectedly
09/09/2026 16:28:05 | INFO | Indexação | verificados=175 | lidos=1 | reaproveitados=174
09/09/2026 16:28:05 | INFO | Indexação | verificados=200 | lidos=1 | reaproveitados=199
09/09/2026 16:28:05 | INFO | Indexação | verificados=225 | lidos=1 | reaproveitados=224
09/09/2026 16:28:05 | INFO | Indexação | verificados=250 | lidos=1 | reaproveitados=249
09/09/2026 16:28:05 | INFO | Indexação | verificados=275 | lidos=1 | reaproveitados=274
09/09/2026 16:28:06 | INFO | Indexação | verificados=300 | lidos=1 | reaproveitados=299
09/09/2026 16:28:06 | INFO | Indexação | verificados=325 | lidos=1 | reaproveitados=324
09/09/2026 16:28:06 | INFO | Indexação | verificados=350 | lidos=1 | reaproveitados=349
09/09/2026 16:28:06 | INFO | Indexação | verificados=375 | lidos=1 | reaproveitados=374
09/09/2026 16:28:06 | INFO | Indexação | verificados=400 | lidos=1 | reaproveitados=399
09/09/2026 16:28:06 | INFO | Indexação | verificados=425 | lidos=1 | reaproveitados=424
09/09/2026 16:28:06 | INFO | Indexação | verificados=450 | lidos=1 | reaproveitados=449
09/09/2026 16:28:06 | INFO | Indexação | verificados=475 | lidos=1 | reaproveitados=474
09/09/2026 16:28:06 | INFO | Indexação | verificados=500 | lidos=1 | reaproveitados=499
09/09/2026 16:28:06 | INFO | Indexação | verificados=525 | lidos=1 | reaproveitados=524
09/09/2026 16:28:06 | INFO | Indexação | verificados=550 | lidos=1 | reaproveitados=549
09/09/2026 16:28:06 | INFO | Indexação | verificados=575 | lidos=1 | reaproveitados=574
09/09/2026 16:28:07 | INFO | Indexação | verificados=600 | lidos=1 | reaproveitados=599
09/09/2026 16:28:07 | INFO | Indexação | verificados=625 | lidos=1 | reaproveitados=624
09/09/2026 16:28:07 | INFO | Indexação | verificados=650 | lidos=1 | reaproveitados=649
09/09/2026 16:28:07 | INFO | Indexação | verificados=675 | lidos=1 | reaproveitados=674
09/09/2026 16:28:07 | INFO | Indexação | verificados=700 | lidos=1 | reaproveitados=699
09/09/2026 16:28:07 | INFO | Indexação | verificados=725 | lidos=1 | reaproveitados=724
09/09/2026 16:28:07 | INFO | Indexação | verificados=750 | lidos=1 | reaproveitados=749
09/09/2026 16:28:07 | INFO | Indexação | verificados=775 | lidos=1 | reaproveitados=774
09/09/2026 16:28:07 | INFO | Indexação | verificados=800 | lidos=1 | reaproveitados=799
09/09/2026 16:28:07 | INFO | Indexação | verificados=825 | lidos=1 | reaproveitados=824
09/09/2026 16:28:07 | INFO | Indexação | verificados=850 | lidos=1 | reaproveitados=849
09/09/2026 16:28:07 | INFO | Indexação | verificados=875 | lidos=1 | reaproveitados=874
09/09/2026 16:28:07 | INFO | Indexação | verificados=900 | lidos=1 | reaproveitados=899
09/09/2026 16:28:08 | INFO | Indexação | verificados=925 | lidos=1 | reaproveitados=924
09/09/2026 16:28:08 | INFO | Indexação | verificados=950 | lidos=1 | reaproveitados=949
09/09/2026 16:28:08 | INFO | Indexação | verificados=975 | lidos=1 | reaproveitados=974
09/09/2026 16:28:08 | INFO | Indexação | verificados=1000 | lidos=1 | reaproveitados=999
09/09/2026 16:28:08 | INFO | Indexação | verificados=1025 | lidos=1 | reaproveitados=1024
09/09/2026 16:28:08 | WARNING | PDF não indexado | arquivo=F:\Documentos\Rafael\4 - ARQUIVO MORTO\BLOCK INDUSTRIA DE TELHAS E PERFILADOS\~$NTRATO SOCIAL - 4º ALT.pdf | motivo=PdfStreamError: Stream has ended unexpectedly
09/09/2026 16:28:08 | INFO | Indexação | verificados=1050 | lidos=2 | reaproveitados=1048
09/09/2026 16:28:08 | INFO | Indexação | verificados=1075 | lidos=2 | reaproveitados=1073
09/09/2026 16:28:08 | INFO | Indexação | verificados=1100 | lidos=2 | reaproveitados=1098
09/09/2026 16:28:08 | INFO | Indexação | verificados=1125 | lidos=2 | reaproveitados=1123
09/09/2026 16:28:08 | INFO | Indexação | verificados=1150 | lidos=2 | reaproveitados=1148
09/09/2026 16:28:08 | INFO | Indexação | verificados=1175 | lidos=2 | reaproveitados=1173
09/09/2026 16:28:08 | INFO | Indexação | verificados=1200 | lidos=2 | reaproveitados=1198
09/09/2026 16:28:08 | INFO | Indexação | verificados=1225 | lidos=2 | reaproveitados=1223
09/09/2026 16:28:09 | INFO | Indexação | verificados=1250 | lidos=2 | reaproveitados=1248
09/09/2026 16:28:09 | INFO | Indexação | verificados=1275 | lidos=2 | reaproveitados=1273
09/09/2026 16:28:09 | INFO | Indexação | verificados=1300 | lidos=2 | reaproveitados=1298
09/09/2026 16:28:09 | INFO | Indexação | verificados=1325 | lidos=2 | reaproveitados=1323
09/09/2026 16:28:09 | INFO | Indexação | verificados=1350 | lidos=2 | reaproveitados=1348
09/09/2026 16:28:09 | INFO | Indexação | verificados=1375 | lidos=2 | reaproveitados=1373
09/09/2026 16:28:09 | INFO | Indexação | verificados=1400 | lidos=2 | reaproveitados=1398
09/09/2026 16:28:09 | INFO | Indexação | verificados=1425 | lidos=2 | reaproveitados=1423
09/09/2026 16:28:09 | INFO | Indexação | verificados=1450 | lidos=2 | reaproveitados=1448
09/09/2026 16:28:09 | INFO | Indexação | verificados=1475 | lidos=2 | reaproveitados=1473
09/09/2026 16:28:09 | INFO | Indexação | verificados=1500 | lidos=2 | reaproveitados=1498
09/09/2026 16:28:09 | INFO | Indexação | verificados=1525 | lidos=2 | reaproveitados=1523
09/09/2026 16:28:09 | INFO | Indexação | verificados=1550 | lidos=2 | reaproveitados=1548
09/09/2026 16:28:10 | INFO | Indexação | verificados=1575 | lidos=2 | reaproveitados=1573
09/09/2026 16:28:10 | INFO | Indexação | verificados=1600 | lidos=2 | reaproveitados=1598
09/09/2026 16:28:10 | INFO | Indexação | verificados=1625 | lidos=2 | reaproveitados=1623
09/09/2026 16:28:10 | INFO | Indexação | verificados=1650 | lidos=2 | reaproveitados=1648
09/09/2026 16:28:10 | INFO | Indexação | verificados=1675 | lidos=2 | reaproveitados=1673
09/09/2026 16:28:10 | INFO | Indexação | verificados=1700 | lidos=2 | reaproveitados=1698
09/09/2026 16:28:10 | INFO | Indexação | verificados=1725 | lidos=2 | reaproveitados=1723
09/09/2026 16:28:10 | INFO | Indexação | verificados=1750 | lidos=2 | reaproveitados=1748
09/09/2026 16:28:10 | INFO | Indexação | verificados=1775 | lidos=2 | reaproveitados=1773
09/09/2026 16:28:10 | INFO | Indexação | verificados=1800 | lidos=2 | reaproveitados=1798
09/09/2026 16:28:10 | INFO | Indexação | verificados=1825 | lidos=2 | reaproveitados=1823
09/09/2026 16:28:11 | INFO | Indexação | verificados=1850 | lidos=2 | reaproveitados=1848
09/09/2026 16:28:11 | INFO | Indexação | verificados=1875 | lidos=2 | reaproveitados=1873
09/09/2026 16:28:11 | INFO | Indexação | verificados=1900 | lidos=2 | reaproveitados=1898
09/09/2026 16:28:11 | INFO | Indexação | verificados=1925 | lidos=2 | reaproveitados=1923
09/09/2026 16:28:11 | INFO | Indexação | verificados=1950 | lidos=2 | reaproveitados=1948
09/09/2026 16:28:11 | INFO | Indexação | verificados=1975 | lidos=2 | reaproveitados=1973
09/09/2026 16:28:11 | INFO | Indexação | verificados=2000 | lidos=2 | reaproveitados=1998
09/09/2026 16:28:11 | INFO | Indexação | verificados=2025 | lidos=2 | reaproveitados=2023
09/09/2026 16:28:11 | INFO | Indexação | verificados=2050 | lidos=2 | reaproveitados=2048
09/09/2026 16:28:11 | INFO | Indexação | verificados=2075 | lidos=2 | reaproveitados=2073
09/09/2026 16:28:11 | INFO | Indexação | verificados=2100 | lidos=2 | reaproveitados=2098
09/09/2026 16:28:11 | INFO | Indexação | verificados=2125 | lidos=2 | reaproveitados=2123
09/09/2026 16:28:11 | INFO | Indexação | verificados=2150 | lidos=2 | reaproveitados=2148
09/09/2026 16:28:12 | INFO | Indexação | verificados=2175 | lidos=2 | reaproveitados=2173
09/09/2026 16:28:12 | INFO | Indexação | verificados=2200 | lidos=2 | reaproveitados=2198
09/09/2026 16:28:12 | INFO | Indexação | verificados=2225 | lidos=2 | reaproveitados=2223
09/09/2026 16:28:12 | INFO | Indexação | verificados=2250 | lidos=2 | reaproveitados=2248
09/09/2026 16:28:12 | INFO | Indexação | verificados=2275 | lidos=2 | reaproveitados=2273
09/09/2026 16:28:12 | INFO | Indexação | verificados=2300 | lidos=2 | reaproveitados=2298
09/09/2026 16:28:12 | INFO | Indexação | verificados=2325 | lidos=2 | reaproveitados=2323
09/09/2026 16:28:12 | INFO | Indexação | verificados=2350 | lidos=2 | reaproveitados=2348
09/09/2026 16:28:12 | WARNING | PDF não indexado | arquivo=F:\Documentos\Rafael\4 - ARQUIVO MORTO\GABIZA TRANSPORTES\INTIMAÇÃO\~$timação - 326387_1760_68_2024.pdf | motivo=PdfStreamError: Stream has ended unexpectedly
09/09/2026 16:28:12 | INFO | Indexação | verificados=2375 | lidos=3 | reaproveitados=2372
09/09/2026 16:28:12 | INFO | Indexação | verificados=2400 | lidos=3 | reaproveitados=2397
09/09/2026 16:28:12 | INFO | Indexação | verificados=2425 | lidos=3 | reaproveitados=2422
09/09/2026 16:28:12 | INFO | Indexação | verificados=2450 | lidos=3 | reaproveitados=2447
09/09/2026 16:28:12 | INFO | Indexação | verificados=2475 | lidos=3 | reaproveitados=2472
09/09/2026 16:28:13 | INFO | Indexação | verificados=2500 | lidos=3 | reaproveitados=2497
09/09/2026 16:28:13 | INFO | Indexação | verificados=2525 | lidos=3 | reaproveitados=2522
09/09/2026 16:28:13 | INFO | Indexação | verificados=2550 | lidos=3 | reaproveitados=2547
09/09/2026 16:28:13 | INFO | Indexação | verificados=2575 | lidos=3 | reaproveitados=2572
09/09/2026 16:28:13 | INFO | Indexação | verificados=2600 | lidos=3 | reaproveitados=2597
09/09/2026 16:28:13 | INFO | Indexação | verificados=2625 | lidos=3 | reaproveitados=2622
09/09/2026 16:28:13 | INFO | Indexação | verificados=2650 | lidos=3 | reaproveitados=2647
09/09/2026 16:28:13 | INFO | Indexação | verificados=2675 | lidos=3 | reaproveitados=2672
09/09/2026 16:28:13 | INFO | Indexação | verificados=2700 | lidos=3 | reaproveitados=2697
09/09/2026 16:28:13 | INFO | Indexação | verificados=2725 | lidos=3 | reaproveitados=2722
09/09/2026 16:28:13 | INFO | Indexação | verificados=2750 | lidos=3 | reaproveitados=2747
09/09/2026 16:28:13 | INFO | Indexação | verificados=2775 | lidos=3 | reaproveitados=2772
09/09/2026 16:28:13 | INFO | Indexação | verificados=2800 | lidos=3 | reaproveitados=2797
09/09/2026 16:28:14 | INFO | Indexação | verificados=2825 | lidos=3 | reaproveitados=2822
09/09/2026 16:28:14 | INFO | Indexação | verificados=2850 | lidos=3 | reaproveitados=2847
09/09/2026 16:28:14 | INFO | Indexação | verificados=2875 | lidos=3 | reaproveitados=2872
09/09/2026 16:28:14 | INFO | Indexação | verificados=2900 | lidos=3 | reaproveitados=2897
09/09/2026 16:28:14 | INFO | Indexação | verificados=2925 | lidos=3 | reaproveitados=2922
09/09/2026 16:28:14 | INFO | Indexação | verificados=2950 | lidos=3 | reaproveitados=2947
09/09/2026 16:28:14 | INFO | Indexação | verificados=2975 | lidos=3 | reaproveitados=2972
09/09/2026 16:28:14 | INFO | Indexação | verificados=3000 | lidos=3 | reaproveitados=2997
09/09/2026 16:28:14 | INFO | Indexação | verificados=3025 | lidos=3 | reaproveitados=3022
09/09/2026 16:28:14 | INFO | Indexação | verificados=3050 | lidos=3 | reaproveitados=3047
09/09/2026 16:28:14 | INFO | Indexação | verificados=3075 | lidos=3 | reaproveitados=3072
09/09/2026 16:28:14 | INFO | Indexação | verificados=3100 | lidos=3 | reaproveitados=3097
09/09/2026 16:28:14 | INFO | Indexação | verificados=3125 | lidos=3 | reaproveitados=3122
09/09/2026 16:28:15 | INFO | Indexação | verificados=3150 | lidos=3 | reaproveitados=3147
09/09/2026 16:28:15 | INFO | Indexação | verificados=3175 | lidos=3 | reaproveitados=3172
09/09/2026 16:28:15 | INFO | Indexação | verificados=3200 | lidos=3 | reaproveitados=3197
09/09/2026 16:28:15 | INFO | Indexação | verificados=3225 | lidos=3 | reaproveitados=3222
09/09/2026 16:28:15 | INFO | Indexação | verificados=3250 | lidos=3 | reaproveitados=3247
09/09/2026 16:28:15 | INFO | Indexação | verificados=3275 | lidos=3 | reaproveitados=3272
09/09/2026 16:28:15 | INFO | Indexação | verificados=3300 | lidos=3 | reaproveitados=3297
09/09/2026 16:28:15 | INFO | Indexação | verificados=3325 | lidos=3 | reaproveitados=3322
09/09/2026 16:28:15 | INFO | Indexação | verificados=3350 | lidos=3 | reaproveitados=3347
09/09/2026 16:28:15 | INFO | Indexação | verificados=3375 | lidos=3 | reaproveitados=3372
09/09/2026 16:28:15 | INFO | Indexação | verificados=3400 | lidos=3 | reaproveitados=3397
09/09/2026 16:28:15 | INFO | Indexação | verificados=3425 | lidos=3 | reaproveitados=3422
09/09/2026 16:28:16 | INFO | Indexação | verificados=3450 | lidos=3 | reaproveitados=3447
09/09/2026 16:28:16 | INFO | Indexação | verificados=3475 | lidos=3 | reaproveitados=3472
09/09/2026 16:28:16 | INFO | Indexação | verificados=3500 | lidos=3 | reaproveitados=3497
09/09/2026 16:28:16 | INFO | Indexação | verificados=3525 | lidos=3 | reaproveitados=3522
09/09/2026 16:28:16 | INFO | Indexação | verificados=3550 | lidos=3 | reaproveitados=3547
09/09/2026 16:28:16 | INFO | Indexação | verificados=3575 | lidos=3 | reaproveitados=3572
09/09/2026 16:28:16 | INFO | Indexação | verificados=3600 | lidos=3 | reaproveitados=3597
09/09/2026 16:28:16 | INFO | Indexação | verificados=3625 | lidos=3 | reaproveitados=3622
09/09/2026 16:28:16 | INFO | Indexação | verificados=3650 | lidos=3 | reaproveitados=3647
09/09/2026 16:28:16 | INFO | Indexação | verificados=3675 | lidos=3 | reaproveitados=3672
09/09/2026 16:28:16 | INFO | Indexação | verificados=3700 | lidos=3 | reaproveitados=3697
09/09/2026 16:28:16 | INFO | Indexação | verificados=3725 | lidos=3 | reaproveitados=3722
09/09/2026 16:28:16 | INFO | Indexação | verificados=3750 | lidos=3 | reaproveitados=3747
09/09/2026 16:28:17 | INFO | Indexação | verificados=3775 | lidos=3 | reaproveitados=3772
09/09/2026 16:28:17 | INFO | Indexação | verificados=3800 | lidos=3 | reaproveitados=3797
09/09/2026 16:28:17 | INFO | Indexação | verificados=3825 | lidos=3 | reaproveitados=3822
09/09/2026 16:28:17 | INFO | Indexação | verificados=3850 | lidos=3 | reaproveitados=3847
09/09/2026 16:28:17 | INFO | Indexação | verificados=3875 | lidos=3 | reaproveitados=3872
09/09/2026 16:28:17 | INFO | Indexação | verificados=3900 | lidos=3 | reaproveitados=3897
09/09/2026 16:28:17 | WARNING | PDF não indexado | arquivo=F:\Documentos\Rafael\4 - ARQUIVO MORTO\PARTICIPAÇÕES ESTRELA DE FOGO\CONSTITUIÇÃO\~$NTRATO SOCIAL__CONSTITUICAO.pdf | motivo=PdfStreamError: Stream has ended unexpectedly
09/09/2026 16:28:17 | INFO | Indexação | verificados=3925 | lidos=4 | reaproveitados=3921
09/09/2026 16:28:17 | INFO | Indexação | verificados=3950 | lidos=4 | reaproveitados=3946
09/09/2026 16:28:17 | INFO | Indexação | verificados=3975 | lidos=4 | reaproveitados=3971
09/09/2026 16:28:17 | INFO | Indexação | verificados=4000 | lidos=4 | reaproveitados=3996
09/09/2026 16:28:17 | INFO | Indexação | verificados=4025 | lidos=4 | reaproveitados=4021
09/09/2026 16:28:17 | WARNING | PDF não indexado | arquivo=F:\Documentos\Rafael\4 - ARQUIVO MORTO\QUEIROZ & TREVISAN LTDA\VIGILANCIA SANITARIA\~$RMULÁRIO - Infomrações relevantes a vigilancia sobre a prestacao de servicos.pdf | motivo=PdfStreamError: Stream has ended unexpectedly
09/09/2026 16:28:17 | INFO | Indexação | verificados=4050 | lidos=5 | reaproveitados=4045
09/09/2026 16:28:17 | INFO | Indexação | verificados=4075 | lidos=5 | reaproveitados=4070
09/09/2026 16:28:18 | INFO | Indexação | verificados=4100 | lidos=5 | reaproveitados=4095
09/09/2026 16:28:18 | INFO | Indexação | verificados=4125 | lidos=5 | reaproveitados=4120
09/09/2026 16:28:18 | INFO | Indexação | verificados=4150 | lidos=5 | reaproveitados=4145
09/09/2026 16:28:18 | INFO | Indexação | verificados=4175 | lidos=5 | reaproveitados=4170
09/09/2026 16:28:18 | INFO | Indexação | verificados=4200 | lidos=5 | reaproveitados=4195
09/09/2026 16:28:18 | INFO | Indexação | verificados=4225 | lidos=5 | reaproveitados=4220
09/09/2026 16:28:18 | INFO | Indexação | verificados=4250 | lidos=5 | reaproveitados=4245
09/09/2026 16:28:18 | INFO | Indexação | verificados=4275 | lidos=5 | reaproveitados=4270
09/09/2026 16:28:18 | INFO | Indexação | verificados=4300 | lidos=5 | reaproveitados=4295
09/09/2026 16:28:18 | INFO | Indexação | verificados=4325 | lidos=5 | reaproveitados=4320
09/09/2026 16:28:18 | INFO | Indexação | verificados=4350 | lidos=5 | reaproveitados=4345
09/09/2026 16:28:18 | INFO | Indexação | verificados=4375 | lidos=5 | reaproveitados=4370
09/09/2026 16:28:18 | INFO | Indexação | verificados=4400 | lidos=5 | reaproveitados=4395
09/09/2026 16:28:19 | INFO | Indexação | verificados=4425 | lidos=5 | reaproveitados=4420
09/09/2026 16:28:19 | INFO | Indexação | verificados=4450 | lidos=5 | reaproveitados=4445
09/09/2026 16:28:19 | INFO | Indexação | verificados=4475 | lidos=5 | reaproveitados=4470
09/09/2026 16:28:19 | INFO | Indexação | verificados=4500 | lidos=5 | reaproveitados=4495
09/09/2026 16:28:19 | INFO | Indexação | verificados=4525 | lidos=5 | reaproveitados=4520
09/09/2026 16:28:19 | INFO | Indexação | verificados=4550 | lidos=5 | reaproveitados=4545
09/09/2026 16:28:19 | INFO | Indexação | verificados=4575 | lidos=5 | reaproveitados=4570
09/09/2026 16:28:19 | INFO | Indexação | verificados=4600 | lidos=5 | reaproveitados=4595
09/09/2026 16:28:19 | INFO | Indexação | verificados=4625 | lidos=5 | reaproveitados=4620
09/09/2026 16:28:19 | INFO | Indexação | verificados=4650 | lidos=5 | reaproveitados=4645
09/09/2026 16:28:20 | INFO | Indexação | verificados=4675 | lidos=5 | reaproveitados=4670
09/09/2026 16:28:20 | INFO | Indexação | verificados=4700 | lidos=5 | reaproveitados=4695
09/09/2026 16:28:20 | INFO | Indexação | verificados=4725 | lidos=5 | reaproveitados=4720
09/09/2026 16:28:20 | INFO | Indexação | verificados=4750 | lidos=5 | reaproveitados=4745
09/09/2026 16:28:20 | INFO | Indexação | verificados=4775 | lidos=5 | reaproveitados=4770
09/09/2026 16:28:20 | INFO | Indexação | verificados=4800 | lidos=5 | reaproveitados=4795
09/09/2026 16:28:20 | INFO | Indexação | verificados=4825 | lidos=5 | reaproveitados=4820
09/09/2026 16:28:20 | INFO | Indexação | verificados=4850 | lidos=5 | reaproveitados=4845
09/09/2026 16:28:20 | INFO | Indexação | verificados=4875 | lidos=5 | reaproveitados=4870
09/09/2026 16:28:20 | INFO | Indexação | verificados=4900 | lidos=5 | reaproveitados=4895
09/09/2026 16:28:21 | INFO | Indexação | verificados=4925 | lidos=5 | reaproveitados=4920
09/09/2026 16:28:21 | INFO | Indexação | verificados=4950 | lidos=5 | reaproveitados=4945
09/09/2026 16:28:21 | INFO | Indexação | verificados=4975 | lidos=5 | reaproveitados=4970
09/09/2026 16:28:21 | INFO | Indexação | verificados=5000 | lidos=5 | reaproveitados=4995
09/09/2026 16:28:21 | INFO | Indexação | verificados=5025 | lidos=5 | reaproveitados=5020
09/09/2026 16:28:21 | INFO | Indexação | verificados=5050 | lidos=5 | reaproveitados=5045
09/09/2026 16:28:21 | INFO | Indexação | verificados=5075 | lidos=5 | reaproveitados=5070
09/09/2026 16:28:21 | INFO | Indexação | verificados=5100 | lidos=5 | reaproveitados=5095
09/09/2026 16:28:22 | INFO | Indexação | verificados=5125 | lidos=5 | reaproveitados=5120
09/09/2026 16:28:22 | INFO | Indexação | verificados=5150 | lidos=5 | reaproveitados=5145
09/09/2026 16:28:22 | INFO | Indexação | verificados=5175 | lidos=5 | reaproveitados=5170
09/09/2026 16:28:22 | INFO | Indexação | verificados=5200 | lidos=5 | reaproveitados=5195
09/09/2026 16:28:22 | INFO | Indexação | verificados=5225 | lidos=5 | reaproveitados=5220
09/09/2026 16:28:22 | INFO | Indexação | verificados=5250 | lidos=5 | reaproveitados=5245
09/09/2026 16:28:22 | INFO | Indexação | verificados=5275 | lidos=5 | reaproveitados=5270
09/09/2026 16:28:22 | INFO | Indexação | verificados=5300 | lidos=5 | reaproveitados=5295
09/09/2026 16:28:22 | INFO | Indexação | verificados=5325 | lidos=5 | reaproveitados=5320
09/09/2026 16:28:22 | INFO | Indexação | verificados=5350 | lidos=5 | reaproveitados=5345
09/09/2026 16:28:22 | INFO | Indexação | verificados=5375 | lidos=5 | reaproveitados=5370
09/09/2026 16:28:23 | INFO | Indexação | verificados=5400 | lidos=5 | reaproveitados=5395
09/09/2026 16:28:23 | INFO | Indexação | verificados=5425 | lidos=5 | reaproveitados=5420
09/09/2026 16:28:23 | INFO | Indexação | verificados=5450 | lidos=5 | reaproveitados=5445
09/09/2026 16:28:23 | INFO | Indexação | verificados=5475 | lidos=5 | reaproveitados=5470
09/09/2026 16:28:23 | INFO | Indexação | verificados=5500 | lidos=5 | reaproveitados=5495
09/09/2026 16:28:23 | INFO | Indexação | verificados=5525 | lidos=5 | reaproveitados=5520
09/09/2026 16:28:23 | INFO | Indexação | verificados=5550 | lidos=5 | reaproveitados=5545
09/09/2026 16:28:23 | INFO | Indexação | verificados=5575 | lidos=5 | reaproveitados=5570
09/09/2026 16:28:23 | INFO | Indexação | verificados=5600 | lidos=5 | reaproveitados=5595
09/09/2026 16:28:23 | INFO | Indexação | verificados=5625 | lidos=5 | reaproveitados=5620
09/09/2026 16:28:23 | INFO | Indexação | verificados=5650 | lidos=5 | reaproveitados=5645
09/09/2026 16:28:23 | INFO | Indexação | verificados=5675 | lidos=5 | reaproveitados=5670
09/09/2026 16:28:23 | INFO | Indexação | verificados=5700 | lidos=5 | reaproveitados=5695
09/09/2026 16:28:24 | INFO | Indexação | verificados=5725 | lidos=5 | reaproveitados=5720
09/09/2026 16:28:24 | INFO | Indexação | verificados=5750 | lidos=5 | reaproveitados=5745
09/09/2026 16:28:24 | INFO | Indexação | verificados=5775 | lidos=5 | reaproveitados=5770
09/09/2026 16:28:24 | INFO | Indexação | verificados=5800 | lidos=5 | reaproveitados=5795
09/09/2026 16:28:24 | INFO | Indexação | verificados=5825 | lidos=5 | reaproveitados=5820
09/09/2026 16:28:24 | INFO | Indexação | verificados=5850 | lidos=5 | reaproveitados=5845
09/09/2026 16:28:24 | INFO | Indexação | verificados=5875 | lidos=5 | reaproveitados=5870
09/09/2026 16:28:24 | INFO | Indexação | verificados=5900 | lidos=5 | reaproveitados=5895
09/09/2026 16:28:24 | INFO | Indexação | verificados=5925 | lidos=5 | reaproveitados=5920
09/09/2026 16:28:24 | INFO | Indexação | verificados=5950 | lidos=5 | reaproveitados=5945
09/09/2026 16:28:24 | INFO | Indexação | verificados=5975 | lidos=5 | reaproveitados=5970
09/09/2026 16:28:24 | INFO | Indexação | verificados=6000 | lidos=5 | reaproveitados=5995
09/09/2026 16:28:25 | INFO | Indexação | verificados=6025 | lidos=5 | reaproveitados=6020
09/09/2026 16:28:25 | INFO | Indexação | verificados=6050 | lidos=5 | reaproveitados=6045
09/09/2026 16:28:25 | INFO | Indexação | verificados=6075 | lidos=5 | reaproveitados=6070
09/09/2026 16:28:25 | INFO | Indexação | verificados=6100 | lidos=5 | reaproveitados=6095
09/09/2026 16:28:25 | INFO | Indexação | verificados=6125 | lidos=5 | reaproveitados=6120
09/09/2026 16:28:25 | INFO | Indexação | verificados=6150 | lidos=5 | reaproveitados=6145
09/09/2026 16:28:25 | INFO | Indexação | verificados=6175 | lidos=5 | reaproveitados=6170
09/09/2026 16:28:25 | INFO | Indexação | verificados=6200 | lidos=5 | reaproveitados=6195
09/09/2026 16:28:25 | INFO | Indexação | verificados=6225 | lidos=5 | reaproveitados=6220
09/09/2026 16:28:25 | INFO | Indexação | verificados=6250 | lidos=5 | reaproveitados=6245
09/09/2026 16:28:25 | INFO | Indexação | verificados=6275 | lidos=5 | reaproveitados=6270
09/09/2026 16:28:25 | INFO | Indexação | verificados=6300 | lidos=5 | reaproveitados=6295
09/09/2026 16:28:25 | INFO | Indexação | verificados=6325 | lidos=5 | reaproveitados=6320
09/09/2026 16:28:26 | INFO | Indexação | verificados=6350 | lidos=5 | reaproveitados=6345
09/09/2026 16:28:26 | INFO | Indexação | verificados=6375 | lidos=5 | reaproveitados=6370
09/09/2026 16:28:26 | INFO | Indexação | verificados=6400 | lidos=5 | reaproveitados=6395
09/09/2026 16:28:26 | INFO | Indexação | verificados=6425 | lidos=5 | reaproveitados=6420
09/09/2026 16:28:26 | INFO | Indexação | verificados=6450 | lidos=5 | reaproveitados=6445
09/09/2026 16:28:26 | INFO | Indexação | verificados=6475 | lidos=5 | reaproveitados=6470
09/09/2026 16:28:26 | INFO | Indexação | verificados=6500 | lidos=5 | reaproveitados=6495
09/09/2026 16:28:26 | INFO | Indexação | verificados=6525 | lidos=5 | reaproveitados=6520
09/09/2026 16:28:26 | INFO | Indexação | verificados=6550 | lidos=5 | reaproveitados=6545
09/09/2026 16:28:26 | INFO | Indexação | verificados=6575 | lidos=5 | reaproveitados=6570
09/09/2026 16:28:26 | INFO | Indexação | verificados=6600 | lidos=5 | reaproveitados=6595
09/09/2026 16:28:26 | INFO | Indexação | verificados=6625 | lidos=5 | reaproveitados=6620
09/09/2026 16:28:27 | INFO | Indexação | verificados=6650 | lidos=5 | reaproveitados=6645
09/09/2026 16:28:27 | INFO | Indexação | verificados=6675 | lidos=5 | reaproveitados=6670
09/09/2026 16:28:27 | INFO | Indexação | verificados=6700 | lidos=5 | reaproveitados=6695
09/09/2026 16:28:27 | INFO | Indexação | verificados=6725 | lidos=5 | reaproveitados=6720
09/09/2026 16:28:27 | INFO | Indexação | verificados=6750 | lidos=5 | reaproveitados=6745
09/09/2026 16:28:27 | INFO | Indexação | verificados=6775 | lidos=5 | reaproveitados=6770
09/09/2026 16:28:27 | INFO | Indexação | verificados=6800 | lidos=5 | reaproveitados=6795
09/09/2026 16:28:28 | INFO | Indexação | verificados=6825 | lidos=5 | reaproveitados=6820
09/09/2026 16:28:28 | INFO | Indexação | verificados=6850 | lidos=5 | reaproveitados=6845
09/09/2026 16:28:28 | INFO | Indexação | verificados=6875 | lidos=5 | reaproveitados=6870
09/09/2026 16:28:28 | INFO | Indexação | verificados=6900 | lidos=5 | reaproveitados=6895
09/09/2026 16:28:28 | INFO | Indexação | verificados=6925 | lidos=5 | reaproveitados=6920
09/09/2026 16:28:28 | INFO | Indexação | verificados=6950 | lidos=5 | reaproveitados=6945
09/09/2026 16:28:28 | INFO | Indexação | verificados=6975 | lidos=5 | reaproveitados=6970
09/09/2026 16:28:28 | INFO | Indexação | verificados=7000 | lidos=5 | reaproveitados=6995
09/09/2026 16:28:29 | INFO | Indexação | verificados=7025 | lidos=5 | reaproveitados=7020
09/09/2026 16:28:29 | INFO | Indexação | verificados=7050 | lidos=5 | reaproveitados=7045
09/09/2026 16:28:29 | INFO | Indexação | verificados=7075 | lidos=5 | reaproveitados=7070
09/09/2026 16:28:29 | INFO | Indexação | verificados=7100 | lidos=5 | reaproveitados=7095
09/09/2026 16:28:29 | INFO | Indexação | verificados=7125 | lidos=5 | reaproveitados=7120
09/09/2026 16:28:29 | INFO | Indexação | verificados=7150 | lidos=5 | reaproveitados=7145
09/09/2026 16:28:29 | INFO | Indexação | verificados=7175 | lidos=5 | reaproveitados=7170
09/09/2026 16:28:29 | INFO | Indexação | verificados=7200 | lidos=5 | reaproveitados=7195
09/09/2026 16:28:30 | INFO | Indexação | verificados=7225 | lidos=5 | reaproveitados=7220
09/09/2026 16:28:30 | INFO | Indexação | verificados=7250 | lidos=5 | reaproveitados=7245
09/09/2026 16:28:30 | INFO | Indexação | verificados=7275 | lidos=5 | reaproveitados=7270
09/09/2026 16:28:30 | INFO | Indexação | verificados=7300 | lidos=5 | reaproveitados=7295
09/09/2026 16:28:30 | INFO | Indexação | verificados=7325 | lidos=5 | reaproveitados=7320
09/09/2026 16:28:30 | INFO | Indexação | verificados=7350 | lidos=5 | reaproveitados=7345
09/09/2026 16:28:30 | INFO | Indexação | verificados=7375 | lidos=5 | reaproveitados=7370
09/09/2026 16:28:30 | INFO | Indexação | verificados=7400 | lidos=5 | reaproveitados=7395
09/09/2026 16:28:31 | INFO | Indexação | verificados=7425 | lidos=5 | reaproveitados=7420
09/09/2026 16:28:31 | INFO | Indexação | verificados=7450 | lidos=5 | reaproveitados=7445
09/09/2026 16:28:31 | INFO | Indexação | verificados=7475 | lidos=5 | reaproveitados=7470
09/09/2026 16:28:31 | INFO | Indexação | verificados=7500 | lidos=5 | reaproveitados=7495
09/09/2026 16:28:31 | INFO | Indexação | verificados=7525 | lidos=5 | reaproveitados=7520
09/09/2026 16:28:31 | INFO | Indexação | verificados=7550 | lidos=5 | reaproveitados=7545
09/09/2026 16:28:31 | INFO | Indexação | verificados=7575 | lidos=5 | reaproveitados=7570
09/09/2026 16:28:31 | INFO | Indexação | verificados=7600 | lidos=5 | reaproveitados=7595
09/09/2026 16:28:32 | INFO | Indexação | verificados=7625 | lidos=5 | reaproveitados=7620
09/09/2026 16:28:32 | INFO | Indexação | verificados=7650 | lidos=5 | reaproveitados=7645
09/09/2026 16:28:32 | INFO | Indexação | verificados=7675 | lidos=5 | reaproveitados=7670
09/09/2026 16:28:32 | INFO | Indexação | verificados=7700 | lidos=5 | reaproveitados=7695
09/09/2026 16:28:32 | INFO | Indexação | verificados=7725 | lidos=5 | reaproveitados=7720
09/09/2026 16:28:32 | INFO | Indexação | verificados=7750 | lidos=5 | reaproveitados=7745
09/09/2026 16:28:33 | INFO | Indexação | verificados=7775 | lidos=6 | reaproveitados=7769
09/09/2026 16:28:33 | INFO | Indexação | verificados=7800 | lidos=6 | reaproveitados=7794
09/09/2026 16:28:33 | INFO | Indexação | verificados=7825 | lidos=6 | reaproveitados=7819
09/09/2026 16:28:33 | INFO | Indexação | verificados=7850 | lidos=6 | reaproveitados=7844
09/09/2026 16:28:33 | INFO | Indexação | verificados=7875 | lidos=6 | reaproveitados=7869
09/09/2026 16:28:33 | INFO | Indexação | verificados=7900 | lidos=6 | reaproveitados=7894
09/09/2026 16:28:34 | INFO | Indexação | verificados=7925 | lidos=6 | reaproveitados=7919
09/09/2026 16:28:34 | INFO | Indexação | verificados=7950 | lidos=6 | reaproveitados=7944
09/09/2026 16:28:34 | INFO | Indexação | verificados=7975 | lidos=6 | reaproveitados=7969
09/09/2026 16:28:34 | INFO | Indexação | verificados=8000 | lidos=6 | reaproveitados=7994
09/09/2026 16:28:34 | INFO | Indexação | verificados=8025 | lidos=6 | reaproveitados=8019
09/09/2026 16:28:34 | INFO | Indexação | verificados=8050 | lidos=6 | reaproveitados=8044
09/09/2026 16:28:34 | INFO | Indexação | verificados=8075 | lidos=6 | reaproveitados=8069
09/09/2026 16:28:34 | INFO | Indexação | verificados=8100 | lidos=6 | reaproveitados=8094
09/09/2026 16:28:34 | INFO | Indexação | verificados=8125 | lidos=6 | reaproveitados=8119
09/09/2026 16:28:35 | INFO | Indexação | verificados=8150 | lidos=6 | reaproveitados=8144
09/09/2026 16:28:35 | INFO | Indexação | verificados=8175 | lidos=6 | reaproveitados=8169
09/09/2026 16:28:35 | INFO | Indexação | verificados=8200 | lidos=6 | reaproveitados=8194
09/09/2026 16:28:35 | INFO | Indexação | verificados=8225 | lidos=6 | reaproveitados=8219
09/09/2026 16:28:35 | INFO | Indexação | verificados=8250 | lidos=6 | reaproveitados=8244
09/09/2026 16:28:35 | WARNING | PDF não indexado | arquivo=F:\Documentos\Rafael\5 - MODELOS DE DOCUMENTOS\~$tição de Inventário - Marcelo Vinicius Dressler - 12.08.2025 AD (1).pdf | motivo=PdfStreamError: Stream has ended unexpectedly
09/09/2026 16:28:35 | INFO | Indexação | verificados=8275 | lidos=7 | reaproveitados=8268
09/09/2026 16:28:35 | INFO | Indexação | verificados=8300 | lidos=7 | reaproveitados=8293
09/09/2026 16:28:35 | INFO | Indexação | verificados=8325 | lidos=7 | reaproveitados=8318
09/09/2026 16:28:36 | INFO | Indexação | verificados=8350 | lidos=7 | reaproveitados=8343
09/09/2026 16:28:36 | INFO | Indexação | verificados=8375 | lidos=7 | reaproveitados=8368
09/09/2026 16:28:36 | INFO | Indexação | verificados=8400 | lidos=7 | reaproveitados=8393
09/09/2026 16:28:36 | INFO | Indexação | verificados=8425 | lidos=7 | reaproveitados=8418
09/09/2026 16:28:36 | INFO | Indexação | verificados=8450 | lidos=7 | reaproveitados=8443
09/09/2026 16:28:36 | INFO | Indexação | verificados=8475 | lidos=7 | reaproveitados=8468
09/09/2026 16:28:36 | INFO | Indexação | verificados=8500 | lidos=7 | reaproveitados=8493
09/09/2026 16:28:36 | INFO | Indexação | verificados=8525 | lidos=7 | reaproveitados=8518
09/09/2026 16:28:36 | INFO | Indexação | verificados=8550 | lidos=7 | reaproveitados=8543
09/09/2026 16:28:37 | INFO | Indexação | verificados=8575 | lidos=7 | reaproveitados=8568
09/09/2026 16:28:37 | INFO | Indexação | verificados=8600 | lidos=7 | reaproveitados=8593
09/09/2026 16:28:37 | INFO | Indexação | verificados=8625 | lidos=7 | reaproveitados=8618
09/09/2026 16:28:37 | INFO | Indexação | verificados=8650 | lidos=7 | reaproveitados=8643
09/09/2026 16:28:37 | INFO | Indexação | verificados=8675 | lidos=7 | reaproveitados=8668
09/09/2026 16:28:37 | INFO | Indexação | verificados=8700 | lidos=7 | reaproveitados=8693
09/09/2026 16:28:37 | INFO | Indexação | verificados=8725 | lidos=7 | reaproveitados=8718
09/09/2026 16:28:37 | INFO | Indexação | verificados=8750 | lidos=7 | reaproveitados=8743
09/09/2026 16:28:37 | INFO | Indexação | verificados=8775 | lidos=7 | reaproveitados=8768
09/09/2026 16:28:37 | INFO | Indexação | verificados=8800 | lidos=7 | reaproveitados=8793
09/09/2026 16:28:38 | INFO | Indexação | verificados=8825 | lidos=7 | reaproveitados=8818
09/09/2026 16:28:38 | INFO | Indexação | verificados=8850 | lidos=7 | reaproveitados=8843
09/09/2026 16:28:38 | INFO | Indexação | verificados=8875 | lidos=7 | reaproveitados=8868
09/09/2026 16:28:38 | INFO | Indexação | verificados=8900 | lidos=7 | reaproveitados=8893
09/09/2026 16:28:38 | INFO | Indexação | verificados=8925 | lidos=7 | reaproveitados=8918
09/09/2026 16:28:38 | INFO | Indexação | verificados=8950 | lidos=7 | reaproveitados=8943
09/09/2026 16:28:38 | INFO | Indexação | verificados=8975 | lidos=7 | reaproveitados=8968
09/09/2026 16:28:38 | INFO | Indexação | verificados=9000 | lidos=7 | reaproveitados=8993
09/09/2026 16:28:38 | INFO | Indexação | verificados=9025 | lidos=7 | reaproveitados=9018
09/09/2026 16:28:39 | INFO | Indexação | verificados=9050 | lidos=7 | reaproveitados=9043
09/09/2026 16:28:39 | INFO | Indexação | verificados=9075 | lidos=7 | reaproveitados=9068
09/09/2026 16:28:39 | INFO | Indexação | verificados=9100 | lidos=7 | reaproveitados=9093
09/09/2026 16:28:39 | INFO | Indexação | verificados=9125 | lidos=7 | reaproveitados=9118
09/09/2026 16:28:39 | INFO | Indexação | verificados=9150 | lidos=7 | reaproveitados=9143
09/09/2026 16:28:39 | INFO | Indexação | verificados=9175 | lidos=7 | reaproveitados=9168
09/09/2026 16:28:39 | INFO | Indexação | verificados=9200 | lidos=7 | reaproveitados=9193
09/09/2026 16:28:39 | INFO | Indexação | verificados=9225 | lidos=7 | reaproveitados=9218
09/09/2026 16:28:40 | INFO | Indexação | verificados=9250 | lidos=7 | reaproveitados=9243
09/09/2026 16:28:40 | INFO | Indexação | verificados=9275 | lidos=7 | reaproveitados=9268
09/09/2026 16:28:40 | INFO | Indexação | verificados=9300 | lidos=7 | reaproveitados=9293
09/09/2026 16:28:40 | INFO | Indexação | verificados=9325 | lidos=7 | reaproveitados=9318
09/09/2026 16:28:40 | INFO | Indexação | verificados=9350 | lidos=7 | reaproveitados=9343
09/09/2026 16:28:40 | INFO | Indexação | verificados=9375 | lidos=7 | reaproveitados=9368
09/09/2026 16:28:40 | INFO | Indexação | verificados=9400 | lidos=7 | reaproveitados=9393
09/09/2026 16:28:40 | INFO | Indexação | verificados=9425 | lidos=7 | reaproveitados=9418
09/09/2026 16:28:40 | INFO | Indexação | verificados=9450 | lidos=7 | reaproveitados=9443
09/09/2026 16:28:41 | INFO | Indexação | verificados=9475 | lidos=7 | reaproveitados=9468
09/09/2026 16:28:41 | INFO | Indexação | verificados=9500 | lidos=7 | reaproveitados=9493
09/09/2026 16:28:41 | WARNING | PDF não indexado | arquivo=F:\Documentos\Rafael\AGRO MISSIO LTDA\1º ALTERAÇÃO\~$EQUADO mascarelo fabiano INSTRUMENTO DOAÇÃO - AGRO MISSIO alteraçoes a pedido do fabiano (1).pdf | motivo=PdfStreamError: Stream has ended unexpectedly
09/09/2026 16:28:41 | WARNING | PDF não indexado | arquivo=F:\Documentos\Rafael\AGRO MISSIO LTDA\1º ALTERAÇÃO\~$EQUADO mascarelo fabiano MPG-182-MINUTA - AGRO MISSIO LTDA - 1º alt.pdf | motivo=PdfStreamError: Stream has ended unexpectedly
09/09/2026 16:28:41 | WARNING | PDF não indexado | arquivo=F:\Documentos\Rafael\AGRO MISSIO LTDA\1º ALTERAÇÃO\~$INSTRUMENTO DOAÇÃO - AGRO MISSIO para FABIANO MISSIO - 04.03.2024 - Correção número RG Fabiano 5-3-24 fabiano assinou.pdf | motivo=PdfStreamError: Stream has ended unexpectedly
09/09/2026 16:28:41 | INFO | Indexação | verificados=9525 | lidos=10 | reaproveitados=9515
09/09/2026 16:28:41 | INFO | Indexação | verificados=9550 | lidos=10 | reaproveitados=9540
09/09/2026 16:28:41 | INFO | Indexação | verificados=9575 | lidos=10 | reaproveitados=9565
09/09/2026 16:28:41 | INFO | Indexação | verificados=9600 | lidos=10 | reaproveitados=9590
09/09/2026 16:28:41 | INFO | Indexação | verificados=9625 | lidos=10 | reaproveitados=9615
09/09/2026 16:28:42 | INFO | Indexação | verificados=9650 | lidos=10 | reaproveitados=9640
09/09/2026 16:28:42 | INFO | Indexação | verificados=9675 | lidos=10 | reaproveitados=9665
09/09/2026 16:28:42 | INFO | Indexação | verificados=9700 | lidos=10 | reaproveitados=9690
09/09/2026 16:28:42 | INFO | Indexação | verificados=9725 | lidos=10 | reaproveitados=9715
09/09/2026 16:28:42 | INFO | Indexação | verificados=9750 | lidos=10 | reaproveitados=9740
09/09/2026 16:28:42 | INFO | Indexação | verificados=9775 | lidos=10 | reaproveitados=9765
09/09/2026 16:28:42 | INFO | Indexação | verificados=9800 | lidos=10 | reaproveitados=9790
09/09/2026 16:28:42 | INFO | Indexação | verificados=9825 | lidos=10 | reaproveitados=9815
09/09/2026 16:28:42 | INFO | Indexação | verificados=9850 | lidos=10 | reaproveitados=9840
09/09/2026 16:28:43 | INFO | Indexação | verificados=9875 | lidos=10 | reaproveitados=9865
09/09/2026 16:28:43 | INFO | Indexação | verificados=9900 | lidos=10 | reaproveitados=9890
09/09/2026 16:28:43 | INFO | Indexação | verificados=9925 | lidos=10 | reaproveitados=9915
09/09/2026 16:28:43 | INFO | Indexação | verificados=9950 | lidos=10 | reaproveitados=9940
09/09/2026 16:28:43 | INFO | Indexação | verificados=9975 | lidos=10 | reaproveitados=9965
09/09/2026 16:28:43 | INFO | Indexação | verificados=10000 | lidos=10 | reaproveitados=9990
09/09/2026 16:28:43 | INFO | Indexação | verificados=10025 | lidos=10 | reaproveitados=10015
09/09/2026 16:28:43 | INFO | Indexação | verificados=10050 | lidos=10 | reaproveitados=10040
09/09/2026 16:28:43 | INFO | Indexação | verificados=10075 | lidos=10 | reaproveitados=10065
09/09/2026 16:28:44 | INFO | Indexação | verificados=10100 | lidos=10 | reaproveitados=10090
09/09/2026 16:28:44 | INFO | Indexação | verificados=10125 | lidos=10 | reaproveitados=10115
09/09/2026 16:28:44 | INFO | Indexação | verificados=10150 | lidos=10 | reaproveitados=10140
09/09/2026 16:28:44 | INFO | Indexação | verificados=10175 | lidos=10 | reaproveitados=10165
09/09/2026 16:28:44 | INFO | Indexação | verificados=10200 | lidos=10 | reaproveitados=10190
09/09/2026 16:28:44 | INFO | Indexação | verificados=10225 | lidos=10 | reaproveitados=10215
09/09/2026 16:28:44 | INFO | Indexação | verificados=10250 | lidos=10 | reaproveitados=10240
09/09/2026 16:28:44 | INFO | Indexação | verificados=10275 | lidos=10 | reaproveitados=10265
09/09/2026 16:28:45 | INFO | Indexação | verificados=10300 | lidos=10 | reaproveitados=10290
09/09/2026 16:28:45 | INFO | Indexação | verificados=10325 | lidos=10 | reaproveitados=10315
09/09/2026 16:28:45 | INFO | Indexação | verificados=10350 | lidos=10 | reaproveitados=10340
09/09/2026 16:28:45 | INFO | Indexação | verificados=10375 | lidos=10 | reaproveitados=10365
09/09/2026 16:28:45 | INFO | Indexação | verificados=10400 | lidos=10 | reaproveitados=10390
09/09/2026 16:28:45 | INFO | Indexação | verificados=10425 | lidos=10 | reaproveitados=10415
09/09/2026 16:28:45 | INFO | Indexação | verificados=10450 | lidos=10 | reaproveitados=10440
09/09/2026 16:28:45 | INFO | Indexação | verificados=10475 | lidos=10 | reaproveitados=10465
09/09/2026 16:28:46 | INFO | Indexação | verificados=10500 | lidos=10 | reaproveitados=10490
09/09/2026 16:28:46 | INFO | Indexação | verificados=10525 | lidos=10 | reaproveitados=10515
09/09/2026 16:28:46 | INFO | Indexação | verificados=10550 | lidos=10 | reaproveitados=10540
09/09/2026 16:28:46 | INFO | Indexação | verificados=10575 | lidos=10 | reaproveitados=10565
09/09/2026 16:28:46 | INFO | Indexação | verificados=10600 | lidos=10 | reaproveitados=10590
09/09/2026 16:28:46 | INFO | Indexação | verificados=10625 | lidos=10 | reaproveitados=10615
09/09/2026 16:28:46 | INFO | Indexação | verificados=10650 | lidos=10 | reaproveitados=10640
09/09/2026 16:28:46 | INFO | Indexação | verificados=10675 | lidos=10 | reaproveitados=10665
09/09/2026 16:28:46 | INFO | Indexação | verificados=10700 | lidos=10 | reaproveitados=10690
09/09/2026 16:28:47 | INFO | Indexação | verificados=10725 | lidos=10 | reaproveitados=10715
09/09/2026 16:28:47 | INFO | Indexação | verificados=10750 | lidos=10 | reaproveitados=10740
09/09/2026 16:28:47 | INFO | Indexação | verificados=10775 | lidos=10 | reaproveitados=10765
09/09/2026 16:28:47 | INFO | Indexação | verificados=10800 | lidos=10 | reaproveitados=10790
09/09/2026 16:28:47 | INFO | Indexação | verificados=10825 | lidos=10 | reaproveitados=10815
09/09/2026 16:28:47 | INFO | Indexação | verificados=10850 | lidos=10 | reaproveitados=10840
09/09/2026 16:28:47 | INFO | Indexação | verificados=10875 | lidos=10 | reaproveitados=10865
09/09/2026 16:28:47 | INFO | Indexação | verificados=10900 | lidos=10 | reaproveitados=10890
09/09/2026 16:28:48 | INFO | Indexação | verificados=10925 | lidos=10 | reaproveitados=10915
09/09/2026 16:28:48 | INFO | Indexação | verificados=10950 | lidos=10 | reaproveitados=10940
09/09/2026 16:28:48 | INFO | Indexação | verificados=10975 | lidos=10 | reaproveitados=10965
09/09/2026 16:28:48 | INFO | Indexação | verificados=11000 | lidos=10 | reaproveitados=10990
09/09/2026 16:28:48 | INFO | Indexação | verificados=11025 | lidos=10 | reaproveitados=11015
09/09/2026 16:28:48 | INFO | Indexação | verificados=11050 | lidos=10 | reaproveitados=11040
09/09/2026 16:28:48 | INFO | Indexação | verificados=11075 | lidos=10 | reaproveitados=11065
09/09/2026 16:28:48 | INFO | Indexação | verificados=11100 | lidos=10 | reaproveitados=11090
09/09/2026 16:28:49 | INFO | Indexação | verificados=11125 | lidos=10 | reaproveitados=11115
09/09/2026 16:28:49 | INFO | Indexação | verificados=11150 | lidos=10 | reaproveitados=11140
09/09/2026 16:28:49 | INFO | Indexação | verificados=11175 | lidos=10 | reaproveitados=11165
09/09/2026 16:28:49 | INFO | Indexação | verificados=11200 | lidos=10 | reaproveitados=11190
09/09/2026 16:28:49 | INFO | Indexação | verificados=11225 | lidos=10 | reaproveitados=11215
09/09/2026 16:28:49 | INFO | Indexação | verificados=11250 | lidos=10 | reaproveitados=11240
09/09/2026 16:28:49 | INFO | Indexação | verificados=11275 | lidos=10 | reaproveitados=11265
09/09/2026 16:28:49 | INFO | Indexação | verificados=11300 | lidos=10 | reaproveitados=11290
09/09/2026 16:28:49 | INFO | Indexação | verificados=11325 | lidos=10 | reaproveitados=11315
09/09/2026 16:28:50 | INFO | Indexação | verificados=11350 | lidos=10 | reaproveitados=11340
09/09/2026 16:28:50 | INFO | Indexação | verificados=11375 | lidos=10 | reaproveitados=11365
09/09/2026 16:28:50 | INFO | Indexação | verificados=11400 | lidos=10 | reaproveitados=11390
09/09/2026 16:28:51 | INFO | Indexação | verificados=11425 | lidos=12 | reaproveitados=11413
09/09/2026 16:28:51 | INFO | Indexação | verificados=11450 | lidos=12 | reaproveitados=11438
09/09/2026 16:28:51 | INFO | Indexação | verificados=11475 | lidos=12 | reaproveitados=11463
09/09/2026 16:28:51 | INFO | Indexação | verificados=11500 | lidos=12 | reaproveitados=11488
09/09/2026 16:28:51 | INFO | Indexação | verificados=11525 | lidos=12 | reaproveitados=11513
09/09/2026 16:28:51 | INFO | Indexação | verificados=11550 | lidos=12 | reaproveitados=11538
09/09/2026 16:28:51 | INFO | Indexação | verificados=11575 | lidos=12 | reaproveitados=11563
09/09/2026 16:28:51 | INFO | Indexação | verificados=11600 | lidos=12 | reaproveitados=11588
09/09/2026 16:28:52 | INFO | Indexação | verificados=11625 | lidos=13 | reaproveitados=11612
09/09/2026 16:28:52 | INFO | Indexação | verificados=11650 | lidos=13 | reaproveitados=11637
09/09/2026 16:28:52 | INFO | Indexação | verificados=11675 | lidos=13 | reaproveitados=11662
09/09/2026 16:28:52 | INFO | Indexação | verificados=11700 | lidos=13 | reaproveitados=11687
09/09/2026 16:28:52 | INFO | Indexação | verificados=11725 | lidos=13 | reaproveitados=11712
09/09/2026 16:28:52 | INFO | Indexação | verificados=11750 | lidos=13 | reaproveitados=11737
09/09/2026 16:28:53 | INFO | Indexação | verificados=11775 | lidos=13 | reaproveitados=11762
09/09/2026 16:28:53 | INFO | Indexação | verificados=11800 | lidos=13 | reaproveitados=11787
09/09/2026 16:28:53 | INFO | Indexação | verificados=11825 | lidos=13 | reaproveitados=11812
09/09/2026 16:28:53 | INFO | Indexação | verificados=11850 | lidos=13 | reaproveitados=11837
09/09/2026 16:28:53 | INFO | Indexação | verificados=11875 | lidos=13 | reaproveitados=11862
09/09/2026 16:28:53 | INFO | Indexação | verificados=11900 | lidos=13 | reaproveitados=11887
09/09/2026 16:28:53 | INFO | Indexação | verificados=11925 | lidos=13 | reaproveitados=11912
09/09/2026 16:28:53 | INFO | Indexação | verificados=11950 | lidos=13 | reaproveitados=11937
09/09/2026 16:28:54 | INFO | Indexação | verificados=11975 | lidos=13 | reaproveitados=11962
09/09/2026 16:28:54 | INFO | Indexação | verificados=12000 | lidos=13 | reaproveitados=11987
09/09/2026 16:28:54 | INFO | Indexação | verificados=12025 | lidos=13 | reaproveitados=12012
09/09/2026 16:28:54 | INFO | Indexação | verificados=12050 | lidos=13 | reaproveitados=12037
09/09/2026 16:28:54 | INFO | Indexação | verificados=12075 | lidos=13 | reaproveitados=12062
09/09/2026 16:28:54 | INFO | Indexação | verificados=12100 | lidos=13 | reaproveitados=12087
09/09/2026 16:28:54 | INFO | Indexação | verificados=12125 | lidos=13 | reaproveitados=12112
09/09/2026 16:28:54 | INFO | Indexação | verificados=12150 | lidos=13 | reaproveitados=12137
09/09/2026 16:28:54 | INFO | Indexação | verificados=12175 | lidos=13 | reaproveitados=12162
09/09/2026 16:28:55 | INFO | Indexação | verificados=12200 | lidos=13 | reaproveitados=12187
09/09/2026 16:28:55 | INFO | Indexação | verificados=12225 | lidos=13 | reaproveitados=12212
09/09/2026 16:28:55 | INFO | Indexação | verificados=12250 | lidos=13 | reaproveitados=12237
09/09/2026 16:28:55 | INFO | Indexação | verificados=12275 | lidos=13 | reaproveitados=12262
09/09/2026 16:28:55 | INFO | Indexação | verificados=12300 | lidos=13 | reaproveitados=12287
09/09/2026 16:28:55 | INFO | Indexação | verificados=12325 | lidos=13 | reaproveitados=12312
09/09/2026 16:28:55 | INFO | Indexação | verificados=12350 | lidos=13 | reaproveitados=12337
09/09/2026 16:28:55 | INFO | Indexação | verificados=12375 | lidos=13 | reaproveitados=12362
09/09/2026 16:28:56 | INFO | Indexação | verificados=12400 | lidos=13 | reaproveitados=12387
09/09/2026 16:28:56 | INFO | Indexação | verificados=12425 | lidos=13 | reaproveitados=12412
09/09/2026 16:28:56 | INFO | Indexação | verificados=12450 | lidos=13 | reaproveitados=12437
09/09/2026 16:28:56 | INFO | Indexação | verificados=12475 | lidos=13 | reaproveitados=12462
09/09/2026 16:28:56 | INFO | Indexação | verificados=12500 | lidos=13 | reaproveitados=12487
09/09/2026 16:28:56 | INFO | Indexação | verificados=12525 | lidos=13 | reaproveitados=12512
09/09/2026 16:28:56 | INFO | Indexação | verificados=12550 | lidos=13 | reaproveitados=12537
09/09/2026 16:28:56 | INFO | Indexação | verificados=12575 | lidos=13 | reaproveitados=12562
09/09/2026 16:28:57 | INFO | Indexação | verificados=12600 | lidos=13 | reaproveitados=12587
09/09/2026 16:28:57 | INFO | Indexação | verificados=12625 | lidos=13 | reaproveitados=12612
09/09/2026 16:28:57 | INFO | Indexação | verificados=12650 | lidos=13 | reaproveitados=12637
09/09/2026 16:28:57 | INFO | Indexação | verificados=12675 | lidos=13 | reaproveitados=12662
09/09/2026 16:28:57 | INFO | Indexação | verificados=12700 | lidos=13 | reaproveitados=12687
09/09/2026 16:28:57 | INFO | Indexação | verificados=12725 | lidos=13 | reaproveitados=12712
09/09/2026 16:28:57 | INFO | Indexação | verificados=12750 | lidos=13 | reaproveitados=12737
09/09/2026 16:28:57 | INFO | Indexação | verificados=12775 | lidos=13 | reaproveitados=12762
09/09/2026 16:28:58 | INFO | Indexação | verificados=12800 | lidos=13 | reaproveitados=12787
09/09/2026 16:28:58 | INFO | Indexação | verificados=12825 | lidos=13 | reaproveitados=12812
09/09/2026 16:28:58 | INFO | Indexação | verificados=12850 | lidos=13 | reaproveitados=12837
09/09/2026 16:28:58 | INFO | Indexação | verificados=12875 | lidos=13 | reaproveitados=12862
09/09/2026 16:28:58 | INFO | Indexação | verificados=12900 | lidos=13 | reaproveitados=12887
09/09/2026 16:28:58 | INFO | Indexação | verificados=12925 | lidos=13 | reaproveitados=12912
09/09/2026 16:28:58 | INFO | Indexação | verificados=12950 | lidos=13 | reaproveitados=12937
09/09/2026 16:28:58 | INFO | Indexação | verificados=12975 | lidos=13 | reaproveitados=12962
09/09/2026 16:28:59 | INFO | Indexação | verificados=13000 | lidos=13 | reaproveitados=12987
09/09/2026 16:28:59 | INFO | Indexação | verificados=13025 | lidos=13 | reaproveitados=13012
09/09/2026 16:28:59 | INFO | Indexação | verificados=13050 | lidos=13 | reaproveitados=13037
09/09/2026 16:28:59 | INFO | Indexação | verificados=13075 | lidos=13 | reaproveitados=13062
09/09/2026 16:28:59 | INFO | Indexação | verificados=13100 | lidos=13 | reaproveitados=13087
09/09/2026 16:28:59 | INFO | Indexação | verificados=13125 | lidos=13 | reaproveitados=13112
09/09/2026 16:28:59 | INFO | Indexação | verificados=13150 | lidos=13 | reaproveitados=13137
09/09/2026 16:28:59 | INFO | Indexação | verificados=13175 | lidos=13 | reaproveitados=13162
09/09/2026 16:29:00 | INFO | Indexação | verificados=13200 | lidos=13 | reaproveitados=13187
09/09/2026 16:29:00 | INFO | Indexação | verificados=13225 | lidos=13 | reaproveitados=13212
09/09/2026 16:29:00 | INFO | Indexação | verificados=13250 | lidos=13 | reaproveitados=13237
09/09/2026 16:29:00 | INFO | Indexação | verificados=13275 | lidos=13 | reaproveitados=13262
09/09/2026 16:29:00 | INFO | Indexação | verificados=13300 | lidos=13 | reaproveitados=13287
09/09/2026 16:29:00 | INFO | Indexação | verificados=13325 | lidos=13 | reaproveitados=13312
09/09/2026 16:29:00 | INFO | Indexação | verificados=13350 | lidos=13 | reaproveitados=13337
09/09/2026 16:29:00 | INFO | Indexação | verificados=13375 | lidos=13 | reaproveitados=13362
09/09/2026 16:29:00 | INFO | Indexação | verificados=13400 | lidos=13 | reaproveitados=13387
09/09/2026 16:29:01 | INFO | Indexação | verificados=13425 | lidos=13 | reaproveitados=13412
09/09/2026 16:29:01 | INFO | Indexação | verificados=13450 | lidos=13 | reaproveitados=13437
09/09/2026 16:29:01 | INFO | Indexação | verificados=13475 | lidos=13 | reaproveitados=13462
09/09/2026 16:29:01 | INFO | Indexação | verificados=13500 | lidos=13 | reaproveitados=13487
09/09/2026 16:29:01 | INFO | Indexação | verificados=13525 | lidos=13 | reaproveitados=13512
09/09/2026 16:29:01 | INFO | Indexação | verificados=13550 | lidos=13 | reaproveitados=13537
09/09/2026 16:29:01 | INFO | Indexação | verificados=13575 | lidos=13 | reaproveitados=13562
09/09/2026 16:29:01 | INFO | Indexação | verificados=13600 | lidos=13 | reaproveitados=13587
09/09/2026 16:29:01 | INFO | Indexação | verificados=13625 | lidos=13 | reaproveitados=13612
09/09/2026 16:29:02 | INFO | Indexação | verificados=13650 | lidos=13 | reaproveitados=13637
09/09/2026 16:29:02 | INFO | Indexação | verificados=13675 | lidos=13 | reaproveitados=13662
09/09/2026 16:29:02 | INFO | Indexação | verificados=13700 | lidos=13 | reaproveitados=13687
09/09/2026 16:29:02 | INFO | Indexação | verificados=13725 | lidos=13 | reaproveitados=13712
09/09/2026 16:29:02 | INFO | Indexação | verificados=13750 | lidos=13 | reaproveitados=13737
09/09/2026 16:29:02 | INFO | Indexação | verificados=13775 | lidos=13 | reaproveitados=13762
09/09/2026 16:29:02 | INFO | Indexação | verificados=13800 | lidos=13 | reaproveitados=13787
09/09/2026 16:29:02 | WARNING | PDF não indexado | arquivo=F:\Documentos\Rafael\BOA SORTE AGROPECUÁRIA\NOTIFICAÇÕES\INTIMAÇÃO FISCAL - 53541.1827.68.2024\~$TIMAÇÃO FISCAL - 53541.1827.68.2024.pdf | motivo=PdfStreamError: Stream has ended unexpectedly
09/09/2026 16:29:02 | INFO | Indexação | verificados=13825 | lidos=14 | reaproveitados=13811
09/09/2026 16:29:03 | INFO | Indexação | verificados=13850 | lidos=14 | reaproveitados=13836
09/09/2026 16:29:03 | INFO | Indexação | verificados=13875 | lidos=14 | reaproveitados=13861
09/09/2026 16:29:03 | INFO | Indexação | verificados=13900 | lidos=14 | reaproveitados=13886
09/09/2026 16:29:03 | INFO | Indexação | verificados=13925 | lidos=14 | reaproveitados=13911
09/09/2026 16:29:03 | INFO | Indexação | verificados=13950 | lidos=14 | reaproveitados=13936
09/09/2026 16:29:03 | INFO | Indexação | verificados=13975 | lidos=14 | reaproveitados=13961
09/09/2026 16:29:03 | INFO | Indexação | verificados=14000 | lidos=14 | reaproveitados=13986
09/09/2026 16:29:03 | INFO | Indexação | verificados=14025 | lidos=14 | reaproveitados=14011
09/09/2026 16:29:04 | INFO | Indexação | verificados=14050 | lidos=14 | reaproveitados=14036
09/09/2026 16:29:04 | INFO | Indexação | verificados=14075 | lidos=14 | reaproveitados=14061
09/09/2026 16:29:04 | INFO | Indexação | verificados=14100 | lidos=14 | reaproveitados=14086
09/09/2026 16:29:04 | INFO | Indexação | verificados=14125 | lidos=14 | reaproveitados=14111
09/09/2026 16:29:04 | INFO | Indexação | verificados=14150 | lidos=14 | reaproveitados=14136
09/09/2026 16:29:04 | INFO | Indexação | verificados=14175 | lidos=14 | reaproveitados=14161
09/09/2026 16:29:05 | INFO | Indexação | verificados=14200 | lidos=14 | reaproveitados=14186
09/09/2026 16:29:05 | INFO | Indexação | verificados=14225 | lidos=14 | reaproveitados=14211
09/09/2026 16:29:05 | INFO | Indexação | verificados=14250 | lidos=14 | reaproveitados=14236
09/09/2026 16:29:05 | INFO | Indexação | verificados=14275 | lidos=14 | reaproveitados=14261
09/09/2026 16:29:05 | INFO | Indexação | verificados=14300 | lidos=14 | reaproveitados=14286
09/09/2026 16:29:05 | INFO | Indexação | verificados=14325 | lidos=14 | reaproveitados=14311
09/09/2026 16:29:05 | INFO | Indexação | verificados=14350 | lidos=14 | reaproveitados=14336
09/09/2026 16:29:06 | INFO | Indexação | verificados=14375 | lidos=14 | reaproveitados=14361
09/09/2026 16:29:06 | INFO | Indexação | verificados=14400 | lidos=14 | reaproveitados=14386
09/09/2026 16:29:06 | INFO | Indexação | verificados=14425 | lidos=14 | reaproveitados=14411
09/09/2026 16:29:06 | INFO | Indexação | verificados=14450 | lidos=14 | reaproveitados=14436
09/09/2026 16:29:06 | INFO | Indexação | verificados=14475 | lidos=14 | reaproveitados=14461
09/09/2026 16:29:06 | INFO | Indexação | verificados=14500 | lidos=14 | reaproveitados=14486
09/09/2026 16:29:06 | INFO | Indexação | verificados=14525 | lidos=14 | reaproveitados=14511
09/09/2026 16:29:07 | INFO | Indexação | verificados=14550 | lidos=14 | reaproveitados=14536
09/09/2026 16:29:07 | INFO | Indexação | verificados=14575 | lidos=14 | reaproveitados=14561
09/09/2026 16:29:07 | INFO | Indexação | verificados=14600 | lidos=14 | reaproveitados=14586
09/09/2026 16:29:07 | INFO | Indexação | verificados=14625 | lidos=14 | reaproveitados=14611
09/09/2026 16:29:07 | INFO | Indexação | verificados=14650 | lidos=14 | reaproveitados=14636
09/09/2026 16:29:07 | INFO | Indexação | verificados=14675 | lidos=14 | reaproveitados=14661
09/09/2026 16:29:07 | INFO | Indexação | verificados=14700 | lidos=14 | reaproveitados=14686
09/09/2026 16:29:08 | INFO | Indexação | verificados=14725 | lidos=14 | reaproveitados=14711
09/09/2026 16:29:08 | INFO | Indexação | verificados=14750 | lidos=14 | reaproveitados=14736
09/09/2026 16:29:08 | WARNING | PDF não indexado | arquivo=F:\Documentos\Rafael\BRASIL AGROPULSES\PRODEIC\Prodeic\2018\6 -Junho\Comprovantes de Pagamentos - 06.07.2018.pdf | motivo=PdfStreamError: Stream has ended unexpectedly
09/09/2026 16:29:08 | INFO | Indexação | verificados=14775 | lidos=15 | reaproveitados=14760
09/09/2026 16:29:08 | INFO | Indexação | verificados=14800 | lidos=15 | reaproveitados=14785
09/09/2026 16:29:08 | INFO | Indexação | verificados=14825 | lidos=15 | reaproveitados=14810
09/09/2026 16:29:08 | INFO | Indexação | verificados=14850 | lidos=15 | reaproveitados=14835
09/09/2026 16:29:08 | INFO | Indexação | verificados=14875 | lidos=15 | reaproveitados=14860
09/09/2026 16:29:09 | INFO | Indexação | verificados=14900 | lidos=15 | reaproveitados=14885
09/09/2026 16:29:09 | INFO | Indexação | verificados=14925 | lidos=15 | reaproveitados=14910
09/09/2026 16:29:09 | INFO | Indexação | verificados=14950 | lidos=15 | reaproveitados=14935
09/09/2026 16:29:09 | INFO | Indexação | verificados=14975 | lidos=15 | reaproveitados=14960
09/09/2026 16:29:09 | INFO | Indexação | verificados=15000 | lidos=15 | reaproveitados=14985
09/09/2026 16:29:09 | INFO | Indexação | verificados=15025 | lidos=15 | reaproveitados=15010
09/09/2026 16:29:10 | INFO | Indexação | verificados=15050 | lidos=15 | reaproveitados=15035
09/09/2026 16:29:10 | INFO | Indexação | verificados=15075 | lidos=15 | reaproveitados=15060
09/09/2026 16:29:10 | INFO | Indexação | verificados=15100 | lidos=15 | reaproveitados=15085
09/09/2026 16:29:10 | INFO | Indexação | verificados=15125 | lidos=15 | reaproveitados=15110
09/09/2026 16:29:10 | INFO | Indexação | verificados=15150 | lidos=15 | reaproveitados=15135
09/09/2026 16:29:10 | INFO | Indexação | verificados=15175 | lidos=15 | reaproveitados=15160
09/09/2026 16:29:10 | INFO | Indexação | verificados=15200 | lidos=15 | reaproveitados=15185
09/09/2026 16:29:11 | INFO | Indexação | verificados=15225 | lidos=15 | reaproveitados=15210
09/09/2026 16:29:11 | INFO | Indexação | verificados=15250 | lidos=15 | reaproveitados=15235
09/09/2026 16:29:11 | INFO | Indexação | verificados=15275 | lidos=15 | reaproveitados=15260
09/09/2026 16:29:11 | INFO | Indexação | verificados=15300 | lidos=15 | reaproveitados=15285
09/09/2026 16:29:11 | INFO | Indexação | verificados=15325 | lidos=15 | reaproveitados=15310
09/09/2026 16:29:11 | INFO | Indexação | verificados=15350 | lidos=15 | reaproveitados=15335
09/09/2026 16:29:11 | INFO | Indexação | verificados=15375 | lidos=15 | reaproveitados=15360
09/09/2026 16:29:12 | INFO | Indexação | verificados=15400 | lidos=15 | reaproveitados=15385
09/09/2026 16:29:12 | INFO | Indexação | verificados=15425 | lidos=15 | reaproveitados=15410
09/09/2026 16:29:12 | WARNING | PDF não indexado | arquivo=F:\Documentos\Rafael\BRASIL AGROPULSES\PRODEIC\Prodeic\Prodeic - DOCUMENTOS JO BRASIL\2018\6 -Junho\Comprovantes de Pagamentos - 06.07.2018.pdf | motivo=PdfStreamError: Stream has ended unexpectedly
09/09/2026 16:29:12 | INFO | Indexação | verificados=15450 | lidos=16 | reaproveitados=15434
09/09/2026 16:29:12 | INFO | Indexação | verificados=15475 | lidos=16 | reaproveitados=15459
09/09/2026 16:29:12 | INFO | Indexação | verificados=15500 | lidos=16 | reaproveitados=15484
09/09/2026 16:29:12 | INFO | Indexação | verificados=15525 | lidos=16 | reaproveitados=15509
09/09/2026 16:29:13 | INFO | Indexação | verificados=15550 | lidos=16 | reaproveitados=15534
09/09/2026 16:29:13 | INFO | Indexação | verificados=15575 | lidos=16 | reaproveitados=15559
09/09/2026 16:29:13 | INFO | Indexação | verificados=15600 | lidos=16 | reaproveitados=15584
09/09/2026 16:29:13 | INFO | Indexação | verificados=15625 | lidos=16 | reaproveitados=15609
09/09/2026 16:29:13 | INFO | Indexação | verificados=15650 | lidos=16 | reaproveitados=15634
09/09/2026 16:29:13 | INFO | Indexação | verificados=15675 | lidos=16 | reaproveitados=15659
09/09/2026 16:29:14 | INFO | Indexação | verificados=15700 | lidos=16 | reaproveitados=15684
09/09/2026 16:29:14 | INFO | Indexação | verificados=15725 | lidos=16 | reaproveitados=15709
09/09/2026 16:29:14 | INFO | Indexação | verificados=15750 | lidos=16 | reaproveitados=15734
09/09/2026 16:29:14 | INFO | Indexação | verificados=15775 | lidos=16 | reaproveitados=15759
09/09/2026 16:29:14 | INFO | Indexação | verificados=15800 | lidos=16 | reaproveitados=15784
09/09/2026 16:29:15 | INFO | Indexação | verificados=15825 | lidos=16 | reaproveitados=15809
09/09/2026 16:29:15 | INFO | Indexação | verificados=15850 | lidos=16 | reaproveitados=15834
09/09/2026 16:29:15 | INFO | Indexação | verificados=15875 | lidos=16 | reaproveitados=15859
09/09/2026 16:29:15 | INFO | Indexação | verificados=15900 | lidos=16 | reaproveitados=15884
09/09/2026 16:29:15 | INFO | Indexação | verificados=15925 | lidos=16 | reaproveitados=15909
09/09/2026 16:29:15 | INFO | Indexação | verificados=15950 | lidos=16 | reaproveitados=15934
09/09/2026 16:29:16 | INFO | Indexação | verificados=15975 | lidos=16 | reaproveitados=15959
09/09/2026 16:29:16 | INFO | Indexação | verificados=16000 | lidos=16 | reaproveitados=15984
09/09/2026 16:29:16 | INFO | Indexação | verificados=16025 | lidos=16 | reaproveitados=16009
09/09/2026 16:29:16 | INFO | Indexação | verificados=16050 | lidos=16 | reaproveitados=16034
09/09/2026 16:29:16 | INFO | Indexação | verificados=16075 | lidos=16 | reaproveitados=16059
09/09/2026 16:29:16 | INFO | Indexação | verificados=16100 | lidos=16 | reaproveitados=16084
09/09/2026 16:29:17 | INFO | Indexação | verificados=16125 | lidos=16 | reaproveitados=16109
09/09/2026 16:29:17 | INFO | Indexação | verificados=16150 | lidos=16 | reaproveitados=16134
09/09/2026 16:29:17 | INFO | Indexação | verificados=16175 | lidos=16 | reaproveitados=16159
09/09/2026 16:29:17 | INFO | Indexação | verificados=16200 | lidos=16 | reaproveitados=16184
09/09/2026 16:29:17 | INFO | Indexação | verificados=16225 | lidos=16 | reaproveitados=16209
09/09/2026 16:29:17 | INFO | Indexação | verificados=16250 | lidos=16 | reaproveitados=16234
09/09/2026 16:29:17 | INFO | Indexação | verificados=16275 | lidos=16 | reaproveitados=16259
09/09/2026 16:29:17 | INFO | Indexação | verificados=16300 | lidos=16 | reaproveitados=16284
09/09/2026 16:29:17 | INFO | Indexação | verificados=16325 | lidos=16 | reaproveitados=16309
09/09/2026 16:29:18 | INFO | Indexação | verificados=16350 | lidos=16 | reaproveitados=16334
09/09/2026 16:29:18 | INFO | Indexação | verificados=16375 | lidos=16 | reaproveitados=16359
09/09/2026 16:29:18 | INFO | Indexação | verificados=16400 | lidos=16 | reaproveitados=16384
09/09/2026 16:29:18 | INFO | Indexação | verificados=16425 | lidos=16 | reaproveitados=16409
09/09/2026 16:29:18 | INFO | Indexação | verificados=16450 | lidos=16 | reaproveitados=16434
09/09/2026 16:29:18 | INFO | Indexação | verificados=16475 | lidos=16 | reaproveitados=16459
09/09/2026 16:29:18 | INFO | Indexação | verificados=16500 | lidos=16 | reaproveitados=16484
09/09/2026 16:29:18 | INFO | Indexação | verificados=16525 | lidos=16 | reaproveitados=16509
09/09/2026 16:29:19 | INFO | Indexação | verificados=16550 | lidos=16 | reaproveitados=16534
09/09/2026 16:29:19 | INFO | Indexação | verificados=16575 | lidos=16 | reaproveitados=16559
09/09/2026 16:29:19 | INFO | Indexação | verificados=16600 | lidos=16 | reaproveitados=16584
09/09/2026 16:29:19 | WARNING | PDF não indexado | arquivo=F:\Documentos\Rafael\CARAFFINI\DOCUMENTO VIGILANCIA - SC\~$- DEC01_Declaracao_de_Compromisso_Sanitaria.pdf | motivo=PdfStreamError: Stream has ended unexpectedly
09/09/2026 16:29:19 | INFO | Indexação | verificados=16625 | lidos=17 | reaproveitados=16608
09/09/2026 16:29:19 | INFO | Indexação | verificados=16650 | lidos=17 | reaproveitados=16633
09/09/2026 16:29:19 | INFO | Indexação | verificados=16675 | lidos=17 | reaproveitados=16658
09/09/2026 16:29:19 | INFO | Indexação | verificados=16700 | lidos=17 | reaproveitados=16683
09/09/2026 16:29:19 | INFO | Indexação | verificados=16725 | lidos=17 | reaproveitados=16708
09/09/2026 16:29:20 | INFO | Indexação | verificados=16750 | lidos=17 | reaproveitados=16733
09/09/2026 16:29:20 | INFO | Indexação | verificados=16775 | lidos=17 | reaproveitados=16758
09/09/2026 16:29:20 | INFO | Indexação | verificados=16800 | lidos=17 | reaproveitados=16783
09/09/2026 16:29:20 | INFO | Indexação | verificados=16825 | lidos=17 | reaproveitados=16808
09/09/2026 16:29:20 | INFO | Indexação | verificados=16850 | lidos=17 | reaproveitados=16833
09/09/2026 16:29:20 | INFO | Indexação | verificados=16875 | lidos=17 | reaproveitados=16858
09/09/2026 16:29:20 | INFO | Indexação | verificados=16900 | lidos=17 | reaproveitados=16883
09/09/2026 16:29:21 | INFO | Indexação | verificados=16925 | lidos=17 | reaproveitados=16908
09/09/2026 16:29:21 | INFO | Indexação | verificados=16950 | lidos=17 | reaproveitados=16933
09/09/2026 16:29:21 | INFO | Indexação | verificados=16975 | lidos=17 | reaproveitados=16958
09/09/2026 16:29:21 | INFO | Indexação | verificados=17000 | lidos=17 | reaproveitados=16983
09/09/2026 16:29:21 | INFO | Indexação | verificados=17025 | lidos=17 | reaproveitados=17008
09/09/2026 16:29:21 | INFO | Indexação | verificados=17050 | lidos=17 | reaproveitados=17033
09/09/2026 16:29:21 | INFO | Indexação | verificados=17075 | lidos=18 | reaproveitados=17057
09/09/2026 16:29:22 | INFO | Indexação | verificados=17100 | lidos=18 | reaproveitados=17082
09/09/2026 16:29:22 | INFO | Indexação | verificados=17125 | lidos=18 | reaproveitados=17107
09/09/2026 16:29:22 | INFO | Indexação | verificados=17150 | lidos=18 | reaproveitados=17132
09/09/2026 16:29:22 | INFO | Indexação | verificados=17175 | lidos=18 | reaproveitados=17157
09/09/2026 16:29:22 | INFO | Indexação | verificados=17200 | lidos=18 | reaproveitados=17182
09/09/2026 16:29:22 | INFO | Indexação | verificados=17225 | lidos=18 | reaproveitados=17207
09/09/2026 16:29:22 | INFO | Indexação | verificados=17250 | lidos=18 | reaproveitados=17232
09/09/2026 16:29:22 | INFO | Indexação | verificados=17275 | lidos=18 | reaproveitados=17257
09/09/2026 16:29:23 | INFO | Indexação | verificados=17300 | lidos=18 | reaproveitados=17282
09/09/2026 16:29:23 | INFO | Indexação | verificados=17325 | lidos=18 | reaproveitados=17307
09/09/2026 16:29:23 | INFO | Indexação | verificados=17350 | lidos=18 | reaproveitados=17332
09/09/2026 16:29:23 | INFO | Indexação | verificados=17375 | lidos=18 | reaproveitados=17357
09/09/2026 16:29:23 | WARNING | PDF não indexado | arquivo=F:\Documentos\Rafael\DAROIT IMOVEIS\DEFESA CRA\~$c. 1 - Razões de Defesa ao CRA-MT_Daroit Participações Ltda.pdf | motivo=PdfStreamError: Stream has ended unexpectedly
09/09/2026 16:29:23 | INFO | Indexação | verificados=17400 | lidos=19 | reaproveitados=17381
09/09/2026 16:29:23 | INFO | Indexação | verificados=17425 | lidos=19 | reaproveitados=17406
09/09/2026 16:29:23 | INFO | Indexação | verificados=17450 | lidos=19 | reaproveitados=17431
09/09/2026 16:29:24 | INFO | Indexação | verificados=17475 | lidos=19 | reaproveitados=17456
09/09/2026 16:29:24 | INFO | Indexação | verificados=17500 | lidos=19 | reaproveitados=17481
09/09/2026 16:29:24 | INFO | Indexação | verificados=17525 | lidos=19 | reaproveitados=17506
09/09/2026 16:29:24 | INFO | Indexação | verificados=17550 | lidos=19 | reaproveitados=17531
09/09/2026 16:29:24 | INFO | Indexação | verificados=17575 | lidos=19 | reaproveitados=17556
09/09/2026 16:29:24 | INFO | Indexação | verificados=17600 | lidos=19 | reaproveitados=17581
09/09/2026 16:29:24 | INFO | Indexação | verificados=17625 | lidos=19 | reaproveitados=17606
09/09/2026 16:29:24 | INFO | Indexação | verificados=17650 | lidos=19 | reaproveitados=17631
09/09/2026 16:29:24 | INFO | Indexação | verificados=17675 | lidos=19 | reaproveitados=17656
09/09/2026 16:29:25 | INFO | Indexação | verificados=17700 | lidos=19 | reaproveitados=17681
09/09/2026 16:29:25 | INFO | Indexação | verificados=17725 | lidos=19 | reaproveitados=17706
09/09/2026 16:29:25 | INFO | Indexação | verificados=17750 | lidos=19 | reaproveitados=17731
09/09/2026 16:29:25 | INFO | Indexação | verificados=17775 | lidos=19 | reaproveitados=17756
09/09/2026 16:29:25 | INFO | Indexação | verificados=17800 | lidos=19 | reaproveitados=17781
09/09/2026 16:29:25 | INFO | Indexação | verificados=17825 | lidos=19 | reaproveitados=17806
09/09/2026 16:29:25 | INFO | Indexação | verificados=17850 | lidos=19 | reaproveitados=17831
09/09/2026 16:29:25 | INFO | Indexação | verificados=17875 | lidos=19 | reaproveitados=17856
09/09/2026 16:29:26 | INFO | Indexação | verificados=17900 | lidos=19 | reaproveitados=17881
09/09/2026 16:29:26 | INFO | Indexação | verificados=17925 | lidos=19 | reaproveitados=17906
09/09/2026 16:29:26 | INFO | Indexação | verificados=17950 | lidos=19 | reaproveitados=17931
09/09/2026 16:29:26 | INFO | Indexação | verificados=17975 | lidos=19 | reaproveitados=17956
09/09/2026 16:29:26 | INFO | Indexação | verificados=18000 | lidos=19 | reaproveitados=17981
09/09/2026 16:29:26 | INFO | Indexação | verificados=18025 | lidos=19 | reaproveitados=18006
09/09/2026 16:29:26 | INFO | Indexação | verificados=18050 | lidos=19 | reaproveitados=18031
09/09/2026 16:29:26 | INFO | Indexação | verificados=18075 | lidos=19 | reaproveitados=18056
09/09/2026 16:29:27 | INFO | Indexação | verificados=18100 | lidos=19 | reaproveitados=18081
09/09/2026 16:29:27 | INFO | Indexação | verificados=18125 | lidos=19 | reaproveitados=18106
09/09/2026 16:29:27 | INFO | Indexação | verificados=18150 | lidos=19 | reaproveitados=18131
09/09/2026 16:29:27 | INFO | Indexação | verificados=18175 | lidos=19 | reaproveitados=18156
09/09/2026 16:29:27 | INFO | Indexação | verificados=18200 | lidos=19 | reaproveitados=18181
09/09/2026 16:29:28 | INFO | Indexação | verificados=18225 | lidos=23 | reaproveitados=18202
09/09/2026 16:29:28 | INFO | Indexação | verificados=18250 | lidos=23 | reaproveitados=18227
09/09/2026 16:29:28 | INFO | Indexação | verificados=18275 | lidos=23 | reaproveitados=18252
09/09/2026 16:29:28 | INFO | Indexação | verificados=18300 | lidos=23 | reaproveitados=18277
09/09/2026 16:29:28 | INFO | Indexação | verificados=18325 | lidos=23 | reaproveitados=18302
09/09/2026 16:29:29 | INFO | Indexação | verificados=18350 | lidos=23 | reaproveitados=18327
09/09/2026 16:29:29 | INFO | Indexação | verificados=18375 | lidos=23 | reaproveitados=18352
09/09/2026 16:29:29 | INFO | Indexação | verificados=18400 | lidos=23 | reaproveitados=18377
09/09/2026 16:29:29 | INFO | Indexação | verificados=18425 | lidos=23 | reaproveitados=18402
09/09/2026 16:29:29 | INFO | Indexação | verificados=18450 | lidos=23 | reaproveitados=18427
09/09/2026 16:29:29 | INFO | Indexação | verificados=18475 | lidos=23 | reaproveitados=18452
09/09/2026 16:29:29 | INFO | Indexação | verificados=18500 | lidos=23 | reaproveitados=18477
09/09/2026 16:29:29 | INFO | Indexação | verificados=18525 | lidos=23 | reaproveitados=18502
09/09/2026 16:29:30 | INFO | Indexação | verificados=18550 | lidos=23 | reaproveitados=18527
09/09/2026 16:29:30 | INFO | Indexação | verificados=18575 | lidos=23 | reaproveitados=18552
09/09/2026 16:29:30 | INFO | Indexação | verificados=18600 | lidos=23 | reaproveitados=18577
09/09/2026 16:29:30 | INFO | Indexação | verificados=18625 | lidos=23 | reaproveitados=18602
09/09/2026 16:29:30 | INFO | Indexação | verificados=18650 | lidos=23 | reaproveitados=18627
09/09/2026 16:29:30 | INFO | Indexação | verificados=18675 | lidos=23 | reaproveitados=18652
09/09/2026 16:29:30 | INFO | Indexação | verificados=18700 | lidos=23 | reaproveitados=18677
09/09/2026 16:29:30 | INFO | Indexação | verificados=18725 | lidos=23 | reaproveitados=18702
09/09/2026 16:29:30 | INFO | Indexação | verificados=18750 | lidos=23 | reaproveitados=18727
09/09/2026 16:29:31 | INFO | Indexação | verificados=18775 | lidos=23 | reaproveitados=18752
09/09/2026 16:29:31 | INFO | Indexação | verificados=18800 | lidos=23 | reaproveitados=18777
09/09/2026 16:29:31 | INFO | Indexação | verificados=18825 | lidos=23 | reaproveitados=18802
09/09/2026 16:29:31 | INFO | Indexação | verificados=18850 | lidos=23 | reaproveitados=18827
09/09/2026 16:29:31 | INFO | Indexação | verificados=18875 | lidos=23 | reaproveitados=18852
09/09/2026 16:29:31 | INFO | Indexação | verificados=18900 | lidos=23 | reaproveitados=18877
09/09/2026 16:29:31 | INFO | Indexação | verificados=18925 | lidos=23 | reaproveitados=18902
09/09/2026 16:29:32 | INFO | Indexação | verificados=18950 | lidos=23 | reaproveitados=18927
09/09/2026 16:29:32 | INFO | Indexação | verificados=18975 | lidos=23 | reaproveitados=18952
09/09/2026 16:29:32 | INFO | Indexação | verificados=19000 | lidos=23 | reaproveitados=18977
09/09/2026 16:29:32 | INFO | Indexação | verificados=19025 | lidos=23 | reaproveitados=19002
09/09/2026 16:29:32 | INFO | Indexação | verificados=19050 | lidos=23 | reaproveitados=19027
09/09/2026 16:29:32 | INFO | Indexação | verificados=19075 | lidos=23 | reaproveitados=19052
09/09/2026 16:29:32 | INFO | Indexação | verificados=19100 | lidos=23 | reaproveitados=19077
09/09/2026 16:29:32 | INFO | Indexação | verificados=19125 | lidos=23 | reaproveitados=19102
09/09/2026 16:29:33 | INFO | Indexação | verificados=19150 | lidos=23 | reaproveitados=19127
09/09/2026 16:29:33 | INFO | Indexação | verificados=19175 | lidos=23 | reaproveitados=19152
09/09/2026 16:29:33 | INFO | Indexação | verificados=19200 | lidos=23 | reaproveitados=19177
09/09/2026 16:29:33 | INFO | Indexação | verificados=19225 | lidos=23 | reaproveitados=19202
09/09/2026 16:29:33 | INFO | Indexação | verificados=19250 | lidos=23 | reaproveitados=19227
09/09/2026 16:29:33 | INFO | Indexação | verificados=19275 | lidos=23 | reaproveitados=19252
09/09/2026 16:29:33 | INFO | Indexação | verificados=19300 | lidos=23 | reaproveitados=19277
09/09/2026 16:29:34 | INFO | Indexação | verificados=19325 | lidos=23 | reaproveitados=19302
09/09/2026 16:29:34 | INFO | Indexação | verificados=19350 | lidos=23 | reaproveitados=19327
09/09/2026 16:29:34 | INFO | Indexação | verificados=19375 | lidos=23 | reaproveitados=19352
09/09/2026 16:29:34 | INFO | Indexação | verificados=19400 | lidos=23 | reaproveitados=19377
09/09/2026 16:29:34 | INFO | Indexação | verificados=19425 | lidos=23 | reaproveitados=19402
09/09/2026 16:29:34 | INFO | Indexação | verificados=19450 | lidos=23 | reaproveitados=19427
09/09/2026 16:29:34 | INFO | Indexação | verificados=19475 | lidos=23 | reaproveitados=19452
09/09/2026 16:29:34 | INFO | Indexação | verificados=19500 | lidos=23 | reaproveitados=19477
09/09/2026 16:29:34 | INFO | Indexação | verificados=19525 | lidos=23 | reaproveitados=19502
09/09/2026 16:29:35 | INFO | Indexação | verificados=19550 | lidos=23 | reaproveitados=19527
09/09/2026 16:29:35 | INFO | Indexação | verificados=19575 | lidos=23 | reaproveitados=19552
09/09/2026 16:29:35 | INFO | Indexação | verificados=19600 | lidos=23 | reaproveitados=19577
09/09/2026 16:29:35 | INFO | Indexação | verificados=19625 | lidos=23 | reaproveitados=19602
09/09/2026 16:29:35 | INFO | Indexação | verificados=19650 | lidos=23 | reaproveitados=19627
09/09/2026 16:29:35 | INFO | Indexação | verificados=19675 | lidos=23 | reaproveitados=19652
09/09/2026 16:29:35 | INFO | Indexação | verificados=19700 | lidos=23 | reaproveitados=19677
09/09/2026 16:29:36 | INFO | Indexação | verificados=19725 | lidos=23 | reaproveitados=19702
09/09/2026 16:29:36 | INFO | Indexação | verificados=19750 | lidos=23 | reaproveitados=19727
09/09/2026 16:29:36 | INFO | Indexação | verificados=19775 | lidos=23 | reaproveitados=19752
09/09/2026 16:29:36 | INFO | Indexação | verificados=19800 | lidos=23 | reaproveitados=19777
09/09/2026 16:29:36 | INFO | Indexação | verificados=19825 | lidos=23 | reaproveitados=19802
09/09/2026 16:29:36 | INFO | Indexação | verificados=19850 | lidos=23 | reaproveitados=19827
09/09/2026 16:29:36 | WARNING | PDF não indexado | arquivo=F:\Documentos\Rafael\GARCIA MOVEIS E DECORACOES LTDA\HABITE-SE.pdf | motivo=PdfStreamError: Stream has ended unexpectedly
09/09/2026 16:29:36 | INFO | Indexação | verificados=19875 | lidos=24 | reaproveitados=19851
09/09/2026 16:29:37 | INFO | Indexação | verificados=19900 | lidos=24 | reaproveitados=19876
09/09/2026 16:29:37 | INFO | Indexação | verificados=19925 | lidos=24 | reaproveitados=19901
09/09/2026 16:29:37 | INFO | Indexação | verificados=19950 | lidos=24 | reaproveitados=19926
09/09/2026 16:29:37 | INFO | Indexação | verificados=19975 | lidos=24 | reaproveitados=19951
09/09/2026 16:29:37 | INFO | Indexação | verificados=20000 | lidos=24 | reaproveitados=19976
09/09/2026 16:29:37 | INFO | Indexação | verificados=20025 | lidos=24 | reaproveitados=20001
09/09/2026 16:29:37 | INFO | Indexação | verificados=20050 | lidos=24 | reaproveitados=20026
09/09/2026 16:29:37 | INFO | Indexação | verificados=20075 | lidos=24 | reaproveitados=20051
09/09/2026 16:29:38 | INFO | Indexação | verificados=20100 | lidos=24 | reaproveitados=20076
09/09/2026 16:29:38 | INFO | Indexação | verificados=20125 | lidos=24 | reaproveitados=20101
09/09/2026 16:29:38 | INFO | Indexação | verificados=20150 | lidos=24 | reaproveitados=20126
09/09/2026 16:29:38 | INFO | Indexação | verificados=20175 | lidos=25 | reaproveitados=20150
09/09/2026 16:29:38 | INFO | Indexação | verificados=20200 | lidos=25 | reaproveitados=20175
09/09/2026 16:29:38 | INFO | Indexação | verificados=20225 | lidos=25 | reaproveitados=20200
09/09/2026 16:29:38 | INFO | Indexação | verificados=20250 | lidos=25 | reaproveitados=20225
09/09/2026 16:29:39 | INFO | Indexação | verificados=20275 | lidos=25 | reaproveitados=20250
09/09/2026 16:29:39 | INFO | Indexação | verificados=20300 | lidos=25 | reaproveitados=20275
09/09/2026 16:29:39 | INFO | Indexação | verificados=20325 | lidos=25 | reaproveitados=20300
09/09/2026 16:29:39 | INFO | Indexação | verificados=20350 | lidos=25 | reaproveitados=20325
09/09/2026 16:29:39 | INFO | Indexação | verificados=20375 | lidos=25 | reaproveitados=20350
09/09/2026 16:29:39 | INFO | Indexação | verificados=20400 | lidos=25 | reaproveitados=20375
09/09/2026 16:29:39 | INFO | Indexação | verificados=20425 | lidos=25 | reaproveitados=20400
09/09/2026 16:29:40 | INFO | Indexação | verificados=20450 | lidos=25 | reaproveitados=20425
09/09/2026 16:29:40 | INFO | Indexação | verificados=20475 | lidos=25 | reaproveitados=20450
09/09/2026 16:29:40 | INFO | Indexação | verificados=20500 | lidos=25 | reaproveitados=20475
09/09/2026 16:29:40 | INFO | Indexação | verificados=20525 | lidos=25 | reaproveitados=20500
09/09/2026 16:29:40 | INFO | Indexação | verificados=20550 | lidos=25 | reaproveitados=20525
09/09/2026 16:29:40 | INFO | Indexação | verificados=20575 | lidos=25 | reaproveitados=20550
09/09/2026 16:29:40 | INFO | Indexação | verificados=20600 | lidos=25 | reaproveitados=20575
09/09/2026 16:29:40 | INFO | Indexação | verificados=20625 | lidos=25 | reaproveitados=20600
09/09/2026 16:29:40 | INFO | Indexação | verificados=20650 | lidos=25 | reaproveitados=20625
09/09/2026 16:29:41 | INFO | Indexação | verificados=20675 | lidos=25 | reaproveitados=20650
09/09/2026 16:29:41 | INFO | Indexação | verificados=20700 | lidos=25 | reaproveitados=20675
09/09/2026 16:29:41 | INFO | Indexação | verificados=20725 | lidos=25 | reaproveitados=20700
09/09/2026 16:29:41 | WARNING | PDF não indexado | arquivo=F:\Documentos\Rafael\ICC SERVIÇOS ADMINISTRATIVOS\DEFESA CRA\~$c. 1 - Razões de Defesa ao CRA-MT_Daroit Participações Ltda.pdf | motivo=PdfStreamError: Stream has ended unexpectedly
09/09/2026 16:29:41 | INFO | Indexação | verificados=20750 | lidos=26 | reaproveitados=20724
09/09/2026 16:29:41 | INFO | Indexação | verificados=20775 | lidos=26 | reaproveitados=20749
09/09/2026 16:29:41 | INFO | Indexação | verificados=20800 | lidos=26 | reaproveitados=20774
09/09/2026 16:29:41 | INFO | Indexação | verificados=20825 | lidos=26 | reaproveitados=20799
09/09/2026 16:29:41 | INFO | Indexação | verificados=20850 | lidos=26 | reaproveitados=20824
09/09/2026 16:29:42 | INFO | Indexação | verificados=20875 | lidos=26 | reaproveitados=20849
09/09/2026 16:29:42 | INFO | Indexação | verificados=20900 | lidos=26 | reaproveitados=20874
09/09/2026 16:29:42 | WARNING | PDF não indexado | arquivo=F:\Documentos\Rafael\INSTITUTO CRISTIANE DAROIT\DOCUMENTOS INSTITUTO\~$a de Assembléia.pdf | motivo=PdfStreamError: Stream has ended unexpectedly
09/09/2026 16:29:42 | INFO | Indexação | verificados=20925 | lidos=27 | reaproveitados=20898
09/09/2026 16:29:42 | INFO | Indexação | verificados=20950 | lidos=27 | reaproveitados=20923
09/09/2026 16:29:42 | INFO | Indexação | verificados=20975 | lidos=27 | reaproveitados=20948
09/09/2026 16:29:42 | INFO | Indexação | verificados=21000 | lidos=27 | reaproveitados=20973
09/09/2026 16:29:42 | INFO | Indexação | verificados=21025 | lidos=27 | reaproveitados=20998
09/09/2026 16:29:42 | INFO | Indexação | verificados=21050 | lidos=27 | reaproveitados=21023
09/09/2026 16:29:43 | INFO | Indexação | verificados=21075 | lidos=27 | reaproveitados=21048
09/09/2026 16:29:43 | INFO | Indexação | verificados=21100 | lidos=27 | reaproveitados=21073
09/09/2026 16:29:43 | INFO | Indexação | verificados=21125 | lidos=27 | reaproveitados=21098
09/09/2026 16:29:43 | INFO | Indexação | verificados=21150 | lidos=27 | reaproveitados=21123
09/09/2026 16:29:43 | INFO | Indexação | verificados=21175 | lidos=27 | reaproveitados=21148
09/09/2026 16:29:43 | INFO | Indexação | verificados=21200 | lidos=27 | reaproveitados=21173
09/09/2026 16:29:43 | INFO | Indexação | verificados=21225 | lidos=27 | reaproveitados=21198
09/09/2026 16:29:43 | INFO | Indexação | verificados=21250 | lidos=27 | reaproveitados=21223
09/09/2026 16:29:44 | INFO | Indexação | verificados=21275 | lidos=27 | reaproveitados=21248
09/09/2026 16:29:44 | INFO | Indexação | verificados=21300 | lidos=27 | reaproveitados=21273
09/09/2026 16:29:44 | WARNING | PDF não indexado | arquivo=F:\Documentos\Rafael\J-LODI AGRONEGOCIOS\GIAS DOAÇÃO\~$nuta Contrato de doação_Sr. Jovino e Sra. Nelci.pdf | motivo=PdfStreamError: Stream has ended unexpectedly
09/09/2026 16:29:44 | INFO | Indexação | verificados=21325 | lidos=28 | reaproveitados=21297
09/09/2026 16:29:44 | INFO | Indexação | verificados=21350 | lidos=28 | reaproveitados=21322
09/09/2026 16:29:44 | INFO | Indexação | verificados=21375 | lidos=28 | reaproveitados=21347
09/09/2026 16:29:44 | INFO | Indexação | verificados=21400 | lidos=28 | reaproveitados=21372
09/09/2026 16:29:44 | INFO | Indexação | verificados=21425 | lidos=28 | reaproveitados=21397
09/09/2026 16:29:44 | INFO | Indexação | verificados=21450 | lidos=28 | reaproveitados=21422
09/09/2026 16:29:45 | INFO | Indexação | verificados=21475 | lidos=28 | reaproveitados=21447
09/09/2026 16:29:45 | INFO | Indexação | verificados=21500 | lidos=28 | reaproveitados=21472
09/09/2026 16:29:45 | INFO | Indexação | verificados=21525 | lidos=28 | reaproveitados=21497
09/09/2026 16:29:45 | INFO | Indexação | verificados=21550 | lidos=28 | reaproveitados=21522
09/09/2026 16:29:45 | INFO | Indexação | verificados=21575 | lidos=28 | reaproveitados=21547
09/09/2026 16:29:45 | INFO | Indexação | verificados=21600 | lidos=28 | reaproveitados=21572
09/09/2026 16:29:45 | INFO | Indexação | verificados=21625 | lidos=28 | reaproveitados=21597
09/09/2026 16:29:45 | INFO | Indexação | verificados=21650 | lidos=28 | reaproveitados=21622
09/09/2026 16:29:45 | INFO | Indexação | verificados=21675 | lidos=28 | reaproveitados=21647
09/09/2026 16:29:46 | INFO | Indexação | verificados=21700 | lidos=28 | reaproveitados=21672
09/09/2026 16:29:46 | INFO | Indexação | verificados=21725 | lidos=28 | reaproveitados=21697
09/09/2026 16:29:46 | INFO | Indexação | verificados=21750 | lidos=28 | reaproveitados=21722
09/09/2026 16:29:46 | INFO | Indexação | verificados=21775 | lidos=28 | reaproveitados=21747
09/09/2026 16:29:46 | INFO | Indexação | verificados=21800 | lidos=28 | reaproveitados=21772
09/09/2026 16:29:46 | INFO | Indexação | verificados=21825 | lidos=28 | reaproveitados=21797
09/09/2026 16:29:46 | INFO | Indexação | verificados=21850 | lidos=28 | reaproveitados=21822
09/09/2026 16:29:46 | INFO | Indexação | verificados=21875 | lidos=28 | reaproveitados=21847
09/09/2026 16:29:47 | INFO | Indexação | verificados=21900 | lidos=28 | reaproveitados=21872
09/09/2026 16:29:47 | INFO | Indexação | verificados=21925 | lidos=28 | reaproveitados=21897
09/09/2026 16:29:47 | INFO | Indexação | verificados=21950 | lidos=28 | reaproveitados=21922
09/09/2026 16:29:47 | INFO | Indexação | verificados=21975 | lidos=28 | reaproveitados=21947
09/09/2026 16:29:47 | INFO | Indexação | verificados=22000 | lidos=28 | reaproveitados=21972
09/09/2026 16:29:47 | INFO | Indexação | verificados=22025 | lidos=29 | reaproveitados=21996
09/09/2026 16:29:47 | INFO | Indexação | verificados=22050 | lidos=29 | reaproveitados=22021
09/09/2026 16:29:47 | INFO | Indexação | verificados=22075 | lidos=29 | reaproveitados=22046
09/09/2026 16:29:48 | INFO | Indexação | verificados=22100 | lidos=29 | reaproveitados=22071
09/09/2026 16:29:48 | WARNING | PDF não indexado | arquivo=F:\Documentos\Rafael\MADEMARI MADEIRAS LTDA\CONTRATO SOCIAL - 10º ALT.pdf | motivo=PDF sem texto numérico extraível; pode ser escaneado
09/09/2026 16:29:48 | INFO | Indexação | verificados=22125 | lidos=30 | reaproveitados=22095
09/09/2026 16:29:48 | WARNING | PDF não indexado | arquivo=F:\Documentos\Rafael\MADEMARI MADEIRAS LTDA\CONTRATO SOCIAL - 11º ALT.pdf | motivo=PDF sem texto numérico extraível; pode ser escaneado
09/09/2026 16:29:48 | WARNING | PDF não indexado | arquivo=F:\Documentos\Rafael\MADEMARI MADEIRAS LTDA\CONTRATO SOCIAL - 12º ALT.pdf | motivo=PDF sem texto numérico extraível; pode ser escaneado
09/09/2026 16:29:49 | WARNING | PDF não indexado | arquivo=F:\Documentos\Rafael\MADEMARI MADEIRAS LTDA\CONTRATO SOCIAL - 13º ALT.pdf | motivo=PDF sem texto numérico extraível; pode ser escaneado
09/09/2026 16:29:49 | WARNING | PDF não indexado | arquivo=F:\Documentos\Rafael\MADEMARI MADEIRAS LTDA\CONTRATO SOCIAL - 1º ALT.pdf | motivo=PDF sem texto numérico extraível; pode ser escaneado
09/09/2026 16:29:49 | WARNING | PDF não indexado | arquivo=F:\Documentos\Rafael\MADEMARI MADEIRAS LTDA\CONTRATO SOCIAL - 2º ALT.pdf | motivo=PDF sem texto numérico extraível; pode ser escaneado
09/09/2026 16:29:49 | WARNING | PDF não indexado | arquivo=F:\Documentos\Rafael\MADEMARI MADEIRAS LTDA\CONTRATO SOCIAL - 3º ALT.pdf | motivo=PDF sem texto numérico extraível; pode ser escaneado
09/09/2026 16:29:49 | WARNING | PDF não indexado | arquivo=F:\Documentos\Rafael\MADEMARI MADEIRAS LTDA\CONTRATO SOCIAL - 4º ALT.pdf | motivo=PDF sem texto numérico extraível; pode ser escaneado
09/09/2026 16:29:49 | WARNING | PDF não indexado | arquivo=F:\Documentos\Rafael\MADEMARI MADEIRAS LTDA\CONTRATO SOCIAL - 5º ALT.pdf | motivo=PDF sem texto numérico extraível; pode ser escaneado
09/09/2026 16:29:49 | WARNING | PDF não indexado | arquivo=F:\Documentos\Rafael\MADEMARI MADEIRAS LTDA\CONTRATO SOCIAL - 6º ALT.pdf | motivo=PDF sem texto numérico extraível; pode ser escaneado
09/09/2026 16:29:50 | WARNING | PDF não indexado | arquivo=F:\Documentos\Rafael\MADEMARI MADEIRAS LTDA\CONTRATO SOCIAL - 7º ALT.pdf | motivo=PDF sem texto numérico extraível; pode ser escaneado
09/09/2026 16:29:50 | WARNING | PDF não indexado | arquivo=F:\Documentos\Rafael\MADEMARI MADEIRAS LTDA\CONTRATO SOCIAL - 8º ALT .pdf | motivo=PDF sem texto numérico extraível; pode ser escaneado
09/09/2026 16:29:50 | WARNING | PDF não indexado | arquivo=F:\Documentos\Rafael\MADEMARI MADEIRAS LTDA\CONTRATO SOCIAL - 9º ALT.pdf | motivo=PDF sem texto numérico extraível; pode ser escaneado
09/09/2026 16:29:50 | INFO | Indexação | verificados=22150 | lidos=42 | reaproveitados=22108
09/09/2026 16:29:50 | INFO | Indexação | verificados=22175 | lidos=42 | reaproveitados=22133
09/09/2026 16:29:51 | INFO | Indexação | verificados=22200 | lidos=43 | reaproveitados=22157
09/09/2026 16:29:51 | INFO | Indexação | verificados=22225 | lidos=43 | reaproveitados=22182
09/09/2026 16:29:51 | INFO | Indexação | verificados=22250 | lidos=43 | reaproveitados=22207
09/09/2026 16:29:51 | INFO | Indexação | verificados=22275 | lidos=43 | reaproveitados=22232
09/09/2026 16:29:51 | INFO | Indexação | verificados=22300 | lidos=43 | reaproveitados=22257
09/09/2026 16:29:52 | INFO | Indexação | verificados=22325 | lidos=43 | reaproveitados=22282
09/09/2026 16:29:52 | INFO | Indexação | verificados=22350 | lidos=43 | reaproveitados=22307
09/09/2026 16:29:52 | INFO | Indexação | verificados=22375 | lidos=43 | reaproveitados=22332
09/09/2026 16:29:52 | INFO | Indexação | verificados=22400 | lidos=43 | reaproveitados=22357
09/09/2026 16:29:52 | INFO | Indexação | verificados=22425 | lidos=43 | reaproveitados=22382
09/09/2026 16:29:52 | INFO | Indexação | verificados=22450 | lidos=43 | reaproveitados=22407
09/09/2026 16:29:52 | INFO | Indexação | verificados=22475 | lidos=43 | reaproveitados=22432
09/09/2026 16:29:52 | INFO | Indexação | verificados=22500 | lidos=43 | reaproveitados=22457
09/09/2026 16:29:53 | INFO | Indexação | verificados=22525 | lidos=43 | reaproveitados=22482
09/09/2026 16:29:53 | INFO | Indexação | verificados=22550 | lidos=43 | reaproveitados=22507
09/09/2026 16:29:53 | INFO | Indexação | verificados=22575 | lidos=43 | reaproveitados=22532
09/09/2026 16:29:53 | INFO | Indexação | verificados=22600 | lidos=43 | reaproveitados=22557
09/09/2026 16:29:53 | INFO | Indexação | verificados=22625 | lidos=43 | reaproveitados=22582
09/09/2026 16:29:53 | INFO | Indexação | verificados=22650 | lidos=43 | reaproveitados=22607
09/09/2026 16:29:53 | INFO | Indexação | verificados=22675 | lidos=43 | reaproveitados=22632
09/09/2026 16:29:54 | INFO | Indexação | verificados=22700 | lidos=43 | reaproveitados=22657
09/09/2026 16:29:54 | INFO | Indexação | verificados=22725 | lidos=43 | reaproveitados=22682
09/09/2026 16:29:54 | INFO | Indexação | verificados=22750 | lidos=43 | reaproveitados=22707
09/09/2026 16:29:54 | INFO | Indexação | verificados=22775 | lidos=43 | reaproveitados=22732
09/09/2026 16:29:54 | INFO | Indexação | verificados=22800 | lidos=43 | reaproveitados=22757
09/09/2026 16:29:54 | INFO | Indexação | verificados=22825 | lidos=43 | reaproveitados=22782
09/09/2026 16:29:54 | INFO | Indexação | verificados=22850 | lidos=43 | reaproveitados=22807
09/09/2026 16:29:55 | INFO | Indexação | verificados=22875 | lidos=43 | reaproveitados=22832
09/09/2026 16:29:55 | INFO | Indexação | verificados=22900 | lidos=43 | reaproveitados=22857
09/09/2026 16:29:55 | INFO | Indexação | verificados=22925 | lidos=43 | reaproveitados=22882
09/09/2026 16:29:55 | INFO | Indexação | verificados=22950 | lidos=43 | reaproveitados=22907
09/09/2026 16:29:55 | INFO | Indexação | verificados=22975 | lidos=43 | reaproveitados=22932
09/09/2026 16:29:55 | INFO | Indexação | verificados=23000 | lidos=43 | reaproveitados=22957
09/09/2026 16:29:55 | INFO | Indexação | verificados=23025 | lidos=43 | reaproveitados=22982
09/09/2026 16:29:55 | INFO | Indexação | verificados=23050 | lidos=43 | reaproveitados=23007
09/09/2026 16:29:56 | INFO | Indexação | verificados=23075 | lidos=43 | reaproveitados=23032
09/09/2026 16:29:56 | INFO | Indexação | verificados=23100 | lidos=43 | reaproveitados=23057
09/09/2026 16:29:56 | INFO | Indexação | verificados=23125 | lidos=43 | reaproveitados=23082
09/09/2026 16:29:56 | INFO | Indexação | verificados=23150 | lidos=43 | reaproveitados=23107
09/09/2026 16:29:56 | INFO | Indexação | verificados=23175 | lidos=43 | reaproveitados=23132
09/09/2026 16:29:56 | INFO | Indexação | verificados=23200 | lidos=43 | reaproveitados=23157
09/09/2026 16:29:56 | INFO | Indexação | verificados=23225 | lidos=43 | reaproveitados=23182
09/09/2026 16:29:56 | INFO | Indexação | verificados=23250 | lidos=43 | reaproveitados=23207
09/09/2026 16:29:56 | INFO | Indexação | verificados=23275 | lidos=43 | reaproveitados=23232
09/09/2026 16:29:57 | INFO | Indexação | verificados=23300 | lidos=43 | reaproveitados=23257
09/09/2026 16:29:57 | INFO | Indexação | verificados=23325 | lidos=43 | reaproveitados=23282
09/09/2026 16:29:57 | INFO | Indexação | verificados=23350 | lidos=43 | reaproveitados=23307
09/09/2026 16:29:57 | INFO | Indexação | verificados=23375 | lidos=43 | reaproveitados=23332
09/09/2026 16:29:57 | INFO | Indexação | verificados=23400 | lidos=43 | reaproveitados=23357
09/09/2026 16:29:57 | INFO | Indexação | verificados=23425 | lidos=43 | reaproveitados=23382
09/09/2026 16:29:57 | INFO | Indexação | verificados=23450 | lidos=43 | reaproveitados=23407
09/09/2026 16:29:57 | INFO | Indexação | verificados=23475 | lidos=43 | reaproveitados=23432
09/09/2026 16:29:57 | INFO | Indexação | verificados=23500 | lidos=43 | reaproveitados=23457
09/09/2026 16:29:57 | INFO | Indexação | verificados=23525 | lidos=43 | reaproveitados=23482
09/09/2026 16:29:57 | INFO | Indexação | verificados=23550 | lidos=43 | reaproveitados=23507
09/09/2026 16:29:57 | INFO | Indexação | verificados=23575 | lidos=43 | reaproveitados=23532
09/09/2026 16:29:58 | INFO | Indexação | verificados=23600 | lidos=43 | reaproveitados=23557
09/09/2026 16:29:58 | INFO | Indexação | verificados=23625 | lidos=43 | reaproveitados=23582
09/09/2026 16:29:58 | WARNING | PDF não indexado | arquivo=F:\Documentos\Rafael\PARAGEM HOTEL\~$a da AGOE_2017 .pdf | motivo=PdfStreamError: Stream has ended unexpectedly
09/09/2026 16:29:58 | INFO | Indexação | verificados=23650 | lidos=44 | reaproveitados=23606
09/09/2026 16:29:58 | INFO | Indexação | verificados=23675 | lidos=44 | reaproveitados=23631
09/09/2026 16:29:58 | INFO | Indexação | verificados=23700 | lidos=44 | reaproveitados=23656
09/09/2026 16:29:58 | INFO | Indexação | verificados=23725 | lidos=44 | reaproveitados=23681
09/09/2026 16:29:58 | INFO | Indexação | verificados=23750 | lidos=44 | reaproveitados=23706
09/09/2026 16:29:58 | INFO | Indexação | verificados=23775 | lidos=44 | reaproveitados=23731
09/09/2026 16:29:58 | INFO | Indexação | verificados=23800 | lidos=44 | reaproveitados=23756
09/09/2026 16:29:58 | INFO | Indexação | verificados=23825 | lidos=44 | reaproveitados=23781
09/09/2026 16:29:58 | INFO | Indexação | verificados=23850 | lidos=44 | reaproveitados=23806
09/09/2026 16:29:59 | INFO | Indexação | verificados=23875 | lidos=44 | reaproveitados=23831
09/09/2026 16:29:59 | INFO | Indexação | verificados=23900 | lidos=44 | reaproveitados=23856
09/09/2026 16:29:59 | INFO | Indexação | verificados=23925 | lidos=44 | reaproveitados=23881
09/09/2026 16:29:59 | INFO | Indexação | verificados=23950 | lidos=44 | reaproveitados=23906
09/09/2026 16:29:59 | INFO | Indexação | verificados=23975 | lidos=44 | reaproveitados=23931
09/09/2026 16:29:59 | INFO | Indexação | verificados=24000 | lidos=44 | reaproveitados=23956
09/09/2026 16:29:59 | INFO | Indexação | verificados=24025 | lidos=44 | reaproveitados=23981
09/09/2026 16:29:59 | INFO | Indexação | verificados=24050 | lidos=44 | reaproveitados=24006
09/09/2026 16:29:59 | INFO | Indexação | verificados=24075 | lidos=44 | reaproveitados=24031
09/09/2026 16:29:59 | INFO | Indexação | verificados=24100 | lidos=44 | reaproveitados=24056
09/09/2026 16:29:59 | INFO | Indexação | verificados=24125 | lidos=44 | reaproveitados=24081
09/09/2026 16:30:00 | INFO | Indexação | verificados=24150 | lidos=44 | reaproveitados=24106
09/09/2026 16:30:00 | INFO | Indexação | verificados=24175 | lidos=45 | reaproveitados=24130
09/09/2026 16:30:00 | INFO | Indexação | verificados=24200 | lidos=45 | reaproveitados=24155
09/09/2026 16:30:00 | INFO | Indexação | verificados=24225 | lidos=45 | reaproveitados=24180
09/09/2026 16:30:00 | INFO | Indexação | verificados=24250 | lidos=45 | reaproveitados=24205
09/09/2026 16:30:00 | INFO | Indexação | verificados=24275 | lidos=45 | reaproveitados=24230
09/09/2026 16:30:00 | INFO | Indexação | verificados=24300 | lidos=45 | reaproveitados=24255
09/09/2026 16:30:00 | INFO | Indexação | verificados=24325 | lidos=45 | reaproveitados=24280
09/09/2026 16:30:00 | INFO | Indexação | verificados=24350 | lidos=45 | reaproveitados=24305
09/09/2026 16:30:00 | INFO | Indexação | verificados=24375 | lidos=45 | reaproveitados=24330
09/09/2026 16:30:01 | INFO | Indexação | verificados=24400 | lidos=45 | reaproveitados=24355
09/09/2026 16:30:01 | INFO | Indexação | verificados=24425 | lidos=45 | reaproveitados=24380
09/09/2026 16:30:01 | INFO | Indexação | verificados=24450 | lidos=45 | reaproveitados=24405
09/09/2026 16:30:01 | INFO | Indexação | verificados=24475 | lidos=45 | reaproveitados=24430
09/09/2026 16:30:01 | INFO | Indexação | verificados=24500 | lidos=45 | reaproveitados=24455
09/09/2026 16:30:01 | INFO | Indexação | verificados=24525 | lidos=45 | reaproveitados=24480
09/09/2026 16:30:01 | INFO | Indexação | verificados=24550 | lidos=45 | reaproveitados=24505
09/09/2026 16:30:01 | INFO | Indexação | verificados=24575 | lidos=45 | reaproveitados=24530
09/09/2026 16:30:01 | INFO | Indexação | verificados=24600 | lidos=45 | reaproveitados=24555
09/09/2026 16:30:01 | INFO | Indexação | verificados=24625 | lidos=45 | reaproveitados=24580
09/09/2026 16:30:01 | INFO | Indexação | verificados=24650 | lidos=45 | reaproveitados=24605
09/09/2026 16:30:01 | INFO | Indexação | verificados=24675 | lidos=45 | reaproveitados=24630
09/09/2026 16:30:02 | WARNING | PDF não indexado | arquivo=F:\Documentos\Rafael\SANTINI HOPS\~$cumentos FELIPE.pdf | motivo=PdfStreamError: Stream has ended unexpectedly
09/09/2026 16:30:02 | WARNING | PDF não indexado | arquivo=F:\Documentos\Rafael\SANTINI HOPS\~$cumentos WILLIAN.pdf | motivo=PdfStreamError: Stream has ended unexpectedly
09/09/2026 16:30:02 | INFO | Indexação | verificados=24700 | lidos=47 | reaproveitados=24653
09/09/2026 16:30:02 | WARNING | PDF não indexado | arquivo=F:\Documentos\Rafael\SANTNI E SANTINI\ALVARÁ DE BOMBEIROS.PDF | motivo=PdfStreamError: Stream has ended unexpectedly
09/09/2026 16:30:02 | INFO | Indexação | verificados=24725 | lidos=48 | reaproveitados=24677
09/09/2026 16:30:02 | INFO | Indexação | verificados=24750 | lidos=48 | reaproveitados=24702
09/09/2026 16:30:02 | INFO | Indexação | verificados=24775 | lidos=48 | reaproveitados=24727
09/09/2026 16:30:02 | INFO | Indexação | verificados=24800 | lidos=49 | reaproveitados=24751
09/09/2026 16:30:02 | INFO | Indexação | verificados=24825 | lidos=49 | reaproveitados=24776
09/09/2026 16:30:02 | INFO | Indexação | verificados=24850 | lidos=49 | reaproveitados=24801
09/09/2026 16:30:02 | INFO | Indexação | verificados=24875 | lidos=49 | reaproveitados=24826
09/09/2026 16:30:02 | INFO | Indexação | verificados=24900 | lidos=49 | reaproveitados=24851
09/09/2026 16:30:03 | INFO | Indexação | verificados=24925 | lidos=49 | reaproveitados=24876
09/09/2026 16:30:03 | INFO | Indexação | verificados=24950 | lidos=49 | reaproveitados=24901
09/09/2026 16:30:03 | INFO | Indexação | verificados=24975 | lidos=49 | reaproveitados=24926
09/09/2026 16:30:03 | INFO | Indexação | verificados=25000 | lidos=49 | reaproveitados=24951
09/09/2026 16:30:03 | INFO | Indexação | verificados=25025 | lidos=49 | reaproveitados=24976
09/09/2026 16:30:03 | INFO | Indexação | verificados=25050 | lidos=49 | reaproveitados=25001
09/09/2026 16:30:03 | INFO | Indexação | verificados=25075 | lidos=49 | reaproveitados=25026
09/09/2026 16:30:03 | INFO | Indexação | verificados=25100 | lidos=49 | reaproveitados=25051
09/09/2026 16:30:03 | INFO | Indexação | verificados=25125 | lidos=49 | reaproveitados=25076
09/09/2026 16:30:03 | INFO | Indexação | verificados=25150 | lidos=49 | reaproveitados=25101
09/09/2026 16:30:03 | INFO | Indexação | verificados=25175 | lidos=49 | reaproveitados=25126
09/09/2026 16:30:04 | INFO | Indexação | verificados=25200 | lidos=49 | reaproveitados=25151
09/09/2026 16:30:04 | INFO | Indexação | verificados=25225 | lidos=49 | reaproveitados=25176
09/09/2026 16:30:04 | INFO | Indexação | verificados=25250 | lidos=49 | reaproveitados=25201
09/09/2026 16:30:04 | INFO | Indexação | verificados=25275 | lidos=49 | reaproveitados=25226
09/09/2026 16:30:04 | INFO | Indexação | verificados=25300 | lidos=49 | reaproveitados=25251
09/09/2026 16:30:04 | INFO | Indexação | verificados=25325 | lidos=49 | reaproveitados=25276
09/09/2026 16:30:04 | INFO | Indexação | verificados=25350 | lidos=49 | reaproveitados=25301
09/09/2026 16:30:04 | INFO | Indexação | verificados=25375 | lidos=49 | reaproveitados=25326
09/09/2026 16:30:04 | INFO | Indexação | verificados=25400 | lidos=49 | reaproveitados=25351
09/09/2026 16:30:04 | INFO | Indexação | verificados=25425 | lidos=49 | reaproveitados=25376
09/09/2026 16:30:05 | INFO | Indexação | verificados=25450 | lidos=49 | reaproveitados=25401
09/09/2026 16:30:05 | INFO | Indexação | verificados=25475 | lidos=49 | reaproveitados=25426
09/09/2026 16:30:05 | INFO | Indexação | verificados=25500 | lidos=49 | reaproveitados=25451
09/09/2026 16:30:05 | INFO | Indexação | verificados=25525 | lidos=49 | reaproveitados=25476
09/09/2026 16:30:05 | INFO | Indexação | verificados=25550 | lidos=49 | reaproveitados=25501
09/09/2026 16:30:05 | INFO | Indexação | verificados=25575 | lidos=49 | reaproveitados=25526
09/09/2026 16:30:05 | INFO | Indexação | verificados=25600 | lidos=49 | reaproveitados=25551
09/09/2026 16:30:05 | INFO | Indexação | verificados=25625 | lidos=49 | reaproveitados=25576
09/09/2026 16:30:05 | INFO | Indexação | verificados=25650 | lidos=49 | reaproveitados=25601
09/09/2026 16:30:05 | INFO | Indexação | verificados=25675 | lidos=49 | reaproveitados=25626
09/09/2026 16:30:05 | INFO | Indexação | verificados=25700 | lidos=49 | reaproveitados=25651
09/09/2026 16:30:06 | INFO | Indexação | verificados=25725 | lidos=49 | reaproveitados=25676
09/09/2026 16:30:06 | INFO | Indexação | verificados=25750 | lidos=49 | reaproveitados=25701
09/09/2026 16:30:06 | INFO | Indexação | verificados=25775 | lidos=49 | reaproveitados=25726
09/09/2026 16:30:06 | INFO | Indexação | verificados=25800 | lidos=49 | reaproveitados=25751
09/09/2026 16:30:06 | INFO | Indexação | verificados=25825 | lidos=49 | reaproveitados=25776
09/09/2026 16:30:06 | INFO | Indexação | verificados=25850 | lidos=49 | reaproveitados=25801
09/09/2026 16:30:06 | INFO | Indexação | verificados=25875 | lidos=49 | reaproveitados=25826
09/09/2026 16:30:06 | INFO | Indexação | verificados=25900 | lidos=49 | reaproveitados=25851
09/09/2026 16:30:06 | INFO | Indexação | verificados=25925 | lidos=49 | reaproveitados=25876
09/09/2026 16:30:06 | INFO | Indexação | verificados=25950 | lidos=49 | reaproveitados=25901
09/09/2026 16:30:06 | INFO | Indexação | verificados=25975 | lidos=49 | reaproveitados=25926
09/09/2026 16:30:06 | INFO | Indexação | verificados=26000 | lidos=49 | reaproveitados=25951
09/09/2026 16:30:06 | INFO | Indexação | verificados=26025 | lidos=49 | reaproveitados=25976
09/09/2026 16:30:07 | INFO | Indexação | verificados=26050 | lidos=49 | reaproveitados=26001
09/09/2026 16:30:07 | INFO | Indexação | verificados=26075 | lidos=49 | reaproveitados=26026
09/09/2026 16:30:07 | INFO | Indexação | verificados=26100 | lidos=49 | reaproveitados=26051
09/09/2026 16:30:07 | INFO | Indexação | verificados=26125 | lidos=49 | reaproveitados=26076
09/09/2026 16:30:07 | INFO | Indexação | verificados=26150 | lidos=49 | reaproveitados=26101
09/09/2026 16:30:07 | INFO | Indexação | verificados=26175 | lidos=49 | reaproveitados=26126
09/09/2026 16:30:07 | INFO | Indexação | verificados=26200 | lidos=49 | reaproveitados=26151
09/09/2026 16:30:07 | INFO | Indexação | verificados=26225 | lidos=49 | reaproveitados=26176
09/09/2026 16:30:07 | INFO | Indexação | verificados=26250 | lidos=49 | reaproveitados=26201
09/09/2026 16:30:07 | INFO | Indexação | verificados=26275 | lidos=49 | reaproveitados=26226
09/09/2026 16:30:07 | INFO | Indexação | verificados=26300 | lidos=49 | reaproveitados=26251
09/09/2026 16:30:08 | INFO | Indexação | verificados=26325 | lidos=49 | reaproveitados=26276
09/09/2026 16:30:08 | INFO | Indexação | verificados=26350 | lidos=49 | reaproveitados=26301
09/09/2026 16:30:08 | INFO | Indexação | verificados=26375 | lidos=49 | reaproveitados=26326
09/09/2026 16:30:08 | INFO | Indexação | verificados=26400 | lidos=49 | reaproveitados=26351
09/09/2026 16:30:08 | INFO | Indexação | verificados=26425 | lidos=49 | reaproveitados=26376
09/09/2026 16:30:08 | INFO | Indexação | verificados=26450 | lidos=49 | reaproveitados=26401
09/09/2026 16:30:08 | INFO | Indexação | verificados=26475 | lidos=49 | reaproveitados=26426
09/09/2026 16:30:08 | INFO | Indexação | verificados=26500 | lidos=49 | reaproveitados=26451
09/09/2026 16:30:08 | INFO | Indexação | verificados=26525 | lidos=49 | reaproveitados=26476
09/09/2026 16:30:08 | INFO | Indexação | verificados=26550 | lidos=49 | reaproveitados=26501
09/09/2026 16:30:08 | INFO | Indexação | verificados=26575 | lidos=49 | reaproveitados=26526
09/09/2026 16:30:08 | INFO | Indexação | verificados=26600 | lidos=49 | reaproveitados=26551
09/09/2026 16:30:09 | INFO | Indexação | verificados=26625 | lidos=49 | reaproveitados=26576
09/09/2026 16:30:09 | INFO | Indexação | verificados=26650 | lidos=49 | reaproveitados=26601
09/09/2026 16:30:09 | INFO | Indexação | verificados=26675 | lidos=49 | reaproveitados=26626
09/09/2026 16:30:09 | INFO | Indexação | verificados=26700 | lidos=49 | reaproveitados=26651
09/09/2026 16:30:09 | INFO | Indexação | verificados=26725 | lidos=49 | reaproveitados=26676
09/09/2026 16:30:09 | INFO | Indexação | verificados=26750 | lidos=49 | reaproveitados=26701
09/09/2026 16:30:09 | INFO | Indexação | verificados=26775 | lidos=49 | reaproveitados=26726
09/09/2026 16:30:09 | INFO | Indexação | verificados=26800 | lidos=49 | reaproveitados=26751
09/09/2026 16:30:09 | INFO | Indexação | verificados=26825 | lidos=49 | reaproveitados=26776
09/09/2026 16:30:09 | INFO | Indexação | verificados=26850 | lidos=49 | reaproveitados=26801
09/09/2026 16:30:09 | INFO | Indexação | verificados=26875 | lidos=49 | reaproveitados=26826
09/09/2026 16:30:10 | INFO | Indexação | verificados=26900 | lidos=49 | reaproveitados=26851
09/09/2026 16:30:10 | INFO | Indexação | verificados=26925 | lidos=49 | reaproveitados=26876
09/09/2026 16:30:10 | INFO | Indexação | verificados=26950 | lidos=49 | reaproveitados=26901
09/09/2026 16:30:10 | INFO | Indexação | verificados=26975 | lidos=49 | reaproveitados=26926
09/09/2026 16:30:10 | INFO | Indexação | verificados=27000 | lidos=49 | reaproveitados=26951
09/09/2026 16:30:10 | INFO | Indexação | verificados=27025 | lidos=49 | reaproveitados=26976
09/09/2026 16:30:10 | INFO | Indexação | verificados=27050 | lidos=49 | reaproveitados=27001
09/09/2026 16:30:10 | INFO | Indexação | verificados=27075 | lidos=49 | reaproveitados=27026
09/09/2026 16:30:10 | INFO | Indexação | verificados=27100 | lidos=49 | reaproveitados=27051
09/09/2026 16:30:10 | INFO | Indexação | verificados=27125 | lidos=49 | reaproveitados=27076
09/09/2026 16:30:10 | INFO | Indexação | verificados=27150 | lidos=49 | reaproveitados=27101
09/09/2026 16:30:11 | INFO | Indexação | verificados=27175 | lidos=49 | reaproveitados=27126
09/09/2026 16:30:11 | INFO | Indexação | verificados=27200 | lidos=49 | reaproveitados=27151
09/09/2026 16:30:11 | INFO | Indexação | verificados=27225 | lidos=49 | reaproveitados=27176
09/09/2026 16:30:11 | INFO | Indexação | verificados=27250 | lidos=49 | reaproveitados=27201
09/09/2026 16:30:11 | INFO | Indexação | verificados=27275 | lidos=49 | reaproveitados=27226
09/09/2026 16:30:11 | INFO | Indexação | verificados=27300 | lidos=49 | reaproveitados=27251
09/09/2026 16:30:11 | INFO | Indexação | verificados=27325 | lidos=49 | reaproveitados=27276
09/09/2026 16:30:11 | INFO | Indexação | verificados=27350 | lidos=49 | reaproveitados=27301
09/09/2026 16:30:11 | INFO | Indexação | verificados=27375 | lidos=49 | reaproveitados=27326
09/09/2026 16:30:11 | INFO | Indexação | verificados=27400 | lidos=49 | reaproveitados=27351
09/09/2026 16:30:11 | INFO | Indexação | verificados=27425 | lidos=49 | reaproveitados=27376
09/09/2026 16:30:11 | INFO | Indexação | verificados=27450 | lidos=49 | reaproveitados=27401
09/09/2026 16:30:12 | INFO | Indexação | verificados=27475 | lidos=49 | reaproveitados=27426
09/09/2026 16:30:12 | INFO | Indexação | verificados=27500 | lidos=49 | reaproveitados=27451
09/09/2026 16:30:12 | INFO | Indexação | verificados=27525 | lidos=49 | reaproveitados=27476
09/09/2026 16:30:12 | INFO | Indexação | verificados=27550 | lidos=49 | reaproveitados=27501
09/09/2026 16:30:12 | WARNING | PDF não indexado | arquivo=F:\Documentos\Rafael\WK PARTICIPAÇÕES\NOTIFICAÇÃO\NAI ITCD\JOANA SEFAZ\JOANA WEBBER 90769.pdf | motivo=PdfStreamError: Stream has ended unexpectedly
09/09/2026 16:30:12 | INFO | Indexação | verificados=27575 | lidos=50 | reaproveitados=27525
09/09/2026 16:30:12 | INFO | Indexação | verificados=27600 | lidos=50 | reaproveitados=27550
09/09/2026 16:30:12 | INFO | Indexação | verificados=27625 | lidos=50 | reaproveitados=27575
09/09/2026 16:30:12 | INFO | Indexação | verificados=27650 | lidos=50 | reaproveitados=27600
09/09/2026 16:30:12 | INFO | Indexação | verificados=27675 | lidos=50 | reaproveitados=27625
09/09/2026 16:30:12 | INFO | Indexação | verificados=27700 | lidos=50 | reaproveitados=27650
09/09/2026 16:30:13 | INFO | Indexação | verificados=27725 | lidos=50 | reaproveitados=27675
09/09/2026 16:30:13 | INFO | Indexação | verificados=27750 | lidos=50 | reaproveitados=27700
09/09/2026 16:30:13 | INFO | Indexação | verificados=27775 | lidos=50 | reaproveitados=27725
09/09/2026 16:30:13 | INFO | Indexação | verificados=27800 | lidos=50 | reaproveitados=27750
09/09/2026 16:30:13 | INFO | Indexação | verificados=27825 | lidos=50 | reaproveitados=27775
09/09/2026 16:30:13 | INFO | Atualização finalizada | {'total_pdfs': 27831, 'lidos': 50, 'reaproveitados': 27781, 'sem_texto': 6224, 'erros': 23}
09/09/2026 16:30:35 | INFO | Busca concluída | cnpj=63608124000174 | encontrados=7 | total_pdfs=27831 | lidos=0 | reaproveitados=27831 | sem_texto=6224 | erros=23 | segundos=0.42
09/09/2026 16:38:49 | INFO | Busca concluída | cnpj=63608124000174 | encontrados=7 | total_pdfs=27831 | lidos=0 | reaproveitados=27831 | sem_texto=6224 | erros=23 | segundos=0.43
09/09/2026 16:38:56 | INFO | ZIP gerado | cnpj=63608124000174 | arquivos=4 | bytes=881633
