08/09/2026 09:15:35 | WARNING | PDF não indexado | arquivo=F:\Documentos\Rafael\1 - JUCEMAT - MODELOS DE PROCESSOS\INCORPORAÇÃO\BALANÇO PARA FIINS DE INCORPORAÇÃO - TRR BG.pdf | motivo=PDF sem texto extraível; pode ser escaneado
08/09/2026 09:15:36 | WARNING | PDF não indexado | arquivo=F:\Documentos\Rafael\1 - JUCEMAT - MODELOS DE PROCESSOS\LIVROS PARA SOCIEDADE ANONIMA - SA\LIVRO DE ATAS DE ASSEMBLEIAS.pdf | motivo=PDF sem texto extraível; pode ser escaneado
08/09/2026 09:15:36 | WARNING | PDF não indexado | arquivo=F:\Documentos\Rafael\1 - JUCEMAT - MODELOS DE PROCESSOS\LIVROS PARA SOCIEDADE ANONIMA - SA\LIVRO DE TRANSFERENCIA DE AÇÕES.pdf | motivo=PDF sem texto extraível; pode ser escaneado
08/09/2026 09:15:36 | WARNING | PDF não indexado | arquivo=F:\Documentos\Rafael\1 - JUCEMAT - MODELOS DE PROCESSOS\LIVROS PARA SOCIEDADE ANONIMA - SA\LIVRO PRESENÇA DE ACIONISTAS.pdf | motivo=PDF sem texto extraível; pode ser escaneado
08/09/2026 09:15:36 | WARNING | PDF não indexado | arquivo=F:\Documentos\Rafael\1 - JUCEMAT - MODELOS DE PROCESSOS\LIVROS PARA SOCIEDADE ANONIMA - SA\LIVRO REGISTRO DE AÇÕES.pdf | motivo=PDF sem texto extraível; pode ser escaneado
08/09/2026 09:15:37 | WARNING | PDF não indexado | arquivo=F:\Documentos\Rafael\1 - JUCEMAT - MODELOS DE PROCESSOS\SOCIEDADE ANONIMA - BIOCOMBUSTIVEL\ADITIVO A FICHA PROPOSTA.PDF.pdf | motivo=PDF sem texto extraível; pode ser escaneado
08/09/2026 09:15:38 | WARNING | PDF não indexado | arquivo=F:\Documentos\Rafael\1 - JUCEMAT - MODELOS DE PROCESSOS\SOCIEDADE ANONIMA - BIOCOMBUSTIVEL\COMPROVANTES DE DEPOSITO.pdf | motivo=PDF sem texto extraível; pode ser escaneado
08/09/2026 09:15:40 | WARNING | PDF não indexado | arquivo=F:\Documentos\Rafael\1 - JUCEMAT - MODELOS DE PROCESSOS\SOCIEDADE ANONIMA - BIOCOMBUSTIVEL\EXTRATO.PDF.pdf | motivo=PDF sem texto extraível; pode ser escaneado
08/09/2026 09:15:40 | WARNING | PDF não indexado | arquivo=F:\Documentos\Rafael\1 - JUCEMAT - MODELOS DE PROCESSOS\SOCIEDADE ANONIMA - BIOCOMBUSTIVEL\RECIBO DEPOSITO.PDF.pdf | motivo=PDF sem texto extraível; pode ser escaneado
08/09/2026 09:15:40 | WARNING | PDF não indexado | arquivo=F:\Documentos\Rafael\1 - JUCEMAT - MODELOS DE PROCESSOS\TERMO DE NOMEAÇÃO DE ADMINISTRADOR DE ARMAZÉM.pdf | motivo=PDF sem texto extraível; pode ser escaneado
08/09/2026 09:15:40 | WARNING | PDF não indexado | arquivo=F:\Documentos\Rafael\1 - JUCEMAT - MODELOS DE PROCESSOS\TERMO DE RESPOSNABILIDADE E ACEITAÇÃO  DO CARGO DE ADMINISTRADOR DE ARMAZÉM.pdf | motivo=PDF sem texto extraível; pode ser escaneado
08/09/2026 09:15:40 | WARNING | PDF não indexado | arquivo=F:\Documentos\Rafael\12 - INSCRIÇÃO ESTADUAL - SUBSTITUTO TRIBUTARIO\Contrato Social Cerâmica Almeida 21.pdf | motivo=PDF sem texto extraível; pode ser escaneado
08/09/2026 09:15:41 | WARNING | PDF não indexado | arquivo=F:\Documentos\Rafael\12 - INSCRIÇÃO ESTADUAL - SUBSTITUTO TRIBUTARIO\CRC ALEXANDRE .pdf | motivo=PDF sem texto extraível; pode ser escaneado
08/09/2026 09:15:41 | WARNING | PDF não indexado | arquivo=F:\Documentos\Rafael\12 - INSCRIÇÃO ESTADUAL - SUBSTITUTO TRIBUTARIO\FILIAL\CERTIDÃO FALENCIA - FILIAL.pdf | motivo=PDF sem texto extraível; pode ser escaneado
08/09/2026 09:15:41 | WARNING | PDF não indexado | arquivo=F:\Documentos\Rafael\12 - INSCRIÇÃO ESTADUAL - SUBSTITUTO TRIBUTARIO\FILIAL\CERTIDÃO INMETRO - FILIAL.pdf | motivo=PDF sem texto extraível; pode ser escaneado
08/09/2026 09:15:42 | WARNING | PDF não indexado | arquivo=F:\Documentos\Rafael\12 - INSCRIÇÃO ESTADUAL - SUBSTITUTO TRIBUTARIO\MATRIZ\CERTIDÃO FALENCIA MATRIZ.pdf | motivo=PDF sem texto extraível; pode ser escaneado
08/09/2026 09:15:42 | WARNING | PDF não indexado | arquivo=F:\Documentos\Rafael\12 - INSCRIÇÃO ESTADUAL - SUBSTITUTO TRIBUTARIO\MATRIZ\CERTIDÃO INMETRO - MATRIZ.pdf | motivo=PDF sem texto extraível; pode ser escaneado
08/09/2026 09:15:43 | WARNING | PDF não indexado | arquivo=F:\Documentos\Rafael\12 - INSCRIÇÃO ESTADUAL - SUBSTITUTO TRIBUTARIO\ORÇAMENTO ASSINADO PELO CONTRATANTE.pdf | motivo=PDF sem texto extraível; pode ser escaneado
08/09/2026 09:15:44 | WARNING | PDF não indexado | arquivo=F:\Documentos\Rafael\13 - MANUAL DOS PROCESSOS\33 - EMISSÃO CNPJ .pdf | motivo=PDF sem texto extraível; pode ser escaneado
08/09/2026 09:15:44 | WARNING | PDF não indexado | arquivo=F:\Documentos\Rafael\13 - MANUAL DOS PROCESSOS\34 - EMISSÃO CERTIDÃO FALENCIA E RECUPERAÇÃO JUDICIAL.pdf | motivo=PDF sem texto extraível; pode ser escaneado
08/09/2026 09:15:45 | WARNING | PDF não indexado | arquivo=F:\Documentos\Rafael\13 - MANUAL DOS PROCESSOS\36 - EMISSÃO CERTIDÃO FALENCIA E RECUPERAÇÃO JUDICIAL.pdf | motivo=PDF sem texto extraível; pode ser escaneado
08/09/2026 09:15:49 | WARNING | PDF não indexado | arquivo=F:\Documentos\Rafael\13 - MANUAL DOS PROCESSOS\MODELO FIEL DEPOSITARIO\FIEL DEPOSITARIO - COOPERATIVA DE COLONIZACAO AGROPECUARIA E INDUSTRIAL PINDORAMA LTDA\DOCUMENTOS ANTONIO DE OLIVEIRA -CNH.pdf | motivo=PDF sem texto extraível; pode ser escaneado
08/09/2026 09:15:49 | WARNING | PDF não indexado | arquivo=F:\Documentos\Rafael\13 - MANUAL DOS PROCESSOS\MODELO FIEL DEPOSITARIO\FIEL DEPOSITARIO - COOPERATIVA DE COLONIZACAO AGROPECUARIA E INDUSTRIAL PINDORAMA LTDA\DOCUMENTOS KLÉCIO JOSE - CNH.pdf | motivo=PDF sem texto extraível; pode ser escaneado
08/09/2026 09:15:50 | WARNING | PDF não indexado | arquivo=F:\Documentos\Rafael\13 - MANUAL DOS PROCESSOS\MODELO FIEL DEPOSITARIO\FIEL DEPOSITARIO - COOPERATIVA DE COLONIZACAO AGROPECUARIA E INDUSTRIAL PINDORAMA LTDA\ESTATUTO SOCIAL.pdf | motivo=PDF sem texto extraível; pode ser escaneado
08/09/2026 09:15:54 | INFO | Indexação em andamento | 100 de 27964 PDFs
08/09/2026 09:16:07 | WARNING | PDF não indexado | arquivo=F:\Documentos\Rafael\13 - MANUAL DOS PROCESSOS\MODELO FIEL DEPOSITARIO\FIEL DEPOSITARIO - COOPERATIVA DE COLONIZACAO AGROPECUARIA E INDUSTRIAL PINDORAMA LTDA\PUBLICAÇÕES JORNAIS\DECLARAÇÃO DE ARMAZEM GERAL - Diário oficial.pdf | motivo=PDF sem texto extraível; pode ser escaneado
08/09/2026 09:16:43 | WARNING | PDF não indexado | arquivo=F:\Documentos\Rafael\13 - MANUAL DOS PROCESSOS\MODELO FIEL DEPOSITARIO\FIEL DEPOSITARIO - COOPERATIVA DE COLONIZACAO AGROPECUARIA E INDUSTRIAL PINDORAMA LTDA\PUBLICAÇÕES JORNAIS\PUBLICAÇÕES - NOMEAÇÃO DE FIEL\PUBLICAÇÃO - Diário OFicial.pdf | motivo=PDF sem texto extraível; pode ser escaneado
08/09/2026 09:18:06 | WARNING | PDF não indexado | arquivo=F:\Documentos\Rafael\13 - MANUAL DOS PROCESSOS\MODELO FIEL DEPOSITARIO\FIEL DEPOSITARIO - COOPERATIVA DE COLONIZACAO AGROPECUARIA E INDUSTRIAL PINDORAMA LTDA\PUBLICAÇÕES JORNAIS\REGULAMENTO INTERNO - Diário oficial.pdf | motivo=PDF sem texto extraível; pode ser escaneado
08/09/2026 09:18:19 | WARNING | PDF não indexado | arquivo=F:\Documentos\Rafael\13 - MANUAL DOS PROCESSOS\MODELO FIEL DEPOSITARIO\FIEL DEPOSITARIO - COOPERATIVA DE COLONIZACAO AGROPECUARIA E INDUSTRIAL PINDORAMA LTDA\PUBLICAÇÕES JORNAIS\TABELA DE TARIFAS - Diário oficial.pdf | motivo=PDF sem texto extraível; pode ser escaneado
08/09/2026 09:18:22 | WARNING | PDF não indexado | arquivo=F:\Documentos\Rafael\13 - MANUAL DOS PROCESSOS\MODELO FIEL DEPOSITARIO\FIEL DEPOSITARIO - COOPERGRAOS COOPERATIVA DE ARMAZENAGEM DE GRAOS DE CAMPO VERDE\DOCUMENTOS EMPRESA\CERTIDAO CASAMENTO ALCINDO LIBRELOTTO.pdf | motivo=PDF sem texto extraível; pode ser escaneado
08/09/2026 09:18:22 | WARNING | PDF não indexado | arquivo=F:\Documentos\Rafael\13 - MANUAL DOS PROCESSOS\MODELO FIEL DEPOSITARIO\FIEL DEPOSITARIO - COOPERGRAOS COOPERATIVA DE ARMAZENAGEM DE GRAOS DE CAMPO VERDE\DOCUMENTOS EMPRESA\CNH ALCINDO LIBRELOTTO.pdf | motivo=PDF sem texto extraível; pode ser escaneado
08/09/2026 09:18:23 | WARNING | PDF não indexado | arquivo=F:\Documentos\Rafael\13 - MANUAL DOS PROCESSOS\MODELO FIEL DEPOSITARIO\FIEL DEPOSITARIO - COOPERGRAOS COOPERATIVA DE ARMAZENAGEM DE GRAOS DE CAMPO VERDE\DOCUMENTOS EMPRESA\RG E CPF ALCINDO LIBRELOTTO.pdf | motivo=PDF sem texto extraível; pode ser escaneado
08/09/2026 09:18:23 | WARNING | PDF não indexado | arquivo=F:\Documentos\Rafael\13 - MANUAL DOS PROCESSOS\MODELO FIEL DEPOSITARIO\FIEL DEPOSITARIO - COOPERGRAOS COOPERATIVA DE ARMAZENAGEM DE GRAOS DE CAMPO VERDE\DOCUMENTOS NOVOS\Certidão Casamento Danilo Ataides Martins.pdf | motivo=PDF sem texto extraível; pode ser escaneado
08/09/2026 09:18:24 | WARNING | PDF não indexado | arquivo=F:\Documentos\Rafael\13 - MANUAL DOS PROCESSOS\MODELO FIEL DEPOSITARIO\FIEL DEPOSITARIO - COOPERGRAOS COOPERATIVA DE ARMAZENAGEM DE GRAOS DE CAMPO VERDE\DOCUMENTOS NOVOS\CGRAOS  ANTONIO E VINICIUS  VENC 31 05 2026.pdf | motivo=PDF sem texto extraível; pode ser escaneado
08/09/2026 09:19:25 | WARNING | PDF não indexado | arquivo=F:\Documentos\Rafael\13 - MANUAL DOS PROCESSOS\MODELO FIEL DEPOSITARIO\FIEL DEPOSITARIO - COOPERGRAOS COOPERATIVA DE ARMAZENAGEM DE GRAOS DE CAMPO VERDE\DOCUMENTOS NOVOS\OUTROS DOCUMENTOS DO ARMAZÉM - PROJETO\07 - Coopergrãos - Anexo F - Alvará de Segurança Contra Incêndio - 2024.pdf | motivo=PDF sem texto extraível; pode ser escaneado
08/09/2026 09:25:51 | INFO | Indexação em andamento | 200 de 27964 PDFs
08/09/2026 09:26:04 | WARNING | PDF não indexado | arquivo=F:\Documentos\Rafael\14 - ISENÇÃO DE IPTU\ARLINDO\1 - MATRICULA.pdf | motivo=PDF sem texto extraível; pode ser escaneado
08/09/2026 09:26:05 | WARNING | PDF não indexado | arquivo=F:\Documentos\Rafael\14 - ISENÇÃO DE IPTU\ARLINDO\4 - RG - ARLINDO MARAFON.pdf | motivo=PDF sem texto extraível; pode ser escaneado
08/09/2026 09:26:05 | WARNING | PDF não indexado | arquivo=F:\Documentos\Rafael\14 - ISENÇÃO DE IPTU\ARLINDO\REQUERIMENTO ISENÇÃO IPTU - 2026.pdf | motivo=PDF sem texto extraível; pode ser escaneado
08/09/2026 09:26:05 | WARNING | PDF não indexado | arquivo=F:\Documentos\Rafael\14 - ISENÇÃO DE IPTU\CARMINHA\DOCUMENTOS - CARMEN.pdf | motivo=PDF sem texto extraível; pode ser escaneado
08/09/2026 09:26:05 | WARNING | PDF não indexado | arquivo=F:\Documentos\Rafael\14 - ISENÇÃO DE IPTU\CARMINHA\MATRICULA.pdf | motivo=PDF sem texto extraível; pode ser escaneado
08/09/2026 09:26:05 | WARNING | PDF não indexado | arquivo=F:\Documentos\Rafael\14 - ISENÇÃO DE IPTU\CARMINHA\REQUERIMENTO ISENÇÃO IPTU - 2026.pdf | motivo=PDF sem texto extraível; pode ser escaneado
08/09/2026 09:26:06 | WARNING | PDF não indexado | arquivo=F:\Documentos\Rafael\14 - ISENÇÃO DE IPTU\IRACI\DOCUMENTOS - RG IRACI.pdf | motivo=PDF sem texto extraível; pode ser escaneado
08/09/2026 09:26:06 | WARNING | PDF não indexado | arquivo=F:\Documentos\Rafael\14 - ISENÇÃO DE IPTU\IRACI\MAT. 30.237.pdf | motivo=PDF sem texto extraível; pode ser escaneado
08/09/2026 09:26:06 | WARNING | PDF não indexado | arquivo=F:\Documentos\Rafael\14 - ISENÇÃO DE IPTU\IRACI\MAT. 30.267.pdf | motivo=PDF sem texto extraível; pode ser escaneado
08/09/2026 09:26:06 | WARNING | PDF não indexado | arquivo=F:\Documentos\Rafael\14 - ISENÇÃO DE IPTU\IRACI\MAT. 30.293.pdf | motivo=PDF sem texto extraível; pode ser escaneado
08/09/2026 09:26:06 | WARNING | PDF não indexado | arquivo=F:\Documentos\Rafael\14 - ISENÇÃO DE IPTU\IRACI\MAT. 30.305.pdf | motivo=PDF sem texto extraível; pode ser escaneado
08/09/2026 09:26:07 | WARNING | PDF não indexado | arquivo=F:\Documentos\Rafael\14 - ISENÇÃO DE IPTU\TIM\CERTIDÃO CADASTRO IMOBILIARIO.pdf | motivo=PDF sem texto extraível; pode ser escaneado
08/09/2026 09:26:07 | WARNING | PDF não indexado | arquivo=F:\Documentos\Rafael\14 - ISENÇÃO DE IPTU\TIM\CESSÃO DE TRANSFERENCIA.pdf | motivo=PDF sem texto extraível; pode ser escaneado
08/09/2026 09:26:07 | WARNING | PDF não indexado | arquivo=F:\Documentos\Rafael\14 - ISENÇÃO DE IPTU\TIM\CONTRATO COMPRA E VENDA.pdf | motivo=PDF sem texto extraível; pode ser escaneado
08/09/2026 09:26:07 | WARNING | PDF não indexado | arquivo=F:\Documentos\Rafael\14 - ISENÇÃO DE IPTU\TIM\DOCUMENTOS SÓCIOS - VALENTIN.pdf | motivo=PDF sem texto extraível; pode ser escaneado
08/09/2026 09:26:07 | WARNING | PDF não indexado | arquivo=F:\Documentos\Rafael\14 - ISENÇÃO DE IPTU\TIM\DOCUMENTOS VALENTIN.pdf | motivo=PDF sem texto extraível; pode ser escaneado
08/09/2026 09:26:07 | WARNING | PDF não indexado | arquivo=F:\Documentos\Rafael\14 - ISENÇÃO DE IPTU\TIM\MATRÍCULA.pdf | motivo=PDF sem texto extraível; pode ser escaneado
08/09/2026 09:26:20 | INFO | Indexação em andamento | 300 de 27964 PDFs
08/09/2026 09:26:49 | WARNING | PDF não indexado | arquivo=F:\Documentos\Rafael\2 - PREFEITURA - MODELOS DOCUMENTOS\~$RMULARIOA EMISSÃO DE NF.pdf | motivo=PdfStreamError: Stream has ended unexpectedly
08/09/2026 09:26:49 | WARNING | PDF não indexado | arquivo=F:\Documentos\Rafael\3 - SEFAZ - MODELOS\BAIXA - SUSPENSÃO I.E\BAIXA - NOVA\DECLARAÇÕES LIVRO TERMO DE OCORRENCIA.pdf | motivo=PDF sem texto extraível; pode ser escaneado
08/09/2026 09:26:49 | WARNING | PDF não indexado | arquivo=F:\Documentos\Rafael\3 - SEFAZ - MODELOS\BAIXA - SUSPENSÃO I.E\BAIXA - NOVA\LIVRO - REQUERIMENTO - EFD.pdf | motivo=PDF sem texto extraível; pode ser escaneado
08/09/2026 09:26:49 | WARNING | PDF não indexado | arquivo=F:\Documentos\Rafael\3 - SEFAZ - MODELOS\BAIXA - SUSPENSÃO I.E\BAIXA - NOVA\TERMO DE CIENCIA, RESPONSABILIDADE E FIEL DEPOSITÁRIO - ASSINADO.pdf | motivo=PDF sem texto extraível; pode ser escaneado
08/09/2026 09:26:49 | WARNING | PDF não indexado | arquivo=F:\Documentos\Rafael\3 - SEFAZ - MODELOS\BAIXA - SUSPENSÃO I.E\BAIXA MODELO ANTIGO\CND.pdf | motivo=PDF sem texto extraível; pode ser escaneado
08/09/2026 09:26:49 | WARNING | PDF não indexado | arquivo=F:\Documentos\Rafael\3 - SEFAZ - MODELOS\BAIXA - SUSPENSÃO I.E\BAIXA MODELO ANTIGO\DOCUMENTO NADIR.pdf | motivo=PDF sem texto extraível; pode ser escaneado
08/09/2026 09:26:49 | WARNING | PDF não indexado | arquivo=F:\Documentos\Rafael\3 - SEFAZ - MODELOS\BAIXA - SUSPENSÃO I.E\BAIXA MODELO ANTIGO\DOCUMENTO SERGIO.pdf | motivo=PDF sem texto extraível; pode ser escaneado
08/09/2026 09:26:49 | WARNING | PDF não indexado | arquivo=F:\Documentos\Rafael\3 - SEFAZ - MODELOS\BAIXA - SUSPENSÃO I.E\BAIXA MODELO ANTIGO\FAC .pdf | motivo=PDF sem texto extraível; pode ser escaneado
08/09/2026 09:26:49 | WARNING | PDF não indexado | arquivo=F:\Documentos\Rafael\3 - SEFAZ - MODELOS\BAIXA - SUSPENSÃO I.E\BAIXA MODELO ANTIGO\GUIA DE PAGAMENTO.pdf | motivo=PDF sem texto extraível; pode ser escaneado
08/09/2026 09:26:49 | WARNING | PDF não indexado | arquivo=F:\Documentos\Rafael\3 - SEFAZ - MODELOS\BAIXA - SUSPENSÃO I.E\BAIXA MODELO ANTIGO\PETIÇÃO.pdf | motivo=PDF sem texto extraível; pode ser escaneado
08/09/2026 09:26:49 | WARNING | PDF não indexado | arquivo=F:\Documentos\Rafael\3 - SEFAZ - MODELOS\BAIXA - SUSPENSÃO I.E\BAIXA MODELO ANTIGO\PROCURAÇÃO.pdf | motivo=PDF sem texto extraível; pode ser escaneado
08/09/2026 09:26:49 | WARNING | PDF não indexado | arquivo=F:\Documentos\Rafael\3 - SEFAZ - MODELOS\BAIXA - SUSPENSÃO I.E\BAIXA MODELO ANTIGO\TERMO DE ABERTURA LIVRO.pdf | motivo=PDF sem texto extraível; pode ser escaneado
08/09/2026 09:26:49 | WARNING | PDF não indexado | arquivo=F:\Documentos\Rafael\3 - SEFAZ - MODELOS\BAIXA - SUSPENSÃO I.E\BAIXA MODELO ANTIGO\TERMO DE ENCERRAMENTO LIVRO.pdf | motivo=PDF sem texto extraível; pode ser escaneado
08/09/2026 09:26:50 | WARNING | PDF não indexado | arquivo=F:\Documentos\Rafael\3 - SEFAZ - MODELOS\BAIXA - SUSPENSÃO I.E\BAIXA MODELO ANTIGO\TERMO DE FIEL DEPOSITARIO.pdf | motivo=PDF sem texto extraível; pode ser escaneado
08/09/2026 09:26:50 | WARNING | PDF não indexado | arquivo=F:\Documentos\Rafael\3 - SEFAZ - MODELOS\BAIXA - SUSPENSÃO I.E\BAIXA MODELO ANTIGO\TERMO DE OCORRENCIA 1.pdf | motivo=PDF sem texto extraível; pode ser escaneado
08/09/2026 09:26:50 | WARNING | PDF não indexado | arquivo=F:\Documentos\Rafael\3 - SEFAZ - MODELOS\BAIXA - SUSPENSÃO I.E\BAIXA MODELO ANTIGO\TERMO DE OCORRENCIA 2.pdf | motivo=PDF sem texto extraível; pode ser escaneado
08/09/2026 09:26:50 | WARNING | PDF não indexado | arquivo=F:\Documentos\Rafael\3 - SEFAZ - MODELOS\CREDENCIAMENTO EXPORTAÇÃO\PROCURAÇÃO.pdf | motivo=PDF sem texto extraível; pode ser escaneado
08/09/2026 09:26:51 | WARNING | PDF não indexado | arquivo=F:\Documentos\Rafael\3 - SEFAZ - MODELOS\CREDENCIAMENTO EXPORTAÇÃO - EMPRESA DE OUTRO ESTADO\ROYAL AGRO\FILIAL PARANAGUA\CADASTRO INSCRIÇÃO\Doc. 12 - PGTO - GUIA SEFAZ _ FILIAL PR.pdf | motivo=PDF sem texto extraível; pode ser escaneado
08/09/2026 09:26:51 | WARNING | PDF não indexado | arquivo=F:\Documentos\Rafael\3 - SEFAZ - MODELOS\CREDENCIAMENTO EXPORTAÇÃO - EMPRESA DE OUTRO ESTADO\ROYAL AGRO\FILIAL PARANAGUA\CADASTRO INSCRIÇÃO\Doc. 2 - REQUERIMENTO - CCAD-SUIRP - FILIAL PR.pdf | motivo=PDF sem texto extraível; pode ser escaneado
08/09/2026 09:26:52 | WARNING | PDF não indexado | arquivo=F:\Documentos\Rafael\3 - SEFAZ - MODELOS\CREDENCIAMENTO EXPORTAÇÃO - EMPRESA DE OUTRO ESTADO\ROYAL AGRO\FILIAL PARANAGUA\CADASTRO INSCRIÇÃO\Doc. 4 - FICHA CADASTRAL - FILIAL PR.pdf | motivo=PDF sem texto extraível; pode ser escaneado
08/09/2026 09:26:52 | WARNING | PDF não indexado | arquivo=F:\Documentos\Rafael\3 - SEFAZ - MODELOS\CREDENCIAMENTO EXPORTAÇÃO - EMPRESA DE OUTRO ESTADO\ROYAL AGRO\FILIAL PARANAGUA\CADASTRO INSCRIÇÃO\Doc. 5 - PROCURAÇÃO IRACI.pdf | motivo=PDF sem texto extraível; pode ser escaneado
08/09/2026 09:26:52 | WARNING | PDF não indexado | arquivo=F:\Documentos\Rafael\3 - SEFAZ - MODELOS\CREDENCIAMENTO EXPORTAÇÃO - EMPRESA DE OUTRO ESTADO\ROYAL AGRO\FILIAL PARANAGUA\CADASTRO INSCRIÇÃO\Doc. 6 - DOCUMENTOS IRACI.pdf | motivo=PDF sem texto extraível; pode ser escaneado
08/09/2026 09:26:54 | WARNING | PDF não indexado | arquivo=F:\Documentos\Rafael\3 - SEFAZ - MODELOS\CREDENCIAMENTO EXPORTAÇÃO - EMPRESA DE OUTRO ESTADO\ROYAL AGRO\FILIAL PARANAGUA\CREDENCIAMENTO EXPORTAÇÃO\Doc. 1 - REQUERIMENTO - CREDENCIAMENTO EXPORTAÇÃO - PR.pdf | motivo=PDF sem texto extraível; pode ser escaneado
08/09/2026 09:26:54 | WARNING | PDF não indexado | arquivo=F:\Documentos\Rafael\3 - SEFAZ - MODELOS\CREDENCIAMENTO EXPORTAÇÃO - EMPRESA DE OUTRO ESTADO\ROYAL AGRO\FILIAL PARANAGUA\CREDENCIAMENTO EXPORTAÇÃO\Doc. 10 - EXTRATO ICMS.pdf | motivo=PDF sem texto extraível; pode ser escaneado
08/09/2026 09:26:54 | WARNING | PDF não indexado | arquivo=F:\Documentos\Rafael\3 - SEFAZ - MODELOS\CREDENCIAMENTO EXPORTAÇÃO - EMPRESA DE OUTRO ESTADO\ROYAL AGRO\FILIAL PARANAGUA\CREDENCIAMENTO EXPORTAÇÃO\Doc. 11 - PROCURAÇÃO IRACI.pdf | motivo=PDF sem texto extraível; pode ser escaneado
08/09/2026 09:26:54 | WARNING | PDF não indexado | arquivo=F:\Documentos\Rafael\3 - SEFAZ - MODELOS\CREDENCIAMENTO EXPORTAÇÃO - EMPRESA DE OUTRO ESTADO\ROYAL AGRO\FILIAL PARANAGUA\CREDENCIAMENTO EXPORTAÇÃO\Doc. 12 - DOCUMENTOS IRACI.pdf | motivo=PDF sem texto extraível; pode ser escaneado
08/09/2026 09:26:56 | WARNING | PDF não indexado | arquivo=F:\Documentos\Rafael\3 - SEFAZ - MODELOS\CREDENCIAMENTO EXPORTAÇÃO - EMPRESA DE OUTRO ESTADO\ROYAL AGRO\FILIAL PARANAGUA\CREDENCIAMENTO EXPORTAÇÃO\Doc. 5 - REQUERIMENTO - CREDENCIAMENTO INSCRIÇÃO - PR.pdf | motivo=PDF sem texto extraível; pode ser escaneado
08/09/2026 09:26:58 | WARNING | PDF não indexado | arquivo=F:\Documentos\Rafael\3 - SEFAZ - MODELOS\CREDENCIAMENTO EXPORTAÇÃO - EMPRESA DE OUTRO ESTADO\ROYAL AGRO\FILIAL SAO PAULO\CADASTRO INSCRIÇÃO ESTADUAL\Doc. 12 - PGTO - GUIA SEFAZ _ FILIAL SP.pdf | motivo=PDF sem texto extraível; pode ser escaneado
08/09/2026 09:26:58 | WARNING | PDF não indexado | arquivo=F:\Documentos\Rafael\3 - SEFAZ - MODELOS\CREDENCIAMENTO EXPORTAÇÃO - EMPRESA DE OUTRO ESTADO\ROYAL AGRO\FILIAL SAO PAULO\CADASTRO INSCRIÇÃO ESTADUAL\Doc. 2 - REQUERIMENTO CCAD - SUIRP - FILIAL SP.pdf | motivo=PDF sem texto extraível; pode ser escaneado
08/09/2026 09:26:59 | WARNING | PDF não indexado | arquivo=F:\Documentos\Rafael\3 - SEFAZ - MODELOS\CREDENCIAMENTO EXPORTAÇÃO - EMPRESA DE OUTRO ESTADO\ROYAL AGRO\FILIAL SAO PAULO\CADASTRO INSCRIÇÃO ESTADUAL\Doc. 4 - FICHA CADASTRAL - FILIAL SP.pdf | motivo=PDF sem texto extraível; pode ser escaneado
08/09/2026 09:26:59 | WARNING | PDF não indexado | arquivo=F:\Documentos\Rafael\3 - SEFAZ - MODELOS\CREDENCIAMENTO EXPORTAÇÃO - EMPRESA DE OUTRO ESTADO\ROYAL AGRO\FILIAL SAO PAULO\CADASTRO INSCRIÇÃO ESTADUAL\Doc. 5 - PROCURAÇÃO IRACI.pdf | motivo=PDF sem texto extraível; pode ser escaneado
08/09/2026 09:27:00 | WARNING | PDF não indexado | arquivo=F:\Documentos\Rafael\3 - SEFAZ - MODELOS\CREDENCIAMENTO EXPORTAÇÃO - EMPRESA DE OUTRO ESTADO\ROYAL AGRO\FILIAL SAO PAULO\CADASTRO INSCRIÇÃO ESTADUAL\Doc. 6 - DOCUMENTOS IRACI.pdf | motivo=PDF sem texto extraível; pode ser escaneado
08/09/2026 09:27:02 | WARNING | PDF não indexado | arquivo=F:\Documentos\Rafael\3 - SEFAZ - MODELOS\CREDENCIAMENTO EXPORTAÇÃO - EMPRESA DE OUTRO ESTADO\ROYAL AGRO\FILIAL SAO PAULO\CREDENCIAMENTO EXPORTAÇÃO\Doc. 1 - REQUERIMENTO - CREDENCIAMENTO EXPORTAÇÃO - SP.pdf | motivo=PDF sem texto extraível; pode ser escaneado
08/09/2026 09:27:02 | WARNING | PDF não indexado | arquivo=F:\Documentos\Rafael\3 - SEFAZ - MODELOS\CREDENCIAMENTO EXPORTAÇÃO - EMPRESA DE OUTRO ESTADO\ROYAL AGRO\FILIAL SAO PAULO\CREDENCIAMENTO EXPORTAÇÃO\Doc. 10 - EXTRATO ICMS.pdf | motivo=PDF sem texto extraível; pode ser escaneado
08/09/2026 09:27:02 | WARNING | PDF não indexado | arquivo=F:\Documentos\Rafael\3 - SEFAZ - MODELOS\CREDENCIAMENTO EXPORTAÇÃO - EMPRESA DE OUTRO ESTADO\ROYAL AGRO\FILIAL SAO PAULO\CREDENCIAMENTO EXPORTAÇÃO\Doc. 11 - PROCURAÇÃO IRACI.pdf | motivo=PDF sem texto extraível; pode ser escaneado
08/09/2026 09:27:02 | INFO | Indexação em andamento | 400 de 27964 PDFs
08/09/2026 09:27:02 | WARNING | PDF não indexado | arquivo=F:\Documentos\Rafael\3 - SEFAZ - MODELOS\CREDENCIAMENTO EXPORTAÇÃO - EMPRESA DE OUTRO ESTADO\ROYAL AGRO\FILIAL SAO PAULO\CREDENCIAMENTO EXPORTAÇÃO\Doc. 12 - DOCUMENTOS IRACI.pdf | motivo=PDF sem texto extraível; pode ser escaneado
08/09/2026 09:27:03 | WARNING | PDF não indexado | arquivo=F:\Documentos\Rafael\3 - SEFAZ - MODELOS\CREDENCIAMENTO EXPORTAÇÃO - EMPRESA DE OUTRO ESTADO\ROYAL AGRO\FILIAL SAO PAULO\CREDENCIAMENTO EXPORTAÇÃO\Doc. 5 - REQUERIMENTO - CREDENCIAMENTO INSCRIÇÃO - SP.pdf | motivo=PDF sem texto extraível; pode ser escaneado
08/09/2026 09:27:04 | WARNING | PDF não indexado | arquivo=F:\Documentos\Rafael\3 - SEFAZ - MODELOS\CREDENCIAMENTO EXPORTAÇÃO - EMPRESA DE OUTRO ESTADO\ROYAL AGRO\PROCURAÇÃO.pdf | motivo=PDF sem texto extraível; pode ser escaneado
08/09/2026 09:27:04 | WARNING | PDF não indexado | arquivo=F:\Documentos\Rafael\3 - SEFAZ - MODELOS\CRÉDITO PRESUMIDO (20%)\Certidão PGE.pdf | motivo=PDF sem texto extraível; pode ser escaneado
08/09/2026 09:27:04 | WARNING | PDF não indexado | arquivo=F:\Documentos\Rafael\3 - SEFAZ - MODELOS\CRÉDITO PRESUMIDO (20%)\Credenciamento para crédito presumido.pdf | motivo=PDF sem texto extraível; pode ser escaneado
08/09/2026 09:27:04 | WARNING | PDF não indexado | arquivo=F:\Documentos\Rafael\3 - SEFAZ - MODELOS\CRÉDITO PRESUMIDO (20%)\Termo de abertura.pdf | motivo=PDF sem texto extraível; pode ser escaneado
08/09/2026 09:27:04 | WARNING | PDF não indexado | arquivo=F:\Documentos\Rafael\3 - SEFAZ - MODELOS\CRÉDITO PRESUMIDO (20%)\Termo de Ocorrência.pdf | motivo=PDF sem texto extraível; pode ser escaneado
08/09/2026 09:27:04 | WARNING | PDF não indexado | arquivo=F:\Documentos\Rafael\3 - SEFAZ - MODELOS\DIFERIMENTO DE ICMS NA 2º OPERAÇÃO\TERMO DE OPÇÃO PARA REALIZAÇÃO DE OPERAÇÃOPRESTAÇÃO COM DIFERIMENTO DO ICMS - .pdf | motivo=PDF sem texto extraível; pode ser escaneado
08/09/2026 09:27:05 | WARNING | PDF não indexado | arquivo=F:\Documentos\Rafael\3 - SEFAZ - MODELOS\FIEL DEPOSITÁRIO - TAD\DOCUMENTOS__WILSON.pdf | motivo=PDF sem texto extraível; pode ser escaneado
08/09/2026 09:27:05 | WARNING | PDF não indexado | arquivo=F:\Documentos\Rafael\3 - SEFAZ - MODELOS\FIEL DEPOSITÁRIO - TAD\TAD E DOC ARRECADACAO.pdf | motivo=PDF sem texto extraível; pode ser escaneado
08/09/2026 09:27:05 | WARNING | PDF não indexado | arquivo=F:\Documentos\Rafael\3 - SEFAZ - MODELOS\PARALISAÇÃO - INSCRIÇÃO ESTADUAL\FAC ASSINADA.pdf | motivo=PDF sem texto extraível; pode ser escaneado
08/09/2026 09:27:05 | WARNING | PDF não indexado | arquivo=F:\Documentos\Rafael\3 - SEFAZ - MODELOS\TACIN\ALVARÁ MX TRANSPORTES.pdf | motivo=PDF sem texto extraível; pode ser escaneado
08/09/2026 09:27:05 | WARNING | PDF não indexado | arquivo=F:\Documentos\Rafael\3 - SEFAZ - MODELOS\TACIN\PGTO TACIN MX TRANSP.pdf | motivo=PDF sem texto extraível; pode ser escaneado
08/09/2026 09:27:09 | WARNING | PDF não indexado | arquivo=F:\Documentos\Rafael\4 - ARQUIVO MORTO\_____OUTROS DOCUMENTOS, PROCESSOS, ETC\ANILTO HILLESHEIM - Processo Fake Paper\ANILTO -\Doc. 5 - Contrato Arrendamento Cesar x Anilto.pdf | motivo=PDF sem texto extraível; pode ser escaneado
08/09/2026 09:27:11 | WARNING | PDF não indexado | arquivo=F:\Documentos\Rafael\4 - ARQUIVO MORTO\_____OUTROS DOCUMENTOS, PROCESSOS, ETC\ANILTO HILLESHEIM - Processo Fake Paper\CIRA\Doc. 2 - Contrato Arrendamento Cesar x Anilto.pdf | motivo=PDF sem texto extraível; pode ser escaneado
08/09/2026 09:27:11 | WARNING | PDF não indexado | arquivo=F:\Documentos\Rafael\4 - ARQUIVO MORTO\_____OUTROS DOCUMENTOS, PROCESSOS, ETC\ANILTO HILLESHEIM - Processo Fake Paper\Doc. 5 - Contrato Arrendamento Cesar x Anilto.pdf | motivo=PDF sem texto extraível; pode ser escaneado
08/09/2026 09:27:20 | INFO | Indexação em andamento | 500 de 27964 PDFs
08/09/2026 09:27:20 | WARNING | PDF não indexado | arquivo=F:\Documentos\Rafael\4 - ARQUIVO MORTO\_____OUTROS DOCUMENTOS, PROCESSOS, ETC\BENEDITO\DOCUMENTOS - LAUDICÉIA PEREIRA DA SILVA.pdf | motivo=PDF sem texto extraível; pode ser escaneado
08/09/2026 09:27:21 | WARNING | PDF não indexado | arquivo=F:\Documentos\Rafael\4 - ARQUIVO MORTO\_____OUTROS DOCUMENTOS, PROCESSOS, ETC\BENEDITO\INTIMAÇÃO 22.10.2025 - Prazo 02.12.2025\DOCUMENTOS HERDEIROS - Alexandre Jonathan da Silva.pdf | motivo=PDF sem texto extraível; pode ser escaneado
08/09/2026 09:27:22 | WARNING | PDF não indexado | arquivo=F:\Documentos\Rafael\4 - ARQUIVO MORTO\_____OUTROS DOCUMENTOS, PROCESSOS, ETC\BENEDITO\INTIMAÇÃO 22.10.2025 - Prazo 02.12.2025\DOCUMENTOS HERDEIROS - Andre Julio da Silva.pdf | motivo=PDF sem texto extraível; pode ser escaneado
08/09/2026 09:27:22 | WARNING | PDF não indexado | arquivo=F:\Documentos\Rafael\4 - ARQUIVO MORTO\_____OUTROS DOCUMENTOS, PROCESSOS, ETC\BENEDITO\INTIMAÇÃO 22.10.2025 - Prazo 02.12.2025\DOCUMENTOS HERDEIROS [VIÚVA]- Laudiceia Pereira da Silva.pdf | motivo=PDF sem texto extraível; pode ser escaneado
08/09/2026 09:27:22 | WARNING | PDF não indexado | arquivo=F:\Documentos\Rafael\4 - ARQUIVO MORTO\_____OUTROS DOCUMENTOS, PROCESSOS, ETC\BENEDITO\INTIMAÇÃO 22.10.2025 - Prazo 02.12.2025\INTIMACAO - De 22.10.2025.pdf | motivo=PDF sem texto extraível; pode ser escaneado
08/09/2026 09:27:23 | WARNING | PDF não indexado | arquivo=F:\Documentos\Rafael\4 - ARQUIVO MORTO\_____OUTROS DOCUMENTOS, PROCESSOS, ETC\BENEDITO\INTIMAÇÃO 22.10.2025 - Prazo 02.12.2025\PROTOCOLO INVENTARIO EXTRAJUDICIAL.pdf | motivo=PDF sem texto extraível; pode ser escaneado
08/09/2026 09:27:23 | WARNING | PDF não indexado | arquivo=F:\Documentos\Rafael\4 - ARQUIVO MORTO\_____OUTROS DOCUMENTOS, PROCESSOS, ETC\BENEDITO\INTIMAÇÃO 26.02.2026 - Prazo 28.03.2026\ESCRITURA PUBLICA INVENTARIO - Requerimento.pdf | motivo=PDF sem texto extraível; pode ser escaneado
08/09/2026 09:27:25 | WARNING | PDF não indexado | arquivo=F:\Documentos\Rafael\4 - ARQUIVO MORTO\_____OUTROS DOCUMENTOS, PROCESSOS, ETC\GUIDANIR ANTONIO PERLIN\DOCUMENTOS\DOCUMENTOS RITA.pdf | motivo=PDF sem texto extraível; pode ser escaneado
08/09/2026 09:27:26 | WARNING | PDF não indexado | arquivo=F:\Documentos\Rafael\4 - ARQUIVO MORTO\_____OUTROS DOCUMENTOS, PROCESSOS, ETC\GUIDANIR ANTONIO PERLIN\PROCURAÇÃO - Maria x Jane.pdf | motivo=PDF sem texto extraível; pode ser escaneado
08/09/2026 09:27:27 | WARNING | PDF não indexado | arquivo=F:\Documentos\Rafael\4 - ARQUIVO MORTO\_____OUTROS DOCUMENTOS, PROCESSOS, ETC\INTIMAÇÕES FABIANO\1 - eprocess\Doc. 02 - Documento pessoal Fabiano.pdf | motivo=PDF sem texto extraível; pode ser escaneado
08/09/2026 09:28:06 | WARNING | PDF não indexado | arquivo=F:\Documentos\Rafael\4 - ARQUIVO MORTO\_____OUTROS DOCUMENTOS, PROCESSOS, ETC\INTIMAÇÕES FABIANO\1 - eprocess\Doc. 10 - NAI n. 51731007522024173.pdf | motivo=PDF sem texto extraível; pode ser escaneado
08/09/2026 09:28:38 | INFO | Indexação em andamento | 600 de 27964 PDFs
08/09/2026 09:28:39 | WARNING | PDF não indexado | arquivo=F:\Documentos\Rafael\4 - ARQUIVO MORTO\_____OUTROS DOCUMENTOS, PROCESSOS, ETC\INTIMAÇÕES FABIANO\ANA CAROLINE CELLA\INTIMAÇÃO 121986.1760.68.2025 - Complementação Not. 326377 - Comprovar Mútuo\DILAÇÃO DE PRAZO\DILAÇÃO DE PRAZO - Ana Caroline Cella.pdf | motivo=PDF sem texto extraível; pode ser escaneado
08/09/2026 09:28:41 | WARNING | PDF não indexado | arquivo=F:\Documentos\Rafael\4 - ARQUIVO MORTO\_____OUTROS DOCUMENTOS, PROCESSOS, ETC\INTIMAÇÕES FABIANO\ANA CAROLINE CELLA\INTIMAÇÃO 326377.1760.68.2024 - Comprovar Movimentação financeira\CONTRATO MÚTUO - Fabiano x Ana Carolina.pdf | motivo=PDF sem texto extraível; pode ser escaneado
08/09/2026 09:28:43 | WARNING | PDF não indexado | arquivo=F:\Documentos\Rafael\4 - ARQUIVO MORTO\_____OUTROS DOCUMENTOS, PROCESSOS, ETC\INTIMAÇÕES FABIANO\ANA CAROLINE CELLA\INTIMAÇÃO 326377.1760.68.2024 - Comprovar Movimentação financeira\DEFESA - DOCUMENTOS ENVIADOS NO PROCESSO\DOC. 03 - DEFERIMENTO PEDIDO DE DILAÇÃO.pdf | motivo=PDF sem texto extraível; pode ser escaneado
08/09/2026 09:28:43 | WARNING | PDF não indexado | arquivo=F:\Documentos\Rafael\4 - ARQUIVO MORTO\_____OUTROS DOCUMENTOS, PROCESSOS, ETC\INTIMAÇÕES FABIANO\ANA CAROLINE CELLA\INTIMAÇÃO 326377.1760.68.2024 - Comprovar Movimentação financeira\DEFESA - DOCUMENTOS ENVIADOS NO PROCESSO\DOC. 04 - CONTRATO - Fabiano x Ana Carolina.pdf | motivo=PDF sem texto extraível; pode ser escaneado
08/09/2026 09:28:43 | WARNING | PDF não indexado | arquivo=F:\Documentos\Rafael\4 - ARQUIVO MORTO\_____OUTROS DOCUMENTOS, PROCESSOS, ETC\INTIMAÇÕES FABIANO\ANA CAROLINE CELLA\INTIMAÇÃO 326377.1760.68.2024 - Comprovar Movimentação financeira\DEFESA - DOCUMENTOS ENVIADOS NO PROCESSO\DOC. 05 - RECIBO.pdf | motivo=PDF sem texto extraível; pode ser escaneado
08/09/2026 09:28:43 | WARNING | PDF não indexado | arquivo=F:\Documentos\Rafael\4 - ARQUIVO MORTO\_____OUTROS DOCUMENTOS, PROCESSOS, ETC\INTIMAÇÕES FABIANO\ANA CAROLINE CELLA\INTIMAÇÃO 326377.1760.68.2024 - Comprovar Movimentação financeira\DEFESA - DOCUMENTOS ENVIADOS NO PROCESSO\PROTOCOLO.pdf | motivo=PDF sem texto extraível; pode ser escaneado
08/09/2026 09:28:44 | WARNING | PDF não indexado | arquivo=F:\Documentos\Rafael\4 - ARQUIVO MORTO\_____OUTROS DOCUMENTOS, PROCESSOS, ETC\INTIMAÇÕES FABIANO\ANA CAROLINE CELLA\INTIMAÇÃO 326377.1760.68.2024 - Comprovar Movimentação financeira\DILAÇÃO DE PRAZO\DEFERIMENTO DILAÇÃO PRAZO- Ana Caroline Cella.pdf | motivo=PDF sem texto extraível; pode ser escaneado
08/09/2026 09:28:45 | WARNING | PDF não indexado | arquivo=F:\Documentos\Rafael\4 - ARQUIVO MORTO\_____OUTROS DOCUMENTOS, PROCESSOS, ETC\INTIMAÇÕES FABIANO\ANA CAROLINE CELLA\INTIMAÇÃO 326377.1760.68.2024 - Comprovar Movimentação financeira\RECIBO PAGAMENTO MÚTUO.pdf | motivo=PDF sem texto extraível; pode ser escaneado
08/09/2026 09:28:46 | WARNING | PDF não indexado | arquivo=F:\Documentos\Rafael\4 - ARQUIVO MORTO\_____OUTROS DOCUMENTOS, PROCESSOS, ETC\INTIMAÇÕES FABIANO\BONATTO & CLAVISSO LTDA\1 - DEFESA - DOCUMENTOS ENVIADOS\DOC. 03 - RECIBO PRESTAÇÃO DE SERVIÇOS.pdf | motivo=PDF sem texto extraível; pode ser escaneado
08/09/2026 09:28:47 | WARNING | PDF não indexado | arquivo=F:\Documentos\Rafael\4 - ARQUIVO MORTO\_____OUTROS DOCUMENTOS, PROCESSOS, ETC\INTIMAÇÕES FABIANO\BONATTO & CLAVISSO LTDA\RECIBO PRESTAÇÃO DE SERVIÇOS.pdf | motivo=PDF sem texto extraível; pode ser escaneado
08/09/2026 09:28:49 | WARNING | PDF não indexado | arquivo=F:\Documentos\Rafael\4 - ARQUIVO MORTO\_____OUTROS DOCUMENTOS, PROCESSOS, ETC\INTIMAÇÕES FABIANO\CamScanner 13-09-2024 13.53.pdf | motivo=PDF sem texto extraível; pode ser escaneado
08/09/2026 09:28:51 | WARNING | PDF não indexado | arquivo=F:\Documentos\Rafael\4 - ARQUIVO MORTO\_____OUTROS DOCUMENTOS, PROCESSOS, ETC\INTIMAÇÕES FABIANO\CATIA REGINA RANDON ROSSATO\INTIMAÇÃO 121982.1760.68.2025 - Complementação Not. 422605 - Comprovar Mútuo\DEFESA - Documentos enviados\DOC. 04 - CONTRATO EMPRÉSTIMO - Catia x Fabiano.pdf | motivo=PDF sem texto extraível; pode ser escaneado
08/09/2026 09:28:51 | WARNING | PDF não indexado | arquivo=F:\Documentos\Rafael\4 - ARQUIVO MORTO\_____OUTROS DOCUMENTOS, PROCESSOS, ETC\INTIMAÇÕES FABIANO\CATIA REGINA RANDON ROSSATO\INTIMAÇÃO 121982.1760.68.2025 - Complementação Not. 422605 - Comprovar Mútuo\DEFESA - Documentos enviados\DOC. 05 - RECIBO PGTO EMPRÉSTIMO - Catia x Fabiano.pdf | motivo=PDF sem texto extraível; pode ser escaneado
08/09/2026 09:28:51 | WARNING | PDF não indexado | arquivo=F:\Documentos\Rafael\4 - ARQUIVO MORTO\_____OUTROS DOCUMENTOS, PROCESSOS, ETC\INTIMAÇÕES FABIANO\CATIA REGINA RANDON ROSSATO\INTIMAÇÃO 121982.1760.68.2025 - Complementação Not. 422605 - Comprovar Mútuo\DEFESA - Documentos enviados\DOC. 07 - RECIBO FRETE.pdf | motivo=PDF sem texto extraível; pode ser escaneado
08/09/2026 09:28:51 | WARNING | PDF não indexado | arquivo=F:\Documentos\Rafael\4 - ARQUIVO MORTO\_____OUTROS DOCUMENTOS, PROCESSOS, ETC\INTIMAÇÕES FABIANO\CATIA REGINA RANDON ROSSATO\INTIMAÇÃO 121982.1760.68.2025 - Complementação Not. 422605 - Comprovar Mútuo\DEFESA - Documentos enviados\DOC. 08 - CONTRATO DE PARCERIA AGRICOLA - DILCEU ROSSATO.pdf | motivo=PDF sem texto extraível; pode ser escaneado
08/09/2026 09:28:54 | WARNING | PDF não indexado | arquivo=F:\Documentos\Rafael\4 - ARQUIVO MORTO\_____OUTROS DOCUMENTOS, PROCESSOS, ETC\INTIMAÇÕES FABIANO\CATIA REGINA RANDON ROSSATO\INTIMAÇÃO 422605.1760.68.2024 - Comprovar Movimentação financeira\1 - DEFESA - DOCUMENTOS ENVIADOS\DOC. 03 - CONTRATO EMPRÉSTIMO - Catia x Fabiano.pdf | motivo=PDF sem texto extraível; pode ser escaneado
08/09/2026 09:28:54 | WARNING | PDF não indexado | arquivo=F:\Documentos\Rafael\4 - ARQUIVO MORTO\_____OUTROS DOCUMENTOS, PROCESSOS, ETC\INTIMAÇÕES FABIANO\CATIA REGINA RANDON ROSSATO\INTIMAÇÃO 422605.1760.68.2024 - Comprovar Movimentação financeira\1 - DEFESA - DOCUMENTOS ENVIADOS\DOC. 04 - RECIBO PGTO EMPRÉSTIMO - Catia x Fabiano.pdf | motivo=PDF sem texto extraível; pode ser escaneado
08/09/2026 09:28:54 | WARNING | PDF não indexado | arquivo=F:\Documentos\Rafael\4 - ARQUIVO MORTO\_____OUTROS DOCUMENTOS, PROCESSOS, ETC\INTIMAÇÕES FABIANO\CATIA REGINA RANDON ROSSATO\INTIMAÇÃO 422605.1760.68.2024 - Comprovar Movimentação financeira\1 - DEFESA - DOCUMENTOS ENVIADOS\DOC. 06 - RECIBO FRETE.pdf | motivo=PDF sem texto extraível; pode ser escaneado
08/09/2026 09:28:54 | WARNING | PDF não indexado | arquivo=F:\Documentos\Rafael\4 - ARQUIVO MORTO\_____OUTROS DOCUMENTOS, PROCESSOS, ETC\INTIMAÇÕES FABIANO\CATIA REGINA RANDON ROSSATO\INTIMAÇÃO 422605.1760.68.2024 - Comprovar Movimentação financeira\1 - DEFESA - DOCUMENTOS ENVIADOS\DOC. 07 - CONTRATO DE PARCERIA AGRICOLA - DILCEU ROSSATO.pdf | motivo=PDF sem texto extraível; pode ser escaneado
08/09/2026 09:28:54 | WARNING | PDF não indexado | arquivo=F:\Documentos\Rafael\4 - ARQUIVO MORTO\_____OUTROS DOCUMENTOS, PROCESSOS, ETC\INTIMAÇÕES FABIANO\CATIA REGINA RANDON ROSSATO\INTIMAÇÃO 422605.1760.68.2024 - Comprovar Movimentação financeira\CONTRATO DE PARCERIA AGRICOLA - DILCEU ROSSATO.pdf | motivo=PDF sem texto extraível; pode ser escaneado
08/09/2026 09:28:54 | WARNING | PDF não indexado | arquivo=F:\Documentos\Rafael\4 - ARQUIVO MORTO\_____OUTROS DOCUMENTOS, PROCESSOS, ETC\INTIMAÇÕES FABIANO\CATIA REGINA RANDON ROSSATO\INTIMAÇÃO 422605.1760.68.2024 - Comprovar Movimentação financeira\CONTRATO EMPRÉSTIMO - Catia x Fabiano.pdf | motivo=PDF sem texto extraível; pode ser escaneado
08/09/2026 09:28:55 | WARNING | PDF não indexado | arquivo=F:\Documentos\Rafael\4 - ARQUIVO MORTO\_____OUTROS DOCUMENTOS, PROCESSOS, ETC\INTIMAÇÕES FABIANO\CATIA REGINA RANDON ROSSATO\INTIMAÇÃO 422605.1760.68.2024 - Comprovar Movimentação financeira\RECIBO FRETE.pdf | motivo=PDF sem texto extraível; pode ser escaneado
08/09/2026 09:28:56 | WARNING | PDF não indexado | arquivo=F:\Documentos\Rafael\4 - ARQUIVO MORTO\_____OUTROS DOCUMENTOS, PROCESSOS, ETC\INTIMAÇÕES FABIANO\CATIA REGINA RANDON ROSSATO\INTIMAÇÃO 422605.1760.68.2024 - Comprovar Movimentação financeira\RECIBO PGTO EMPRÉSTIMO - Catia x Fabiano.pdf | motivo=PDF sem texto extraível; pode ser escaneado
08/09/2026 09:28:57 | WARNING | PDF não indexado | arquivo=F:\Documentos\Rafael\4 - ARQUIVO MORTO\_____OUTROS DOCUMENTOS, PROCESSOS, ETC\INTIMAÇÕES FABIANO\DALVIR ROSSATO\INTIMAÇÃO 122192.1760.68.2025 - Complementação Not. 326383 - Comprovar Mútuo\DEFESA - Documentos enviados\DOC. 02 - SNE.pdf | motivo=PDF sem texto extraível; pode ser escaneado
08/09/2026 09:28:57 | WARNING | PDF não indexado | arquivo=F:\Documentos\Rafael\4 - ARQUIVO MORTO\_____OUTROS DOCUMENTOS, PROCESSOS, ETC\INTIMAÇÕES FABIANO\DALVIR ROSSATO\INTIMAÇÃO 122192.1760.68.2025 - Complementação Not. 326383 - Comprovar Mútuo\DEFESA - Documentos enviados\DOC. 04 - CONTRATO MUTUO - Fabiano x Dalvir.pdf | motivo=PDF sem texto extraível; pode ser escaneado
08/09/2026 09:28:57 | WARNING | PDF não indexado | arquivo=F:\Documentos\Rafael\4 - ARQUIVO MORTO\_____OUTROS DOCUMENTOS, PROCESSOS, ETC\INTIMAÇÕES FABIANO\DALVIR ROSSATO\INTIMAÇÃO 122192.1760.68.2025 - Complementação Not. 326383 - Comprovar Mútuo\DEFESA - Documentos enviados\DOC. 05 - RECIBO PAGAMENTO MÚTUO.pdf | motivo=PDF sem texto extraível; pode ser escaneado
08/09/2026 09:28:58 | WARNING | PDF não indexado | arquivo=F:\Documentos\Rafael\4 - ARQUIVO MORTO\_____OUTROS DOCUMENTOS, PROCESSOS, ETC\INTIMAÇÕES FABIANO\DALVIR ROSSATO\INTIMAÇÃO 326383.1760.68.2024- Comprovar Movimentação financeira\CONTRATO MUTUO - Fabiano x Dalvir.pdf | motivo=PDF sem texto extraível; pode ser escaneado
08/09/2026 09:29:01 | WARNING | PDF não indexado | arquivo=F:\Documentos\Rafael\4 - ARQUIVO MORTO\_____OUTROS DOCUMENTOS, PROCESSOS, ETC\INTIMAÇÕES FABIANO\DALVIR ROSSATO\INTIMAÇÃO 326383.1760.68.2024- Comprovar Movimentação financeira\DEFESA - DOCUMENTOS ENVIADOS\DOC. 04 - CONTRATO MUTUO - Fabiano x Dalvir.pdf | motivo=PDF sem texto extraível; pode ser escaneado
08/09/2026 09:29:01 | WARNING | PDF não indexado | arquivo=F:\Documentos\Rafael\4 - ARQUIVO MORTO\_____OUTROS DOCUMENTOS, PROCESSOS, ETC\INTIMAÇÕES FABIANO\DALVIR ROSSATO\INTIMAÇÃO 326383.1760.68.2024- Comprovar Movimentação financeira\DEFESA - DOCUMENTOS ENVIADOS\DOC. 05 - RECIBO PAGAMENTO MÚTUO.pdf | motivo=PDF sem texto extraível; pode ser escaneado
08/09/2026 09:29:01 | INFO | Indexação em andamento | 700 de 27964 PDFs
08/09/2026 09:29:02 | WARNING | PDF não indexado | arquivo=F:\Documentos\Rafael\4 - ARQUIVO MORTO\_____OUTROS DOCUMENTOS, PROCESSOS, ETC\INTIMAÇÕES FABIANO\DALVIR ROSSATO\INTIMAÇÃO 326383.1760.68.2024- Comprovar Movimentação financeira\RECIBO PAGAMENTO MÚTUO.pdf | motivo=PDF sem texto extraível; pode ser escaneado
08/09/2026 09:29:04 | WARNING | PDF não indexado | arquivo=F:\Documentos\Rafael\4 - ARQUIVO MORTO\_____OUTROS DOCUMENTOS, PROCESSOS, ETC\INTIMAÇÕES FABIANO\EDILSON TORRESAN\1 - DOCUMENTOS ATENDIMENTO INTIMAÇÃO\DOC. 04 - CONTRATO DE COMISSÃO E RECIBOS.pdf | motivo=PDF sem texto extraível; pode ser escaneado
08/09/2026 09:29:05 | WARNING | PDF não indexado | arquivo=F:\Documentos\Rafael\4 - ARQUIVO MORTO\_____OUTROS DOCUMENTOS, PROCESSOS, ETC\INTIMAÇÕES FABIANO\EDILSON TORRESAN\CONTRATO DE COMISSÃO E RECIBOS.pdf | motivo=PDF sem texto extraível; pode ser escaneado
08/09/2026 09:29:06 | WARNING | PDF não indexado | arquivo=F:\Documentos\Rafael\4 - ARQUIVO MORTO\_____OUTROS DOCUMENTOS, PROCESSOS, ETC\INTIMAÇÕES FABIANO\EDUARDO CANDIDO DE MORAES\NOTIFICAÇÃO.pdf | motivo=PDF sem texto extraível; pode ser escaneado
08/09/2026 09:29:07 | WARNING | PDF não indexado | arquivo=F:\Documentos\Rafael\4 - ARQUIVO MORTO\_____OUTROS DOCUMENTOS, PROCESSOS, ETC\INTIMAÇÕES FABIANO\EMILIO CARLOS GONZATTO\CONTRATO MUTUO e RECIBO - Emílio x Fabiano.pdf | motivo=PDF sem texto extraível; pode ser escaneado
08/09/2026 09:29:07 | WARNING | PDF não indexado | arquivo=F:\Documentos\Rafael\4 - ARQUIVO MORTO\_____OUTROS DOCUMENTOS, PROCESSOS, ETC\INTIMAÇÕES FABIANO\ENIO JOSE RIGO\CONTRATO DE PRESTAÇÃO DE SERVIÇOS.pdf | motivo=PDF sem texto extraível; pode ser escaneado
08/09/2026 09:29:09 | WARNING | PDF não indexado | arquivo=F:\Documentos\Rafael\4 - ARQUIVO MORTO\_____OUTROS DOCUMENTOS, PROCESSOS, ETC\INTIMAÇÕES FABIANO\FABIANO JUNIOR BONATTO\INTIMAÇÃO 121988.1760.68.2025 - Complementação Not. 422300 - Comprovar Mútuo\DEFESA - DOCUMENTOS ENVIADO\DOC. 01 - TERMO DE INICIO DE ACAO FISCAL Nº 121988-1760-68-2025.pdf | motivo=PDF sem texto extraível; pode ser escaneado
08/09/2026 09:29:10 | WARNING | PDF não indexado | arquivo=F:\Documentos\Rafael\4 - ARQUIVO MORTO\_____OUTROS DOCUMENTOS, PROCESSOS, ETC\INTIMAÇÕES FABIANO\FABIANO JUNIOR BONATTO\INTIMAÇÃO 121988.1760.68.2025 - Complementação Not. 422300 - Comprovar Mútuo\DILAÇÃO DE PRAZO\DOC. 01 - TERMO DE INICIO DE ACAO FISCAL Nº 121988-1760-68-2025.pdf | motivo=PDF sem texto extraível; pode ser escaneado
08/09/2026 09:29:10 | WARNING | PDF não indexado | arquivo=F:\Documentos\Rafael\4 - ARQUIVO MORTO\_____OUTROS DOCUMENTOS, PROCESSOS, ETC\INTIMAÇÕES FABIANO\FABIANO JUNIOR BONATTO\INTIMAÇÃO 121988.1760.68.2025 - Complementação Not. 422300 - Comprovar Mútuo\NOTIFICAÇÃO - COmplementação de doc. ref. intimação 422300.pdf | motivo=PDF sem texto extraível; pode ser escaneado
08/09/2026 09:29:50 | WARNING | PDF não indexado | arquivo=F:\Documentos\Rafael\4 - ARQUIVO MORTO\_____OUTROS DOCUMENTOS, PROCESSOS, ETC\INTIMAÇÕES FABIANO\FERNANDO BEDIN\INTIMAÇÃO 122196.1760.68.2025 - Complementação Not. 382049 - Comprovar Mútuo\DEFESA - Documentos protocolados\CONTRATO DE MÚTUO.pdf | motivo=PDF sem texto extraível; pode ser escaneado
08/09/2026 09:29:51 | WARNING | PDF não indexado | arquivo=F:\Documentos\Rafael\4 - ARQUIVO MORTO\_____OUTROS DOCUMENTOS, PROCESSOS, ETC\INTIMAÇÕES FABIANO\FERNANDO BEDIN\INTIMAÇÃO 382049.1760.68.2024 - Comprovar Movimentação financeira\CONTRATO DE MÚTUO.pdf | motivo=PDF sem texto extraível; pode ser escaneado
08/09/2026 09:29:51 | INFO | Indexação em andamento | 800 de 27964 PDFs
08/09/2026 09:29:52 | WARNING | PDF não indexado | arquivo=F:\Documentos\Rafael\4 - ARQUIVO MORTO\_____OUTROS DOCUMENTOS, PROCESSOS, ETC\INTIMAÇÕES FABIANO\FERNANDO BEDIN\INTIMAÇÃO 382049.1760.68.2024 - Comprovar Movimentação financeira\DEFESA - DOCUMENTOS PROTOCOLADOS\Doc. 4 - CONTRATO DE MÚTUO.pdf | motivo=PDF sem texto extraível; pode ser escaneado
08/09/2026 09:29:52 | WARNING | PDF não indexado | arquivo=F:\Documentos\Rafael\4 - ARQUIVO MORTO\_____OUTROS DOCUMENTOS, PROCESSOS, ETC\INTIMAÇÕES FABIANO\FERNANDO BEDIN\INTIMAÇÃO 382049.1760.68.2024 - Comprovar Movimentação financeira\DEFESA - DOCUMENTOS PROTOCOLADOS\Doc. 5 - RECIBOS PAGAMENTO DE MÚTUO.pdf | motivo=PDF sem texto extraível; pode ser escaneado
08/09/2026 09:29:54 | WARNING | PDF não indexado | arquivo=F:\Documentos\Rafael\4 - ARQUIVO MORTO\_____OUTROS DOCUMENTOS, PROCESSOS, ETC\INTIMAÇÕES FABIANO\FERNANDO BEDIN\INTIMAÇÃO 382049.1760.68.2024 - Comprovar Movimentação financeira\Documentos QUE ERAM para enviar\DOCUMENTOS REBOQUE - BDZ 0J63.pdf | motivo=PDF sem texto extraível; pode ser escaneado
08/09/2026 09:29:55 | WARNING | PDF não indexado | arquivo=F:\Documentos\Rafael\4 - ARQUIVO MORTO\_____OUTROS DOCUMENTOS, PROCESSOS, ETC\INTIMAÇÕES FABIANO\FERNANDO BEDIN\INTIMAÇÃO 382049.1760.68.2024 - Comprovar Movimentação financeira\RECIBOS PAGAMENTO DE MÚTUO.pdf | motivo=PDF sem texto extraível; pode ser escaneado
08/09/2026 09:29:58 | WARNING | PDF não indexado | arquivo=F:\Documentos\Rafael\4 - ARQUIVO MORTO\_____OUTROS DOCUMENTOS, PROCESSOS, ETC\INTIMAÇÕES FABIANO\JEAN CARLOS TAVARES DE MIRANDA\INTIMAÇÃO 422476.1760.68.2024 - Comprovar Movimentação financeira\CONTRATO CESSÃO DE CRÉDITO e NOTAS - Safras x Fabiano x Jean.pdf | motivo=PDF sem texto extraível; pode ser escaneado
08/09/2026 09:29:58 | WARNING | PDF não indexado | arquivo=F:\Documentos\Rafael\4 - ARQUIVO MORTO\_____OUTROS DOCUMENTOS, PROCESSOS, ETC\INTIMAÇÕES FABIANO\JEAN CARLOS TAVARES DE MIRANDA\INTIMAÇÃO 422476.1760.68.2024 - Comprovar Movimentação financeira\CONTRATO DE EMPRÉSTIMO - Fabiano x Jean.pdf | motivo=PDF sem texto extraível; pode ser escaneado
08/09/2026 09:29:58 | WARNING | PDF não indexado | arquivo=F:\Documentos\Rafael\4 - ARQUIVO MORTO\_____OUTROS DOCUMENTOS, PROCESSOS, ETC\INTIMAÇÕES FABIANO\JEAN CARLOS TAVARES DE MIRANDA\INTIMAÇÃO 422476.1760.68.2024 - Comprovar Movimentação financeira\CONTRATO MÚTUO - Fabiano x Jean.pdf | motivo=PDF sem texto extraível; pode ser escaneado
08/09/2026 09:29:59 | WARNING | PDF não indexado | arquivo=F:\Documentos\Rafael\4 - ARQUIVO MORTO\_____OUTROS DOCUMENTOS, PROCESSOS, ETC\INTIMAÇÕES FABIANO\JEAN CARLOS TAVARES DE MIRANDA\INTIMAÇÃO 422476.1760.68.2024 - Comprovar Movimentação financeira\DEFESA - DOCUMENTOS ENVIADOS\DOC. 03 - CONTRATO MÚTUO - Fabiano x Jean.pdf | motivo=PDF sem texto extraível; pode ser escaneado
08/09/2026 09:29:59 | WARNING | PDF não indexado | arquivo=F:\Documentos\Rafael\4 - ARQUIVO MORTO\_____OUTROS DOCUMENTOS, PROCESSOS, ETC\INTIMAÇÕES FABIANO\JEAN CARLOS TAVARES DE MIRANDA\INTIMAÇÃO 422476.1760.68.2024 - Comprovar Movimentação financeira\DEFESA - DOCUMENTOS ENVIADOS\DOC. 04 -CONTRATO DE EMPRÉSTIMO - Fabiano x Jean.pdf | motivo=PDF sem texto extraível; pode ser escaneado
08/09/2026 09:29:59 | WARNING | PDF não indexado | arquivo=F:\Documentos\Rafael\4 - ARQUIVO MORTO\_____OUTROS DOCUMENTOS, PROCESSOS, ETC\INTIMAÇÕES FABIANO\JEAN CARLOS TAVARES DE MIRANDA\INTIMAÇÃO 422476.1760.68.2024 - Comprovar Movimentação financeira\DEFESA - DOCUMENTOS ENVIADOS\DOC. 05 - RECIBO PAGAMENTO EMPRÉSTIMOS E MUTUO.pdf | motivo=PDF sem texto extraível; pode ser escaneado
08/09/2026 09:30:00 | WARNING | PDF não indexado | arquivo=F:\Documentos\Rafael\4 - ARQUIVO MORTO\_____OUTROS DOCUMENTOS, PROCESSOS, ETC\INTIMAÇÕES FABIANO\JEAN CARLOS TAVARES DE MIRANDA\INTIMAÇÃO 422476.1760.68.2024 - Comprovar Movimentação financeira\DEFESA - DOCUMENTOS ENVIADOS\DOC. 06 - CONTRATO CESSÃO DE CRÉDITO e NOTAS - Safras x Fabiano x Jean.pdf | motivo=PDF sem texto extraível; pode ser escaneado
08/09/2026 09:30:01 | WARNING | PDF não indexado | arquivo=F:\Documentos\Rafael\4 - ARQUIVO MORTO\_____OUTROS DOCUMENTOS, PROCESSOS, ETC\INTIMAÇÕES FABIANO\JEAN CARLOS TAVARES DE MIRANDA\INTIMAÇÃO 422476.1760.68.2024 - Comprovar Movimentação financeira\RECIBO PAGAMENTO EMPRÉSTIMOS E MUTUO.pdf | motivo=PDF sem texto extraível; pode ser escaneado
08/09/2026 09:30:03 | WARNING | PDF não indexado | arquivo=F:\Documentos\Rafael\4 - ARQUIVO MORTO\_____OUTROS DOCUMENTOS, PROCESSOS, ETC\INTIMAÇÕES FABIANO\JEAN PIERRE FORMEHL\INTIMAÇÃO 326495.1760.68.2024 - Comprovar Movimentação financeira\CONFISSÃO DE DÍVIDA - Fabiano x Jean.pdf | motivo=PDF sem texto extraível; pode ser escaneado
08/09/2026 09:30:03 | WARNING | PDF não indexado | arquivo=F:\Documentos\Rafael\4 - ARQUIVO MORTO\_____OUTROS DOCUMENTOS, PROCESSOS, ETC\INTIMAÇÕES FABIANO\JEAN PIERRE FORMEHL\INTIMAÇÃO 326495.1760.68.2024 - Comprovar Movimentação financeira\CONTRATOS DE MÚTUO - Jean x Fabiano.pdf | motivo=PDF sem texto extraível; pode ser escaneado
08/09/2026 09:30:04 | WARNING | PDF não indexado | arquivo=F:\Documentos\Rafael\4 - ARQUIVO MORTO\_____OUTROS DOCUMENTOS, PROCESSOS, ETC\INTIMAÇÕES FABIANO\JEAN PIERRE FORMEHL\INTIMAÇÃO 326495.1760.68.2024 - Comprovar Movimentação financeira\DEFESA - DOCUMENTOS ENVIADOS\DOC. 01 - SNE.pdf | motivo=PDF sem texto extraível; pode ser escaneado
08/09/2026 09:30:04 | WARNING | PDF não indexado | arquivo=F:\Documentos\Rafael\4 - ARQUIVO MORTO\_____OUTROS DOCUMENTOS, PROCESSOS, ETC\INTIMAÇÕES FABIANO\JEAN PIERRE FORMEHL\INTIMAÇÃO 326495.1760.68.2024 - Comprovar Movimentação financeira\DEFESA - DOCUMENTOS ENVIADOS\DOC. 04 - CONTRATOS DE MÚTUO - Jean x Fabiano.pdf | motivo=PDF sem texto extraível; pode ser escaneado
08/09/2026 09:30:04 | WARNING | PDF não indexado | arquivo=F:\Documentos\Rafael\4 - ARQUIVO MORTO\_____OUTROS DOCUMENTOS, PROCESSOS, ETC\INTIMAÇÕES FABIANO\JEAN PIERRE FORMEHL\INTIMAÇÃO 326495.1760.68.2024 - Comprovar Movimentação financeira\DEFESA - DOCUMENTOS ENVIADOS\DOC. 05 - RECIBOS MÚTUO.pdf | motivo=PDF sem texto extraível; pode ser escaneado
08/09/2026 09:30:04 | WARNING | PDF não indexado | arquivo=F:\Documentos\Rafael\4 - ARQUIVO MORTO\_____OUTROS DOCUMENTOS, PROCESSOS, ETC\INTIMAÇÕES FABIANO\JEAN PIERRE FORMEHL\INTIMAÇÃO 326495.1760.68.2024 - Comprovar Movimentação financeira\DEFESA - DOCUMENTOS ENVIADOS\DOC. 07 - CONFISSÃO DE DÍVIDA - Fabiano x Jean.pdf | motivo=PDF sem texto extraível; pode ser escaneado
08/09/2026 09:30:04 | WARNING | PDF não indexado | arquivo=F:\Documentos\Rafael\4 - ARQUIVO MORTO\_____OUTROS DOCUMENTOS, PROCESSOS, ETC\INTIMAÇÕES FABIANO\JEAN PIERRE FORMEHL\INTIMAÇÃO 326495.1760.68.2024 - Comprovar Movimentação financeira\Intimação Fiscal 326495.1760.68.2024 - JEAN PIERRE FORMEHL.pdf | motivo=PDF sem texto extraível; pode ser escaneado
08/09/2026 09:30:05 | WARNING | PDF não indexado | arquivo=F:\Documentos\Rafael\4 - ARQUIVO MORTO\_____OUTROS DOCUMENTOS, PROCESSOS, ETC\INTIMAÇÕES FABIANO\JEAN PIERRE FORMEHL\INTIMAÇÃO 326495.1760.68.2024 - Comprovar Movimentação financeira\RECIBOS MÚTUO.pdf | motivo=PDF sem texto extraível; pode ser escaneado
08/09/2026 09:30:11 | WARNING | PDF não indexado | arquivo=F:\Documentos\Rafael\4 - ARQUIVO MORTO\_____OUTROS DOCUMENTOS, PROCESSOS, ETC\INTIMAÇÕES FABIANO\JOÃO PAULO DE SÁ DANTAS\ATENDIMENTO INTIMAÇÃO\DOC. 01 - SNE.pdf | motivo=PDF sem texto extraível; pode ser escaneado
08/09/2026 09:30:11 | WARNING | PDF não indexado | arquivo=F:\Documentos\Rafael\4 - ARQUIVO MORTO\_____OUTROS DOCUMENTOS, PROCESSOS, ETC\INTIMAÇÕES FABIANO\JOÃO PAULO DE SÁ DANTAS\ATENDIMENTO INTIMAÇÃO\DOC. 02 - CONTRATO MÚTUO - RECIBOS - PGTO.pdf | motivo=PDF sem texto extraível; pode ser escaneado
08/09/2026 09:30:12 | WARNING | PDF não indexado | arquivo=F:\Documentos\Rafael\4 - ARQUIVO MORTO\_____OUTROS DOCUMENTOS, PROCESSOS, ETC\INTIMAÇÕES FABIANO\JOÃO PAULO DE SÁ DANTAS\CONTRATO MÚTUO - RECIBOS - PGTO.pdf | motivo=PDF sem texto extraível; pode ser escaneado
08/09/2026 09:30:12 | WARNING | PDF não indexado | arquivo=F:\Documentos\Rafael\4 - ARQUIVO MORTO\_____OUTROS DOCUMENTOS, PROCESSOS, ETC\INTIMAÇÕES FABIANO\JOÃO PAULO DE SÁ DANTAS\Intimação Fiscal 326496.1760.68.2024.pdf | motivo=PDF sem texto extraível; pode ser escaneado
08/09/2026 09:30:14 | WARNING | PDF não indexado | arquivo=F:\Documentos\Rafael\4 - ARQUIVO MORTO\_____OUTROS DOCUMENTOS, PROCESSOS, ETC\INTIMAÇÕES FABIANO\LUIZ EDUARDO RANDON ROSSATO\INTIMAÇÃO 122196.1760.68.2025 - Complementação Not. 422490 - Comprovar Mútuo\DEFESA - Documentos enviados\DOC. 04 - CONTRATO DE MÚTUO - Luiz x Fabiano.pdf | motivo=PDF sem texto extraível; pode ser escaneado
08/09/2026 09:30:14 | WARNING | PDF não indexado | arquivo=F:\Documentos\Rafael\4 - ARQUIVO MORTO\_____OUTROS DOCUMENTOS, PROCESSOS, ETC\INTIMAÇÕES FABIANO\LUIZ EDUARDO RANDON ROSSATO\INTIMAÇÃO 122196.1760.68.2025 - Complementação Not. 422490 - Comprovar Mútuo\DEFESA - Documentos enviados\DOC. 05 - RECIBO PGTO MÚTUO - Luiz x Fabiano.pdf | motivo=PDF sem texto extraível; pode ser escaneado
08/09/2026 09:30:16 | WARNING | PDF não indexado | arquivo=F:\Documentos\Rafael\4 - ARQUIVO MORTO\_____OUTROS DOCUMENTOS, PROCESSOS, ETC\INTIMAÇÕES FABIANO\LUIZ EDUARDO RANDON ROSSATO\INTIMAÇÃO 422490.1760.68.2024 - Comprovar Movimentação financeira\1 - DEFESA\DOC. 03 - CONTRATO DE MÚTUO - Luiz x Fabiano.pdf | motivo=PDF sem texto extraível; pode ser escaneado
08/09/2026 09:30:16 | WARNING | PDF não indexado | arquivo=F:\Documentos\Rafael\4 - ARQUIVO MORTO\_____OUTROS DOCUMENTOS, PROCESSOS, ETC\INTIMAÇÕES FABIANO\LUIZ EDUARDO RANDON ROSSATO\INTIMAÇÃO 422490.1760.68.2024 - Comprovar Movimentação financeira\1 - DEFESA\DOC. 04 - RECIBO PGTO MÚTUO - Luiz x Fabiano.pdf | motivo=PDF sem texto extraível; pode ser escaneado
08/09/2026 09:30:16 | WARNING | PDF não indexado | arquivo=F:\Documentos\Rafael\4 - ARQUIVO MORTO\_____OUTROS DOCUMENTOS, PROCESSOS, ETC\INTIMAÇÕES FABIANO\LUIZ EDUARDO RANDON ROSSATO\INTIMAÇÃO 422490.1760.68.2024 - Comprovar Movimentação financeira\CONTRATO DE MÚTUO - Luiz x Fabiano.pdf | motivo=PDF sem texto extraível; pode ser escaneado
08/09/2026 09:30:17 | WARNING | PDF não indexado | arquivo=F:\Documentos\Rafael\4 - ARQUIVO MORTO\_____OUTROS DOCUMENTOS, PROCESSOS, ETC\INTIMAÇÕES FABIANO\LUIZ EDUARDO RANDON ROSSATO\INTIMAÇÃO 422490.1760.68.2024 - Comprovar Movimentação financeira\RECIBO PGTO MÚTUO - Luiz x Fabiano.pdf | motivo=PDF sem texto extraível; pode ser escaneado
08/09/2026 09:30:17 | WARNING | PDF não indexado | arquivo=F:\Documentos\Rafael\4 - ARQUIVO MORTO\_____OUTROS DOCUMENTOS, PROCESSOS, ETC\INTIMAÇÕES FABIANO\MARIA VILMA\Doc. 1 - INTIMAÇÃO.pdf | motivo=PDF sem texto extraível; pode ser escaneado
08/09/2026 09:30:19 | WARNING | PDF não indexado | arquivo=F:\Documentos\Rafael\4 - ARQUIVO MORTO\_____OUTROS DOCUMENTOS, PROCESSOS, ETC\INTIMAÇÕES FABIANO\MARIA VILMA\Doc. 2 - RECIBO DE COMISSAO e AUT. DE PGTO.pdf | motivo=PDF sem texto extraível; pode ser escaneado
08/09/2026 09:30:19 | INFO | Indexação em andamento | 900 de 27964 PDFs
08/09/2026 09:30:19 | WARNING | PDF não indexado | arquivo=F:\Documentos\Rafael\4 - ARQUIVO MORTO\_____OUTROS DOCUMENTOS, PROCESSOS, ETC\INTIMAÇÕES FABIANO\MATEUS FELIPE MORAES\1 - DEFESA - DOCUMENTOS ENVIADOS\DOC. 01 - Notificação.pdf | motivo=PDF sem texto extraível; pode ser escaneado
08/09/2026 09:30:19 | WARNING | PDF não indexado | arquivo=F:\Documentos\Rafael\4 - ARQUIVO MORTO\_____OUTROS DOCUMENTOS, PROCESSOS, ETC\INTIMAÇÕES FABIANO\MATEUS FELIPE MORAES\1 - DEFESA - DOCUMENTOS ENVIADOS\DOC. 02 - RECIBO COMISSÃO.pdf | motivo=PDF sem texto extraível; pode ser escaneado
08/09/2026 09:30:20 | WARNING | PDF não indexado | arquivo=F:\Documentos\Rafael\4 - ARQUIVO MORTO\_____OUTROS DOCUMENTOS, PROCESSOS, ETC\INTIMAÇÕES FABIANO\MATEUS FELIPE MORAES\Notificação.pdf | motivo=PDF sem texto extraível; pode ser escaneado
08/09/2026 09:30:20 | WARNING | PDF não indexado | arquivo=F:\Documentos\Rafael\4 - ARQUIVO MORTO\_____OUTROS DOCUMENTOS, PROCESSOS, ETC\INTIMAÇÕES FABIANO\MATEUS FELIPE MORAES\RECIBO COMISSÃO.pdf | motivo=PDF sem texto extraível; pode ser escaneado
08/09/2026 09:30:21 | WARNING | PDF não indexado | arquivo=F:\Documentos\Rafael\4 - ARQUIVO MORTO\_____OUTROS DOCUMENTOS, PROCESSOS, ETC\INTIMAÇÕES FABIANO\PAULO BEDIN\INTIMAÇÃO 382054.1760.68.2024 - Comprovar Movimentação financeira\CONTRATO MUTUO e RECIBO - Paulo x Fabiano.pdf | motivo=PDF sem texto extraível; pode ser escaneado
08/09/2026 09:30:22 | WARNING | PDF não indexado | arquivo=F:\Documentos\Rafael\4 - ARQUIVO MORTO\_____OUTROS DOCUMENTOS, PROCESSOS, ETC\INTIMAÇÕES FABIANO\PAULO BEDIN\INTIMAÇÃO 382054.1760.68.2024 - Comprovar Movimentação financeira\DEFESA - DOCUMENTOS PROTOCOLADOS\DOC. 04 - CONTRATO MUTUO e RECIBO.pdf | motivo=PDF sem texto extraível; pode ser escaneado
08/09/2026 09:30:24 | WARNING | PDF não indexado | arquivo=F:\Documentos\Rafael\4 - ARQUIVO MORTO\_____OUTROS DOCUMENTOS, PROCESSOS, ETC\INTIMAÇÕES FABIANO\PEDRO DE MORAES\CNH PEDRO.pdf | motivo=PDF sem texto extraível; pode ser escaneado
08/09/2026 09:30:24 | WARNING | PDF não indexado | arquivo=F:\Documentos\Rafael\4 - ARQUIVO MORTO\_____OUTROS DOCUMENTOS, PROCESSOS, ETC\INTIMAÇÕES FABIANO\PEDRO DE MORAES\CONTRATO  ARRENDAMENTO.pdf | motivo=PDF sem texto extraível; pode ser escaneado
08/09/2026 09:30:26 | WARNING | PDF não indexado | arquivo=F:\Documentos\Rafael\4 - ARQUIVO MORTO\_____OUTROS DOCUMENTOS, PROCESSOS, ETC\INTIMAÇÕES FABIANO\PEDRO DE MORAES\DEFESA\DOC. 04 - CONTRATO  ARRENDAMENTO.pdf | motivo=PDF sem texto extraível; pode ser escaneado
08/09/2026 09:30:31 | WARNING | PDF não indexado | arquivo=F:\Documentos\Rafael\4 - ARQUIVO MORTO\_____OUTROS DOCUMENTOS, PROCESSOS, ETC\INTIMAÇÕES FABIANO\SCHOL E SCHOL\1 - DEFESA - DOCUMENTOS ENVIADOS NO PROCESSO\Doc. 1 - CONTRATOS DE MÚTUO - ASSINADOS.pdf | motivo=PDF sem texto extraível; pode ser escaneado
08/09/2026 09:30:32 | WARNING | PDF não indexado | arquivo=F:\Documentos\Rafael\4 - ARQUIVO MORTO\_____OUTROS DOCUMENTOS, PROCESSOS, ETC\INTIMAÇÕES FABIANO\SCHOL E SCHOL\1 - DEFESA - DOCUMENTOS ENVIADOS NO PROCESSO\Doc. 3 - COMPROVANTES DE PGTO.pdf | motivo=PDF sem texto extraível; pode ser escaneado
08/09/2026 09:30:32 | WARNING | PDF não indexado | arquivo=F:\Documentos\Rafael\4 - ARQUIVO MORTO\_____OUTROS DOCUMENTOS, PROCESSOS, ETC\INTIMAÇÕES FABIANO\SCHOL E SCHOL\1 - DEFESA - DOCUMENTOS ENVIADOS NO PROCESSO\Doc. 4 - INTIMAÇÃO SCHOLL E SCHOLL.pdf | motivo=PDF sem texto extraível; pode ser escaneado
08/09/2026 09:30:33 | WARNING | PDF não indexado | arquivo=F:\Documentos\Rafael\4 - ARQUIVO MORTO\_____OUTROS DOCUMENTOS, PROCESSOS, ETC\INTIMAÇÕES FABIANO\SCHOL E SCHOL\INTIMAÇÃO SCHOLL E SCHOLL.pdf | motivo=PDF sem texto extraível; pode ser escaneado
08/09/2026 09:30:33 | WARNING | PDF não indexado | arquivo=F:\Documentos\Rafael\4 - ARQUIVO MORTO\_____OUTROS DOCUMENTOS, PROCESSOS, ETC\INTIMAÇÕES FABIANO\VATUTIM\CESSÃO DE CRÉDITO.pdf | motivo=PDF sem texto extraível; pode ser escaneado
08/09/2026 09:30:33 | WARNING | PDF não indexado | arquivo=F:\Documentos\Rafael\4 - ARQUIVO MORTO\_____OUTROS DOCUMENTOS, PROCESSOS, ETC\INTIMAÇÕES FABIANO\VATUTIM\CONTRATO COMPRA E VENDA.pdf | motivo=PDF sem texto extraível; pode ser escaneado
08/09/2026 09:30:33 | WARNING | PDF não indexado | arquivo=F:\Documentos\Rafael\4 - ARQUIVO MORTO\_____OUTROS DOCUMENTOS, PROCESSOS, ETC\INTIMAÇÕES FABIANO\VATUTIM\Itimação Vatutim Maia Filho.pdf | motivo=PDF sem texto extraível; pode ser escaneado
08/09/2026 09:30:34 | WARNING | PDF não indexado | arquivo=F:\Documentos\Rafael\4 - ARQUIVO MORTO\_____OUTROS DOCUMENTOS, PROCESSOS, ETC\INTIMAÇÕES FABIANO\VOLNEI TOPANOTTI\INTIMAÇÃO 326499.1760.68.2024 - Comprovar Movimentação financeira\CONTRATO MUTUO 2018 - Assinado.pdf | motivo=PDF sem texto extraível; pode ser escaneado
08/09/2026 09:30:36 | WARNING | PDF não indexado | arquivo=F:\Documentos\Rafael\4 - ARQUIVO MORTO\_____OUTROS DOCUMENTOS, PROCESSOS, ETC\INTIMAÇÕES FABIANO\WF TRANSPORTES E COMERCIO DE GRAOS LTDA\1- DEFESA\DOC. 04 - CONTRATOS MÚTUO - Fabiano x WF.pdf | motivo=PDF sem texto extraível; pode ser escaneado
08/09/2026 09:30:36 | WARNING | PDF não indexado | arquivo=F:\Documentos\Rafael\4 - ARQUIVO MORTO\_____OUTROS DOCUMENTOS, PROCESSOS, ETC\INTIMAÇÕES FABIANO\WF TRANSPORTES E COMERCIO DE GRAOS LTDA\1- DEFESA\DOC. 05 - RECIBOS PGTO MÚTUO.pdf | motivo=PDF sem texto extraível; pode ser escaneado
08/09/2026 09:30:38 | WARNING | PDF não indexado | arquivo=F:\Documentos\Rafael\4 - ARQUIVO MORTO\_____OUTROS DOCUMENTOS, PROCESSOS, ETC\INTIMAÇÕES FABIANO\WF TRANSPORTES E COMERCIO DE GRAOS LTDA\CONTRATOS MÚTUO - Fabiano x WF.pdf | motivo=PDF sem texto extraível; pode ser escaneado
08/09/2026 09:30:38 | WARNING | PDF não indexado | arquivo=F:\Documentos\Rafael\4 - ARQUIVO MORTO\_____OUTROS DOCUMENTOS, PROCESSOS, ETC\INTIMAÇÕES FABIANO\WF TRANSPORTES E COMERCIO DE GRAOS LTDA\RECIBOS PGTO MÚTUO.pdf | motivo=PDF sem texto extraível; pode ser escaneado
08/09/2026 09:30:38 | WARNING | PDF não indexado | arquivo=F:\Documentos\Rafael\4 - ARQUIVO MORTO\_____OUTROS DOCUMENTOS, PROCESSOS, ETC\Intimações malha IRPF ROBERSON BERGAMIN - 22.23 e 23.24\2022\CERTIDÃO DE NASCIMENTO _ JOAO.pdf | motivo=PDF sem texto extraível; pode ser escaneado
08/09/2026 09:30:39 | INFO | Indexação em andamento | 1000 de 27964 PDFs
08/09/2026 09:30:39 | WARNING | PDF não indexado | arquivo=F:\Documentos\Rafael\4 - ARQUIVO MORTO\_____OUTROS DOCUMENTOS, PROCESSOS, ETC\Intimações malha IRPF ROBERSON BERGAMIN - 22.23 e 23.24\2022\Intimação IRPF 2022 - Recebido dia 15.01.25 - Enviado Icc 29.01.25.pdf | motivo=PDF sem texto extraível; pode ser escaneado
08/09/2026 09:30:39 | WARNING | PDF não indexado | arquivo=F:\Documentos\Rafael\4 - ARQUIVO MORTO\_____OUTROS DOCUMENTOS, PROCESSOS, ETC\Intimações malha IRPF ROBERSON BERGAMIN - 22.23 e 23.24\2022\RECIBOS FORNECIDOS REDE RURAL.pdf | motivo=PDF sem texto extraível; pode ser escaneado
08/09/2026 09:30:40 | WARNING | PDF não indexado | arquivo=F:\Documentos\Rafael\4 - ARQUIVO MORTO\_____OUTROS DOCUMENTOS, PROCESSOS, ETC\Intimações malha IRPF ROBERSON BERGAMIN - 22.23 e 23.24\2023\CERTIDAO DE NASCIMENTO _ JOAO.pdf | motivo=PDF sem texto extraível; pode ser escaneado
08/09/2026 09:30:40 | WARNING | PDF não indexado | arquivo=F:\Documentos\Rafael\4 - ARQUIVO MORTO\_____OUTROS DOCUMENTOS, PROCESSOS, ETC\Intimações malha IRPF ROBERSON BERGAMIN - 22.23 e 23.24\2023\Intimação IRPF 2023 - Recebido dia 29.01.25 - Enviado Icc 29.01.25.pdf | motivo=PDF sem texto extraível; pode ser escaneado
08/09/2026 09:30:40 | WARNING | PDF não indexado | arquivo=F:\Documentos\Rafael\4 - ARQUIVO MORTO\_____OUTROS DOCUMENTOS, PROCESSOS, ETC\Intimações malha IRPF ROBERSON BERGAMIN - 22.23 e 23.24\2023\RECIBOS EMPRESA - 2023.pdf | motivo=PDF sem texto extraível; pode ser escaneado
08/09/2026 09:30:47 | WARNING | PDF não indexado | arquivo=F:\Documentos\Rafael\4 - ARQUIVO MORTO\_____OUTROS DOCUMENTOS, PROCESSOS, ETC\IRACI - CONTRATOS E GEO\GEORREFERENCIAMENTO GLAUCO\PLANTA CAD- IRACI ASS.pdf | motivo=PDF sem texto extraível; pode ser escaneado
08/09/2026 09:30:50 | WARNING | PDF não indexado | arquivo=F:\Documentos\Rafael\4 - ARQUIVO MORTO\_____OUTROS DOCUMENTOS, PROCESSOS, ETC\JEAN BOCOLI - STRAMARI\IRMAOS STRAMARI\CDA 003258-06 - COMPENSAÇÃO.pdf | motivo=PDF sem texto extraível; pode ser escaneado
08/09/2026 09:30:51 | WARNING | PDF não indexado | arquivo=F:\Documentos\Rafael\4 - ARQUIVO MORTO\_____OUTROS DOCUMENTOS, PROCESSOS, ETC\JEAN BOCOLI - STRAMARI\IRMAOS STRAMARI\CDA 20081113 - COMPENSAÇÃO.pdf | motivo=PDF sem texto extraível; pode ser escaneado
08/09/2026 09:30:53 | WARNING | PDF não indexado | arquivo=F:\Documentos\Rafael\4 - ARQUIVO MORTO\_____OUTROS DOCUMENTOS, PROCESSOS, ETC\JEAN BOCOLI - STRAMARI\IRMAOS STRAMARI\CDA 2017501821.pdf | motivo=PDF sem texto extraível; pode ser escaneado
08/09/2026 09:30:54 | WARNING | PDF não indexado | arquivo=F:\Documentos\Rafael\4 - ARQUIVO MORTO\_____OUTROS DOCUMENTOS, PROCESSOS, ETC\JEAN BOCOLI - STRAMARI\IRMAOS STRAMARI\DOCUMENTOS JAIRO.pdf | motivo=PDF sem texto extraível; pode ser escaneado
08/09/2026 09:30:54 | WARNING | PDF não indexado | arquivo=F:\Documentos\Rafael\4 - ARQUIVO MORTO\_____OUTROS DOCUMENTOS, PROCESSOS, ETC\JEAN BOCOLI - STRAMARI\IRMAOS STRAMARI\RELATÓRIO DÍVIDAS ATIVAS.pdf | motivo=PDF sem texto extraível; pode ser escaneado
08/09/2026 09:30:54 | WARNING | PDF não indexado | arquivo=F:\Documentos\Rafael\4 - ARQUIVO MORTO\_____OUTROS DOCUMENTOS, PROCESSOS, ETC\JEAN BOCOLI - STRAMARI\LOURDES STRAMARI\CDA 201414078 - COMPENSAÇÃO.pdf | motivo=PDF sem texto extraível; pode ser escaneado
08/09/2026 09:30:58 | WARNING | PDF não indexado | arquivo=F:\Documentos\Rafael\4 - ARQUIVO MORTO\_____OUTROS DOCUMENTOS, PROCESSOS, ETC\JEAN BOCOLI - STRAMARI\LOURDES STRAMARI\CDA 2022775978.pdf | motivo=PDF sem texto extraível; pode ser escaneado
08/09/2026 09:30:58 | WARNING | PDF não indexado | arquivo=F:\Documentos\Rafael\4 - ARQUIVO MORTO\_____OUTROS DOCUMENTOS, PROCESSOS, ETC\JEAN BOCOLI - STRAMARI\LOURDES STRAMARI\DOCUMENTOS LOURDES.pdf | motivo=PDF sem texto extraível; pode ser escaneado
08/09/2026 09:30:59 | WARNING | PDF não indexado | arquivo=F:\Documentos\Rafael\4 - ARQUIVO MORTO\_____OUTROS DOCUMENTOS, PROCESSOS, ETC\LUCIANE FRANCIO - NOTIFICAÇÃO VERA\DEFERIMENTO DILAÇÃO DE PRAZO.pdf | motivo=PDF sem texto extraível; pode ser escaneado
08/09/2026 09:31:02 | WARNING | PDF não indexado | arquivo=F:\Documentos\Rafael\4 - ARQUIVO MORTO\_____OUTROS DOCUMENTOS, PROCESSOS, ETC\LUCIANE FRANCIO - NOTIFICAÇÃO VERA\DEFESA - DOCUMENTOS ENVIADOS\ALVARA Prefeitura Municipal[1].pdf | motivo=PDF sem texto extraível; pode ser escaneado
08/09/2026 09:31:06 | INFO | Indexação em andamento | 1100 de 27964 PDFs
08/09/2026 09:31:09 | WARNING | PDF não indexado | arquivo=F:\Documentos\Rafael\4 - ARQUIVO MORTO\_____OUTROS DOCUMENTOS, PROCESSOS, ETC\LUCIANE FRANCIO - NOTIFICAÇÃO VERA\Resposta not. 10-2024.pdf | motivo=PDF sem texto extraível; pode ser escaneado
08/09/2026 09:31:15 | INFO | Indexação em andamento | 1200 de 27964 PDFs
08/09/2026 09:31:19 | WARNING | PDF não indexado | arquivo=F:\Documentos\Rafael\4 - ARQUIVO MORTO\_____OUTROS DOCUMENTOS, PROCESSOS, ETC\SILO GRÃOS - PRDI\19.358.866-8 - PGTO.pdf | motivo=PDF sem texto extraível; pode ser escaneado
08/09/2026 09:31:19 | WARNING | PDF não indexado | arquivo=F:\Documentos\Rafael\4 - ARQUIVO MORTO\_____OUTROS DOCUMENTOS, PROCESSOS, ETC\SILO GRÃOS - PRDI\19.358.866-8 - PROTOCOLO EXCLUSÃO GFIP.pdf | motivo=PDF sem texto extraível; pode ser escaneado
08/09/2026 09:31:19 | WARNING | PDF não indexado | arquivo=F:\Documentos\Rafael\4 - ARQUIVO MORTO\_____OUTROS DOCUMENTOS, PROCESSOS, ETC\SILO GRÃOS - PRDI\19.358.866-8 - RELATÓRIO PGFN - Emissão 15.04.24.pdf | motivo=PDF sem texto extraível; pode ser escaneado
08/09/2026 09:31:19 | WARNING | PDF não indexado | arquivo=F:\Documentos\Rafael\4 - ARQUIVO MORTO\_____OUTROS DOCUMENTOS, PROCESSOS, ETC\SILO GRÃOS - PRDI\19.358.867-6 - PGTO.pdf | motivo=PDF sem texto extraível; pode ser escaneado
08/09/2026 09:31:20 | WARNING | PDF não indexado | arquivo=F:\Documentos\Rafael\4 - ARQUIVO MORTO\_____OUTROS DOCUMENTOS, PROCESSOS, ETC\SILO GRÃOS - PRDI\19.358.867-6 - PROTOCOLO EXCLUSÃO GFIP.pdf | motivo=PDF sem texto extraível; pode ser escaneado
08/09/2026 09:31:20 | WARNING | PDF não indexado | arquivo=F:\Documentos\Rafael\4 - ARQUIVO MORTO\_____OUTROS DOCUMENTOS, PROCESSOS, ETC\SILO GRÃOS - PRDI\19.358.867-6 - RELATÓRIO PGFN - Emissão 15.04.24.pdf | motivo=PDF sem texto extraível; pode ser escaneado
08/09/2026 09:31:21 | WARNING | PDF não indexado | arquivo=F:\Documentos\Rafael\4 - ARQUIVO MORTO\A P COSTA DA SILVA & CIA LTDA (ALANA)\ALVARÁ DOS BOMBEIROS.pdf | motivo=PDF sem texto extraível; pode ser escaneado
08/09/2026 09:31:23 | WARNING | PDF não indexado | arquivo=F:\Documentos\Rafael\4 - ARQUIVO MORTO\A P COSTA DA SILVA & CIA LTDA (ALANA)\CONTRATO DE LOCAÇÃO - ADITIVO.pdf | motivo=PDF sem texto extraível; pode ser escaneado
08/09/2026 09:31:23 | WARNING | PDF não indexado | arquivo=F:\Documentos\Rafael\4 - ARQUIVO MORTO\A P COSTA DA SILVA & CIA LTDA (ALANA)\CONTRATO DE LOCAÇÃO.pdf | motivo=PDF sem texto extraível; pode ser escaneado
08/09/2026 09:31:24 | WARNING | PDF não indexado | arquivo=F:\Documentos\Rafael\4 - ARQUIVO MORTO\A P COSTA DA SILVA & CIA LTDA (ALANA)\DOCUMENTO ALANA.pdf | motivo=PDF sem texto extraível; pode ser escaneado
08/09/2026 09:31:24 | WARNING | PDF não indexado | arquivo=F:\Documentos\Rafael\4 - ARQUIVO MORTO\A P COSTA DA SILVA & CIA LTDA (ALANA)\DOCUMENTO MAIKON.pdf | motivo=PDF sem texto extraível; pode ser escaneado
08/09/2026 09:31:24 | WARNING | PDF não indexado | arquivo=F:\Documentos\Rafael\4 - ARQUIVO MORTO\A P COSTA DA SILVA & CIA LTDA (ALANA)\DOCUMENTOS - CERTIDAO DE CASAMENTO.pdf | motivo=PDF sem texto extraível; pode ser escaneado
08/09/2026 09:31:24 | WARNING | PDF não indexado | arquivo=F:\Documentos\Rafael\4 - ARQUIVO MORTO\A P COSTA DA SILVA & CIA LTDA (ALANA)\FOTOS.pdf | motivo=PDF sem texto extraível; pode ser escaneado
08/09/2026 09:31:25 | WARNING | PDF não indexado | arquivo=F:\Documentos\Rafael\4 - ARQUIVO MORTO\A P COSTA DA SILVA & CIA LTDA (ALANA)\HABITE-SE.pdf | motivo=PDF sem texto extraível; pode ser escaneado
08/09/2026 09:31:26 | WARNING | PDF não indexado | arquivo=F:\Documentos\Rafael\4 - ARQUIVO MORTO\A. P. C. DA SILVA COMERCIO DE CALCADOS LTDA (CS Young) - BAIXADA\CONTRATO DE LOCAÇÃO.pdf | motivo=PDF sem texto extraível; pode ser escaneado
08/09/2026 09:31:27 | WARNING | PDF não indexado | arquivo=F:\Documentos\Rafael\4 - ARQUIVO MORTO\A. P. C. DA SILVA COMERCIO DE CALCADOS LTDA (CS Young) - BAIXADA\DOCUMENTO ALANA.pdf | motivo=PDF sem texto extraível; pode ser escaneado
08/09/2026 09:31:28 | WARNING | PDF não indexado | arquivo=F:\Documentos\Rafael\4 - ARQUIVO MORTO\A. R. B. SERVIÇOS AÉREOS\DOCUMENTOS ENCAMINHADOS JUCEMAT.pdf | motivo=PDF sem texto extraível; pode ser escaneado
08/09/2026 09:31:28 | INFO | Indexação em andamento | 1300 de 27964 PDFs
08/09/2026 09:31:33 | WARNING | PDF não indexado | arquivo=F:\Documentos\Rafael\4 - ARQUIVO MORTO\ADS DRONES MATO GROSSO LTDA\ALVARA BOMBEIROS.pdf | motivo=PDF sem texto extraível; pode ser escaneado
08/09/2026 09:31:38 | WARNING | PDF não indexado | arquivo=F:\Documentos\Rafael\4 - ARQUIVO MORTO\ADS DRONES MATO GROSSO LTDA\DOCUMENTOS SOCIO - CNPJ.pdf | motivo=PDF sem texto extraível; pode ser escaneado
08/09/2026 09:31:39 | WARNING | PDF não indexado | arquivo=F:\Documentos\Rafael\4 - ARQUIVO MORTO\ADS DRONES MATO GROSSO LTDA\DOCUMENTOS SOCIO - CONTRATO SOCIAL COM. VAR. PUL. DRONE.pdf | motivo=PDF sem texto extraível; pode ser escaneado
08/09/2026 09:31:39 | WARNING | PDF não indexado | arquivo=F:\Documentos\Rafael\4 - ARQUIVO MORTO\ADS DRONES MATO GROSSO LTDA\DOCUMENTOS SOCIO - EDERSON.pdf | motivo=PDF sem texto extraível; pode ser escaneado
08/09/2026 09:31:39 | WARNING | PDF não indexado | arquivo=F:\Documentos\Rafael\4 - ARQUIVO MORTO\ADS DRONES MATO GROSSO LTDA\DOCUMENTOS SOCIO - ELOISA.pdf | motivo=PDF sem texto extraível; pode ser escaneado
08/09/2026 09:31:40 | WARNING | PDF não indexado | arquivo=F:\Documentos\Rafael\4 - ARQUIVO MORTO\ADS DRONES MATO GROSSO LTDA\DOCUMENTOS SOCIO - MATIAS.pdf | motivo=PDF sem texto extraível; pode ser escaneado
08/09/2026 09:31:40 | WARNING | PDF não indexado | arquivo=F:\Documentos\Rafael\4 - ARQUIVO MORTO\ADS DRONES MATO GROSSO LTDA\FILIAL 02 - JUARA\ENDEREÇO ADS DE JUARA.pdf | motivo=PDF sem texto extraível; pode ser escaneado
08/09/2026 09:31:41 | WARNING | PDF não indexado | arquivo=F:\Documentos\Rafael\4 - ARQUIVO MORTO\ADS DRONES MATO GROSSO LTDA\FOTOS.pdf | motivo=PDF sem texto extraível; pode ser escaneado
08/09/2026 09:31:41 | WARNING | PDF não indexado | arquivo=F:\Documentos\Rafael\4 - ARQUIVO MORTO\ADS DRONES MATO GROSSO LTDA\HABITE-SE.pdf | motivo=PDF sem texto extraível; pode ser escaneado
08/09/2026 09:31:41 | WARNING | PDF não indexado | arquivo=F:\Documentos\Rafael\4 - ARQUIVO MORTO\ADS DRONES MATO GROSSO LTDA\MATRICULA.pdf | motivo=PDF sem texto extraível; pode ser escaneado
08/09/2026 09:31:42 | WARNING | PDF não indexado | arquivo=F:\Documentos\Rafael\4 - ARQUIVO MORTO\ADS DRONES MATO GROSSO LTDA\MATRÍCULA DE ROSARIO.pdf | motivo=PDF sem texto extraível; pode ser escaneado
08/09/2026 09:31:42 | WARNING | PDF não indexado | arquivo=F:\Documentos\Rafael\4 - ARQUIVO MORTO\ADS DRONES MATO GROSSO LTDA\TAC.pdf | motivo=PDF sem texto extraível; pode ser escaneado
08/09/2026 09:31:43 | WARNING | PDF não indexado | arquivo=F:\Documentos\Rafael\4 - ARQUIVO MORTO\AGRO VEDANA\ALVARA 2018 - NOVO.pdf | motivo=PDF sem texto extraível; pode ser escaneado
08/09/2026 09:31:44 | WARNING | PDF não indexado | arquivo=F:\Documentos\Rafael\4 - ARQUIVO MORTO\AGRO VEDANA\BAIXA DA INSCRIÇÃO ESTADUAL\LIVRO TERMO DE OCORRENCIAS.pdf | motivo=PDF sem texto extraível; pode ser escaneado
08/09/2026 09:31:44 | WARNING | PDF não indexado | arquivo=F:\Documentos\Rafael\4 - ARQUIVO MORTO\AGRO VEDANA\BAIXA DA INSCRIÇÃO ESTADUAL\TERMO DE CIÊNCIA, RESPONSABILIDADE E FIEL DEPOSITÁRIO.pdf | motivo=PDF sem texto extraível; pode ser escaneado
08/09/2026 09:31:44 | INFO | Indexação em andamento | 1400 de 27964 PDFs
08/09/2026 09:31:44 | WARNING | PDF não indexado | arquivo=F:\Documentos\Rafael\4 - ARQUIVO MORTO\AGRO VEDANA\CONTRATO DE LOCAÇÃO.pdf | motivo=PDF sem texto extraível; pode ser escaneado
08/09/2026 09:31:46 | WARNING | PDF não indexado | arquivo=F:\Documentos\Rafael\4 - ARQUIVO MORTO\AGRO VEDANA\DOCUMENTOS CELSO.pdf | motivo=PDF sem texto extraível; pode ser escaneado
08/09/2026 09:31:46 | WARNING | PDF não indexado | arquivo=F:\Documentos\Rafael\4 - ARQUIVO MORTO\AGRO VEDANA\DOCUMENTOS MARINA.pdf | motivo=PDF sem texto extraível; pode ser escaneado
08/09/2026 09:31:46 | WARNING | PDF não indexado | arquivo=F:\Documentos\Rafael\4 - ARQUIVO MORTO\AGRO VEDANA\DOCUMENTOS RAFAEL.pdf | motivo=PDF sem texto extraível; pode ser escaneado
08/09/2026 09:31:46 | WARNING | PDF não indexado | arquivo=F:\Documentos\Rafael\4 - ARQUIVO MORTO\AGRO VEDANA\DOCUMENTOS VILMA.pdf | motivo=PDF sem texto extraível; pode ser escaneado
08/09/2026 09:31:46 | WARNING | PDF não indexado | arquivo=F:\Documentos\Rafael\4 - ARQUIVO MORTO\AGRO VEDANA\ESCRITURA DE COMPRA E VENDA.pdf | motivo=PDF sem texto extraível; pode ser escaneado
08/09/2026 09:31:47 | WARNING | PDF não indexado | arquivo=F:\Documentos\Rafael\4 - ARQUIVO MORTO\AGRO VEDANA\OPÇÃO DIFERIMENTO ICMS NA 2º OPERAÇÃO\LIVRO TERMO DE OCORRENCIAS.pdf | motivo=PDF sem texto extraível; pode ser escaneado
08/09/2026 09:31:47 | WARNING | PDF não indexado | arquivo=F:\Documentos\Rafael\4 - ARQUIVO MORTO\AGRO VEDANA\OPÇÃO DIFERIMENTO ICMS NA 2º OPERAÇÃO\SOLICITAÇÃO RETROAGIMENTO ICMS.pdf | motivo=PDF sem texto extraível; pode ser escaneado
08/09/2026 09:31:47 | WARNING | PDF não indexado | arquivo=F:\Documentos\Rafael\4 - ARQUIVO MORTO\AGRO VEDANA\OPÇÃO DIFERIMENTO ICMS NA 2º OPERAÇÃO\TERMO DE OPÇÃO PARA REALIZAÇÃO DE OPERAÇÃOPRESTAÇÃO COM DIFERIMENTO DO ICMS.pdf | motivo=PDF sem texto extraível; pode ser escaneado
08/09/2026 09:31:52 | WARNING | PDF não indexado | arquivo=F:\Documentos\Rafael\4 - ARQUIVO MORTO\AGROP. CAIO - BANCO AGRO\2022.FAZ.GirardiDamo.Gabriel.Declaração.pdf | motivo=PDF sem texto extraível; pode ser escaneado
08/09/2026 09:31:54 | WARNING | PDF não indexado | arquivo=F:\Documentos\Rafael\4 - ARQUIVO MORTO\AGROP. CAIO - BANCO AGRO\2022.FAZ.GirardiDamo.Gabriel.Recibo.pdf | motivo=PDF sem texto extraível; pode ser escaneado
08/09/2026 09:31:56 | WARNING | PDF não indexado | arquivo=F:\Documentos\Rafael\4 - ARQUIVO MORTO\AGROPECUARIA TUCUNDIRA\DOCUMENTOS - CERTIDÃO CASAMENTO.pdf | motivo=PDF sem texto extraível; pode ser escaneado
08/09/2026 09:31:56 | WARNING | PDF não indexado | arquivo=F:\Documentos\Rafael\4 - ARQUIVO MORTO\AGROPECUARIA TUCUNDIRA\DOCUMENTOS - JURCELINO.pdf | motivo=PDF sem texto extraível; pode ser escaneado
08/09/2026 09:31:58 | WARNING | PDF não indexado | arquivo=F:\Documentos\Rafael\4 - ARQUIVO MORTO\AGROPECUÁRIA ABF\DOCUMENTOS SÓCIOS\DOCUMENTOS ADRIANA.pdf | motivo=PDF sem texto extraível; pode ser escaneado
08/09/2026 09:31:58 | WARNING | PDF não indexado | arquivo=F:\Documentos\Rafael\4 - ARQUIVO MORTO\AGROPECUÁRIA ABF\DOCUMENTOS SÓCIOS\DOCUMENTOS ARY.pdf | motivo=PDF sem texto extraível; pode ser escaneado
08/09/2026 09:31:58 | WARNING | PDF não indexado | arquivo=F:\Documentos\Rafael\4 - ARQUIVO MORTO\AGROPECUÁRIA ABF\DOCUMENTOS SÓCIOS\DOCUMENTOS EDUARDO - CASAMENTO.pdf | motivo=PDF sem texto extraível; pode ser escaneado
08/09/2026 09:31:58 | WARNING | PDF não indexado | arquivo=F:\Documentos\Rafael\4 - ARQUIVO MORTO\AGROPECUÁRIA ABF\DOCUMENTOS SÓCIOS\DOCUMENTOS EDUARDO.pdf | motivo=PDF sem texto extraível; pode ser escaneado
08/09/2026 09:31:58 | WARNING | PDF não indexado | arquivo=F:\Documentos\Rafael\4 - ARQUIVO MORTO\AGROPECUÁRIA ABF\DOCUMENTOS SÓCIOS\DOCUMENTOS EVANDRO - CASAMENTO.pdf | motivo=PDF sem texto extraível; pode ser escaneado
08/09/2026 09:31:58 | WARNING | PDF não indexado | arquivo=F:\Documentos\Rafael\4 - ARQUIVO MORTO\AGROPECUÁRIA ABF\DOCUMENTOS SÓCIOS\DOCUMENTOS EVANDRO.pdf | motivo=PDF sem texto extraível; pode ser escaneado
08/09/2026 09:31:58 | WARNING | PDF não indexado | arquivo=F:\Documentos\Rafael\4 - ARQUIVO MORTO\AGROPECUÁRIA ABF\DOCUMENTOS SÓCIOS\DOCUMENTOS JULIANE.pdf | motivo=PDF sem texto extraível; pode ser escaneado
08/09/2026 09:31:58 | WARNING | PDF não indexado | arquivo=F:\Documentos\Rafael\4 - ARQUIVO MORTO\AGROPECUÁRIA ABF\DOCUMENTOS SÓCIOS\DOCUMENTOS TAIS.pdf | motivo=PDF sem texto extraível; pode ser escaneado
08/09/2026 09:31:58 | WARNING | PDF não indexado | arquivo=F:\Documentos\Rafael\4 - ARQUIVO MORTO\AGROPECUÁRIA ABF\INSCRIÇÃO ESTADUAL\FAC ASSINADA.pdf | motivo=PDF sem texto extraível; pode ser escaneado
08/09/2026 09:31:59 | WARNING | PDF não indexado | arquivo=F:\Documentos\Rafael\4 - ARQUIVO MORTO\AGROPECUÁRIA ABF\INSCRIÇÃO ESTADUAL\TERMO DE OPÇÃO PARA REALIZAÇÃO DE OPERAÇÃO COM DIFERIMENTO DO ICMS.pdf | motivo=PDF sem texto extraível; pode ser escaneado
08/09/2026 09:31:59 | WARNING | PDF não indexado | arquivo=F:\Documentos\Rafael\4 - ARQUIVO MORTO\AGROPECUÁRIA ABF\MATRÍCULAS INTEGRALIZADAS\MATRÍCULA 2.134.pdf | motivo=PDF sem texto extraível; pode ser escaneado
08/09/2026 09:31:59 | WARNING | PDF não indexado | arquivo=F:\Documentos\Rafael\4 - ARQUIVO MORTO\AGROPECUÁRIA ABF\MATRÍCULAS INTEGRALIZADAS\MATRÍCULA 49.999.pdf | motivo=PDF sem texto extraível; pode ser escaneado
08/09/2026 09:31:59 | WARNING | PDF não indexado | arquivo=F:\Documentos\Rafael\4 - ARQUIVO MORTO\AGROPECUÁRIA ABF\MATRÍCULAS INTEGRALIZADAS\MATRÍCULA 50.000.pdf | motivo=PDF sem texto extraível; pode ser escaneado
08/09/2026 09:32:00 | WARNING | PDF não indexado | arquivo=F:\Documentos\Rafael\4 - ARQUIVO MORTO\AGROPECUÁRIA ABF\MATRÍCULAS INTEGRALIZADAS\MATRÍCULA 57.256.pdf | motivo=PDF sem texto extraível; pode ser escaneado
08/09/2026 09:32:00 | WARNING | PDF não indexado | arquivo=F:\Documentos\Rafael\4 - ARQUIVO MORTO\AGROPECUÁRIA ABF\MATRÍCULAS INTEGRALIZADAS\MATRÍCULA 57.257.pdf | motivo=PDF sem texto extraível; pode ser escaneado
08/09/2026 09:32:00 | WARNING | PDF não indexado | arquivo=F:\Documentos\Rafael\4 - ARQUIVO MORTO\AGROPECUÁRIA ABF\MATRÍCULAS INTEGRALIZADAS\MATRÍCULA 57.258.pdf | motivo=PDF sem texto extraível; pode ser escaneado
08/09/2026 09:32:00 | WARNING | PDF não indexado | arquivo=F:\Documentos\Rafael\4 - ARQUIVO MORTO\AGROPECUÁRIA ABF\MATRÍCULAS INTEGRALIZADAS\MATRÍCULA 57.259.pdf | motivo=PDF sem texto extraível; pode ser escaneado
08/09/2026 09:32:01 | WARNING | PDF não indexado | arquivo=F:\Documentos\Rafael\4 - ARQUIVO MORTO\AGROPECUÁRIA ABF\MATRÍCULAS INTEGRALIZADAS\MATRÍCULA 66.259.pdf | motivo=PDF sem texto extraível; pode ser escaneado
08/09/2026 09:32:05 | WARNING | PDF não indexado | arquivo=F:\Documentos\Rafael\4 - ARQUIVO MORTO\ALESANDRA SCAQUETTE\DISTRATO.pdf | motivo=PDF sem texto extraível; pode ser escaneado
08/09/2026 09:32:06 | WARNING | PDF não indexado | arquivo=F:\Documentos\Rafael\4 - ARQUIVO MORTO\ALEXANDRE - DAIA\CONTRATO EMPRESA.pdf | motivo=PDF sem texto extraível; pode ser escaneado
08/09/2026 09:32:07 | WARNING | PDF não indexado | arquivo=F:\Documentos\Rafael\4 - ARQUIVO MORTO\ALEXANDRE - DAIA\DOCUMENTOS ALEXANDRO.pdf | motivo=PDF sem texto extraível; pode ser escaneado
08/09/2026 09:32:10 | INFO | Indexação em andamento | 1500 de 27964 PDFs
08/09/2026 09:32:11 | WARNING | PDF não indexado | arquivo=F:\Documentos\Rafael\4 - ARQUIVO MORTO\ALIMENTOS ANDURÁ EIRELI\1º ALTERAÇÃO\PGTO GUIA JUCEMAT.pdf | motivo=PDF sem texto extraível; pode ser escaneado
08/09/2026 09:32:11 | WARNING | PDF não indexado | arquivo=F:\Documentos\Rafael\4 - ARQUIVO MORTO\ALIMENTOS ANDURÁ EIRELI\ALVARÁ 2018.pdf | motivo=PDF sem texto extraível; pode ser escaneado
08/09/2026 09:32:11 | WARNING | PDF não indexado | arquivo=F:\Documentos\Rafael\4 - ARQUIVO MORTO\ALIMENTOS ANDURÁ EIRELI\CERTIDAO DE BAIXA - MUNICIPAL.pdf | motivo=PDF sem texto extraível; pode ser escaneado
08/09/2026 09:32:12 | WARNING | PDF não indexado | arquivo=F:\Documentos\Rafael\4 - ARQUIVO MORTO\ALIMENTOS ANDURÁ EIRELI\CONTRATO ALUGUEL.pdf | motivo=PDF sem texto extraível; pode ser escaneado
08/09/2026 09:32:14 | WARNING | PDF não indexado | arquivo=F:\Documentos\Rafael\4 - ARQUIVO MORTO\ALIMENTOS ANDURÁ EIRELI\DOCUMENTOS SIRLENE.pdf | motivo=PDF sem texto extraível; pode ser escaneado
08/09/2026 09:32:14 | WARNING | PDF não indexado | arquivo=F:\Documentos\Rafael\4 - ARQUIVO MORTO\ALIMENTOS ANDURÁ EIRELI\FAC ASSINADA.pdf | motivo=PDF sem texto extraível; pode ser escaneado
08/09/2026 09:32:14 | WARNING | PDF não indexado | arquivo=F:\Documentos\Rafael\4 - ARQUIVO MORTO\ALIMENTOS ANDURÁ EIRELI\MATRICULA.pdf | motivo=PDF sem texto extraível; pode ser escaneado
08/09/2026 09:32:14 | WARNING | PDF não indexado | arquivo=F:\Documentos\Rafael\4 - ARQUIVO MORTO\ALIMENTOS ANDURÁ EIRELI\PROTOCOLO AMBIENTAL.pdf | motivo=PDF sem texto extraível; pode ser escaneado
08/09/2026 09:32:19 | WARNING | PDF não indexado | arquivo=F:\Documentos\Rafael\4 - ARQUIVO MORTO\ALIMENTOS ANDURÁ EIRELI\SIRLENE BROCH - DECLARAÇÃO.pdf | motivo=PDF sem texto extraível; pode ser escaneado
08/09/2026 09:32:23 | WARNING | PDF não indexado | arquivo=F:\Documentos\Rafael\4 - ARQUIVO MORTO\ALIMENTOS ANDURÁ EIRELI\SIRLENE BROCH - RECIBO.pdf | motivo=PDF sem texto extraível; pode ser escaneado
08/09/2026 09:32:23 | WARNING | PDF não indexado | arquivo=F:\Documentos\Rafael\4 - ARQUIVO MORTO\ALUGUEL SALA SHOPPING\COMPROVANTE ENDEREÇO - SALA.pdf | motivo=PDF sem texto extraível; pode ser escaneado
08/09/2026 09:32:24 | WARNING | PDF não indexado | arquivo=F:\Documentos\Rafael\4 - ARQUIVO MORTO\ALUGUEL SALA SHOPPING\DOCUMENTOS NADIR.pdf | motivo=PDF sem texto extraível; pode ser escaneado
08/09/2026 09:32:24 | WARNING | PDF não indexado | arquivo=F:\Documentos\Rafael\4 - ARQUIVO MORTO\ALUGUEL SALA SHOPPING\ESCRITURA COMPRA E VENDA SALA.pdf | motivo=PDF sem texto extraível; pode ser escaneado
08/09/2026 09:32:24 | WARNING | PDF não indexado | arquivo=F:\Documentos\Rafael\4 - ARQUIVO MORTO\ALUGUEL SALA SHOPPING\MATRÍCULA SALA.pdf | motivo=PDF sem texto extraível; pode ser escaneado
08/09/2026 09:32:25 | WARNING | PDF não indexado | arquivo=F:\Documentos\Rafael\4 - ARQUIVO MORTO\AMAZON FOODS\1º ALTERAÇÃO\DOCUMENTOS ENCAMINHADOS JUNTA.pdf | motivo=PDF sem texto extraível; pode ser escaneado
08/09/2026 09:32:25 | WARNING | PDF não indexado | arquivo=F:\Documentos\Rafael\4 - ARQUIVO MORTO\AMAZON FOODS\1º ALTERAÇÃO\FAC.pdf | motivo=PDF sem texto extraível; pode ser escaneado
08/09/2026 09:32:26 | WARNING | PDF não indexado | arquivo=F:\Documentos\Rafael\4 - ARQUIVO MORTO\AMAZON FOODS\2º ALTERAÇÃO\FAC ASSINADA.pdf | motivo=PDF sem texto extraível; pode ser escaneado
08/09/2026 09:32:26 | WARNING | PDF não indexado | arquivo=F:\Documentos\Rafael\4 - ARQUIVO MORTO\AMAZON FOODS\CONTRATO DE LOCAÇÃO AMAZOONFOODS X NATIV.pdf | motivo=PDF sem texto extraível; pode ser escaneado
08/09/2026 09:32:26 | WARNING | PDF não indexado | arquivo=F:\Documentos\Rafael\4 - ARQUIVO MORTO\AMAZON FOODS\CONTRATO DE PARCERIA DE INSDUSTRIALIZAÇÃO NATIV X AMAZONFOODS.pdf | motivo=PDF sem texto extraível; pode ser escaneado
08/09/2026 09:32:26 | WARNING | PDF não indexado | arquivo=F:\Documentos\Rafael\4 - ARQUIVO MORTO\AMAZON FOODS\CONTRATO LOCAÇÃO AMAZON FOODS - NOVO ENDEREÇO.pdf | motivo=PDF sem texto extraível; pode ser escaneado
08/09/2026 09:32:26 | WARNING | PDF não indexado | arquivo=F:\Documentos\Rafael\4 - ARQUIVO MORTO\AMAZON FOODS\CONTRATO SOCIAL - 1º ALT.pdf | motivo=PDF sem texto extraível; pode ser escaneado
08/09/2026 09:32:26 | WARNING | PDF não indexado | arquivo=F:\Documentos\Rafael\4 - ARQUIVO MORTO\AMAZON FOODS\CONTRATO SOCIAL - 2º ALT.pdf | motivo=PDF sem texto extraível; pode ser escaneado
08/09/2026 09:32:26 | WARNING | PDF não indexado | arquivo=F:\Documentos\Rafael\4 - ARQUIVO MORTO\AMAZON FOODS\CONTRATO SOCIAL - CONSTITUIÇÃO.pdf | motivo=PDF sem texto extraível; pode ser escaneado
08/09/2026 09:32:27 | WARNING | PDF não indexado | arquivo=F:\Documentos\Rafael\4 - ARQUIVO MORTO\AMAZON FOODS\Documentos DILCEU.pdf | motivo=PDF sem texto extraível; pode ser escaneado
08/09/2026 09:32:27 | WARNING | PDF não indexado | arquivo=F:\Documentos\Rafael\4 - ARQUIVO MORTO\AMAZON FOODS\Documentos JOSE.pdf | motivo=PDF sem texto extraível; pode ser escaneado
08/09/2026 09:32:27 | WARNING | PDF não indexado | arquivo=F:\Documentos\Rafael\4 - ARQUIVO MORTO\AMAZON FOODS\Documentos PEDRO.pdf | motivo=PDF sem texto extraível; pode ser escaneado
08/09/2026 09:32:28 | WARNING | PDF não indexado | arquivo=F:\Documentos\Rafael\4 - ARQUIVO MORTO\AMAZON FOODS\TERMO FIEL DEPOSITÁRIO - INSCRIÇÃO ESTADUAL.pdf | motivo=PDF sem texto extraível; pode ser escaneado
08/09/2026 09:32:30 | INFO | Indexação em andamento | 1600 de 27964 PDFs
08/09/2026 09:32:31 | WARNING | PDF não indexado | arquivo=F:\Documentos\Rafael\4 - ARQUIVO MORTO\AMAZON GRÁFICA\CONTRATO DE PARCERIA.pdf | motivo=PDF sem texto extraível; pode ser escaneado
08/09/2026 09:32:34 | WARNING | PDF não indexado | arquivo=F:\Documentos\Rafael\4 - ARQUIVO MORTO\AMAZON GRÁFICA\DOCUMENTO SOCIO - DILCEU.pdf | motivo=PDF sem texto extraível; pode ser escaneado
08/09/2026 09:32:34 | WARNING | PDF não indexado | arquivo=F:\Documentos\Rafael\4 - ARQUIVO MORTO\AMAZON GRÁFICA\DOCUMENTO SOCIO - FABIANO.pdf | motivo=PDF sem texto extraível; pode ser escaneado
08/09/2026 09:32:34 | WARNING | PDF não indexado | arquivo=F:\Documentos\Rafael\4 - ARQUIVO MORTO\AMAZON GRÁFICA\DOCUMENTO SOCIO - LEONARDO.pdf | motivo=PDF sem texto extraível; pode ser escaneado
08/09/2026 09:32:34 | WARNING | PDF não indexado | arquivo=F:\Documentos\Rafael\4 - ARQUIVO MORTO\AMAZON GRÁFICA\DOCUMENTO SOCIO - LUIZ.pdf | motivo=PDF sem texto extraível; pode ser escaneado
08/09/2026 09:32:34 | WARNING | PDF não indexado | arquivo=F:\Documentos\Rafael\4 - ARQUIVO MORTO\AMAZON GRÁFICA\DOCUMENTO SOCIO - PABLO.pdf | motivo=PDF sem texto extraível; pode ser escaneado
08/09/2026 09:32:34 | WARNING | PDF não indexado | arquivo=F:\Documentos\Rafael\4 - ARQUIVO MORTO\AMAZON GRÁFICA\DOCUMENTO SOCIO - PEDRO.pdf | motivo=PDF sem texto extraível; pode ser escaneado
08/09/2026 09:32:34 | WARNING | PDF não indexado | arquivo=F:\Documentos\Rafael\4 - ARQUIVO MORTO\AMAZON GRÁFICA\DOCUMENTO SOCIO - RENAN.pdf | motivo=PDF sem texto extraível; pode ser escaneado
08/09/2026 09:32:34 | WARNING | PDF não indexado | arquivo=F:\Documentos\Rafael\4 - ARQUIVO MORTO\AMAZON GRÁFICA\DOCUMENTO SOCIO - WILLIAN.pdf | motivo=PDF sem texto extraível; pode ser escaneado
08/09/2026 09:32:35 | WARNING | PDF não indexado | arquivo=F:\Documentos\Rafael\4 - ARQUIVO MORTO\AMAZON GRÁFICA\FACHADA.pdf | motivo=PDF sem texto extraível; pode ser escaneado
08/09/2026 09:32:35 | WARNING | PDF não indexado | arquivo=F:\Documentos\Rafael\4 - ARQUIVO MORTO\AMAZON GRÁFICA\FOTOS.pdf | motivo=PDF sem texto extraível; pode ser escaneado
08/09/2026 09:32:35 | WARNING | PDF não indexado | arquivo=F:\Documentos\Rafael\4 - ARQUIVO MORTO\AMAZON GRÁFICA\MATRICULA 6080.pdf | motivo=PDF sem texto extraível; pode ser escaneado
08/09/2026 09:32:35 | WARNING | PDF não indexado | arquivo=F:\Documentos\Rafael\4 - ARQUIVO MORTO\AMAZON GRÁFICA\NOTIFICAÇÃO MTE\ANTONIO\ATESTADO DE SAUDE - ANTONIO.pdf | motivo=PDF sem texto extraível; pode ser escaneado
08/09/2026 09:32:35 | WARNING | PDF não indexado | arquivo=F:\Documentos\Rafael\4 - ARQUIVO MORTO\AMAZON GRÁFICA\NOTIFICAÇÃO MTE\ANTONIO\CARTEIRA DE TRABALHO - ANTONIO.pdf | motivo=PDF sem texto extraível; pode ser escaneado
08/09/2026 09:32:35 | WARNING | PDF não indexado | arquivo=F:\Documentos\Rafael\4 - ARQUIVO MORTO\AMAZON GRÁFICA\NOTIFICAÇÃO MTE\ANTONIO\CONTRATO DE EXPERIENCIA - ANTONIO.pdf | motivo=PDF sem texto extraível; pode ser escaneado
08/09/2026 09:32:35 | WARNING | PDF não indexado | arquivo=F:\Documentos\Rafael\4 - ARQUIVO MORTO\AMAZON GRÁFICA\NOTIFICAÇÃO MTE\ANTONIO\HOLERITH - MES 06 - ANTONIO.pdf | motivo=PDF sem texto extraível; pode ser escaneado
08/09/2026 09:32:35 | WARNING | PDF não indexado | arquivo=F:\Documentos\Rafael\4 - ARQUIVO MORTO\AMAZON GRÁFICA\NOTIFICAÇÃO MTE\DOCUMENTOS EMPRESA\CAGED.pdf | motivo=PDF sem texto extraível; pode ser escaneado
08/09/2026 09:32:35 | WARNING | PDF não indexado | arquivo=F:\Documentos\Rafael\4 - ARQUIVO MORTO\AMAZON GRÁFICA\NOTIFICAÇÃO MTE\DOCUMENTOS EMPRESA\GUIA  FGTS - MES 05.pdf | motivo=PDF sem texto extraível; pode ser escaneado
08/09/2026 09:32:35 | WARNING | PDF não indexado | arquivo=F:\Documentos\Rafael\4 - ARQUIVO MORTO\AMAZON GRÁFICA\NOTIFICAÇÃO MTE\DOCUMENTOS EMPRESA\GUIA - GPS.pdf | motivo=PDF sem texto extraível; pode ser escaneado
08/09/2026 09:32:35 | WARNING | PDF não indexado | arquivo=F:\Documentos\Rafael\4 - ARQUIVO MORTO\AMAZON GRÁFICA\NOTIFICAÇÃO MTE\DOCUMENTOS EMPRESA\LIVRO INSPEÇÃO DO TRABALHO.pdf | motivo=PDF sem texto extraível; pode ser escaneado
08/09/2026 09:32:35 | WARNING | PDF não indexado | arquivo=F:\Documentos\Rafael\4 - ARQUIVO MORTO\AMAZON GRÁFICA\NOTIFICAÇÃO MTE\DOCUMENTOS EMPRESA\LIVRO REGISTRO DE FUNCIONARIOS.pdf | motivo=PDF sem texto extraível; pode ser escaneado
08/09/2026 09:32:35 | WARNING | PDF não indexado | arquivo=F:\Documentos\Rafael\4 - ARQUIVO MORTO\AMAZON GRÁFICA\NOTIFICAÇÃO MTE\FABIO\ATESTADO DE SAUDE - FABIO.pdf | motivo=PDF sem texto extraível; pode ser escaneado
08/09/2026 09:32:36 | WARNING | PDF não indexado | arquivo=F:\Documentos\Rafael\4 - ARQUIVO MORTO\AMAZON GRÁFICA\NOTIFICAÇÃO MTE\FABIO\CARTEIRA DE TRABALHO - FABIO.pdf | motivo=PDF sem texto extraível; pode ser escaneado
08/09/2026 09:32:36 | WARNING | PDF não indexado | arquivo=F:\Documentos\Rafael\4 - ARQUIVO MORTO\AMAZON GRÁFICA\NOTIFICAÇÃO MTE\FABIO\CONTRATO DE EXPERIENCIA - FABIO.pdf | motivo=PDF sem texto extraível; pode ser escaneado
08/09/2026 09:32:36 | WARNING | PDF não indexado | arquivo=F:\Documentos\Rafael\4 - ARQUIVO MORTO\AMAZON GRÁFICA\NOTIFICAÇÃO MTE\FABIO\HOLERITH - MES 05 - FABIO.pdf | motivo=PDF sem texto extraível; pode ser escaneado
08/09/2026 09:32:36 | WARNING | PDF não indexado | arquivo=F:\Documentos\Rafael\4 - ARQUIVO MORTO\AMAZON GRÁFICA\NOTIFICAÇÃO MTE\FABIO\HOLERITH - MES 06 - FABIO.pdf | motivo=PDF sem texto extraível; pode ser escaneado
08/09/2026 09:32:36 | WARNING | PDF não indexado | arquivo=F:\Documentos\Rafael\4 - ARQUIVO MORTO\AMAZON GRÁFICA\PROTOCOLO BOMBEIRO.pdf | motivo=PDF sem texto extraível; pode ser escaneado
08/09/2026 09:32:36 | WARNING | PDF não indexado | arquivo=F:\Documentos\Rafael\4 - ARQUIVO MORTO\AMAZON GRÁFICA\PROTOCOLO HABITE-SE.pdf | motivo=PDF sem texto extraível; pode ser escaneado
08/09/2026 09:32:36 | WARNING | PDF não indexado | arquivo=F:\Documentos\Rafael\4 - ARQUIVO MORTO\AMAZON GRÁFICA\TAC 2022.pdf | motivo=PDF sem texto extraível; pode ser escaneado
08/09/2026 09:32:36 | WARNING | PDF não indexado | arquivo=F:\Documentos\Rafael\4 - ARQUIVO MORTO\AMAZON GRÁFICA\TAC 2023.pdf | motivo=PDF sem texto extraível; pode ser escaneado
08/09/2026 09:32:36 | WARNING | PDF não indexado | arquivo=F:\Documentos\Rafael\4 - ARQUIVO MORTO\AMAZON GRÁFICA\TAC 2024.pdf | motivo=PDF sem texto extraível; pode ser escaneado
08/09/2026 09:32:37 | WARNING | PDF não indexado | arquivo=F:\Documentos\Rafael\4 - ARQUIVO MORTO\AMAZON GRÁFICA\TERMO INVENTARIO.pdf | motivo=PDF sem texto extraível; pode ser escaneado
08/09/2026 09:32:37 | WARNING | PDF não indexado | arquivo=F:\Documentos\Rafael\4 - ARQUIVO MORTO\AMK FLORESTAL\DOCUMENTOS ANTONIO MARCOS.pdf | motivo=PDF sem texto extraível; pode ser escaneado
08/09/2026 09:32:43 | WARNING | PDF não indexado | arquivo=F:\Documentos\Rafael\4 - ARQUIVO MORTO\ANDROMEDA INTERMEDIAÇÕES E COMERCIO DE PEDRAS\DOCUMENTO IMÓVEL - ESCRITURA.pdf | motivo=PDF sem texto extraível; pode ser escaneado
08/09/2026 09:32:43 | WARNING | PDF não indexado | arquivo=F:\Documentos\Rafael\4 - ARQUIVO MORTO\ANDROMEDA INTERMEDIAÇÕES E COMERCIO DE PEDRAS\DOCUMENTO IMÓVEL - MATRÍCULA.PDF | motivo=PDF sem texto extraível; pode ser escaneado
08/09/2026 09:32:43 | WARNING | PDF não indexado | arquivo=F:\Documentos\Rafael\4 - ARQUIVO MORTO\ANDROMEDA INTERMEDIAÇÕES E COMERCIO DE PEDRAS\DOCUMENTO SOCIO - CRISTIANE.pdf | motivo=PDF sem texto extraível; pode ser escaneado
08/09/2026 09:32:43 | WARNING | PDF não indexado | arquivo=F:\Documentos\Rafael\4 - ARQUIVO MORTO\ANDROMEDA INTERMEDIAÇÕES E COMERCIO DE PEDRAS\DOCUMENTO SOCIO - JOSE ROBERTO.pdf | motivo=PDF sem texto extraível; pode ser escaneado
08/09/2026 09:32:43 | INFO | Indexação em andamento | 1700 de 27964 PDFs
08/09/2026 09:32:44 | WARNING | PDF não indexado | arquivo=F:\Documentos\Rafael\4 - ARQUIVO MORTO\AVIACAO AGRICOLA TUIUIU\RELATORIO DEBITOS PREFEITURA.pdf | motivo=PDF sem texto extraível; pode ser escaneado
08/09/2026 09:32:45 | WARNING | PDF não indexado | arquivo=F:\Documentos\Rafael\4 - ARQUIVO MORTO\AVP ARMAZÉNS GERAIS\CONTRATO DE ARRENDAMENTO - COOPERSORRISO x AVP ARMAZÉNS.pdf | motivo=PDF sem texto extraível; pode ser escaneado
08/09/2026 09:32:48 | WARNING | PDF não indexado | arquivo=F:\Documentos\Rafael\4 - ARQUIVO MORTO\AVP ARMAZÉNS GERAIS\LICENÇA DE OPERAÇÃO AVP - VAL 26.02.2021.pdf | motivo=PDF sem texto extraível; pode ser escaneado
08/09/2026 09:32:48 | WARNING | PDF não indexado | arquivo=F:\Documentos\Rafael\4 - ARQUIVO MORTO\AVP ARMAZÉNS GERAIS\MATRICULA 0525 - AVP.pdf | motivo=PDF sem texto extraível; pode ser escaneado
08/09/2026 09:32:48 | WARNING | PDF não indexado | arquivo=F:\Documentos\Rafael\4 - ARQUIVO MORTO\AXOR SEMENTES\CONTRATO COMODATO.pdf | motivo=PDF sem texto extraível; pode ser escaneado
08/09/2026 09:32:59 | WARNING | PDF não indexado | arquivo=F:\Documentos\Rafael\4 - ARQUIVO MORTO\BARREIRO ARMAZÉNS GERAIS\DOCUMENTOS LUCIANE.pdf | motivo=PDF sem texto extraível; pode ser escaneado
08/09/2026 09:33:00 | WARNING | PDF não indexado | arquivo=F:\Documentos\Rafael\4 - ARQUIVO MORTO\BARRENHA & BARRENHA SERVIÇOS\ALVARA_BOMBEIRO.pdf | motivo=PDF sem texto extraível; pode ser escaneado
08/09/2026 09:33:03 | WARNING | PDF não indexado | arquivo=F:\Documentos\Rafael\4 - ARQUIVO MORTO\BARRENHA & BARRENHA SERVIÇOS\FOTOS.pdf | motivo=PDF sem texto extraível; pode ser escaneado
08/09/2026 09:33:03 | WARNING | PDF não indexado | arquivo=F:\Documentos\Rafael\4 - ARQUIVO MORTO\BARRENHA & BARRENHA SERVIÇOS\HABITE-SE.pdf | motivo=PDF sem texto extraível; pode ser escaneado
08/09/2026 09:33:05 | INFO | Indexação em andamento | 1800 de 27964 PDFs
08/09/2026 09:33:11 | WARNING | PDF não indexado | arquivo=F:\Documentos\Rafael\4 - ARQUIVO MORTO\BEDIN PARTICIPAÇÃOES\CPF e RG - Luciano.pdf | motivo=PDF sem texto extraível; pode ser escaneado
08/09/2026 09:33:11 | WARNING | PDF não indexado | arquivo=F:\Documentos\Rafael\4 - ARQUIVO MORTO\BEDIN PARTICIPAÇÃOES\DOCUMENTOS SOCIOS___ARGINO BEDIN.pdf | motivo=PDF sem texto extraível; pode ser escaneado
08/09/2026 09:33:11 | WARNING | PDF não indexado | arquivo=F:\Documentos\Rafael\4 - ARQUIVO MORTO\BEDIN PARTICIPAÇÃOES\DOCUMENTOS SOCIOS___IVAN BEDIN.pdf | motivo=PDF sem texto extraível; pode ser escaneado
08/09/2026 09:33:12 | WARNING | PDF não indexado | arquivo=F:\Documentos\Rafael\4 - ARQUIVO MORTO\BEDIN PARTICIPAÇÃOES\DOCUMENTOS SOCIOS___LEOCLIDES BEDIN.pdf | motivo=PDF sem texto extraível; pode ser escaneado
08/09/2026 09:33:12 | WARNING | PDF não indexado | arquivo=F:\Documentos\Rafael\4 - ARQUIVO MORTO\BEDIN PARTICIPAÇÃOES\DOCUMENTOS SOCIOS___LUCIANO BEDIN.pdf | motivo=PDF sem texto extraível; pode ser escaneado
08/09/2026 09:33:12 | WARNING | PDF não indexado | arquivo=F:\Documentos\Rafael\4 - ARQUIVO MORTO\BEDIN PARTICIPAÇÃOES\DOCUMENTOS SOCIOS___NILSO BEDIN.pdf | motivo=PDF sem texto extraível; pode ser escaneado
08/09/2026 09:33:12 | WARNING | PDF não indexado | arquivo=F:\Documentos\Rafael\4 - ARQUIVO MORTO\BEDIN PARTICIPAÇÃOES\DOCUMENTOS SOCIOS___ROBERTA BEDIN.pdf | motivo=PDF sem texto extraível; pode ser escaneado
08/09/2026 09:33:12 | WARNING | PDF não indexado | arquivo=F:\Documentos\Rafael\4 - ARQUIVO MORTO\BEDIN PARTICIPAÇÃOES\DOCUMENTOS SOCIOS___SIMONE BEDIN.pdf | motivo=PDF sem texto extraível; pode ser escaneado
08/09/2026 09:33:17 | WARNING | PDF não indexado | arquivo=F:\Documentos\Rafael\4 - ARQUIVO MORTO\BIOFABRICA INSUMOS AGRICOLAS (SAFECROP)\CERTIDAO DE USO E OCUPAÇÃO DO SOLO.pdf | motivo=PDF sem texto extraível; pode ser escaneado
08/09/2026 09:33:21 | WARNING | PDF não indexado | arquivo=F:\Documentos\Rafael\4 - ARQUIVO MORTO\BIOFABRICA INSUMOS AGRICOLAS (SAFECROP)\DOCUMENTOS SOCIO - ARILTON.pdf | motivo=PDF sem texto extraível; pode ser escaneado
08/09/2026 09:33:21 | WARNING | PDF não indexado | arquivo=F:\Documentos\Rafael\4 - ARQUIVO MORTO\BIOFABRICA INSUMOS AGRICOLAS (SAFECROP)\DOCUMENTOS SOCIO - CNH MAURO.pdf | motivo=PDF sem texto extraível; pode ser escaneado
08/09/2026 09:33:22 | WARNING | PDF não indexado | arquivo=F:\Documentos\Rafael\4 - ARQUIVO MORTO\BIOFABRICA INSUMOS AGRICOLAS (SAFECROP)\DOCUMENTOS SOCIO -CPF E RG MAURO.pdf | motivo=PDF sem texto extraível; pode ser escaneado
08/09/2026 09:33:22 | WARNING | PDF não indexado | arquivo=F:\Documentos\Rafael\4 - ARQUIVO MORTO\BIOFABRICA INSUMOS AGRICOLAS (SAFECROP)\FOTOS.pdf | motivo=PDF sem texto extraível; pode ser escaneado
08/09/2026 09:33:22 | WARNING | PDF não indexado | arquivo=F:\Documentos\Rafael\4 - ARQUIVO MORTO\BIOFABRICA INSUMOS AGRICOLAS (SAFECROP)\HABITE-SE.pdf | motivo=PDF sem texto extraível; pode ser escaneado
08/09/2026 09:33:22 | WARNING | PDF não indexado | arquivo=F:\Documentos\Rafael\4 - ARQUIVO MORTO\BIOFABRICA INSUMOS AGRICOLAS (SAFECROP)\Matrícula nº 61941.pdf | motivo=PDF sem texto extraível; pode ser escaneado
08/09/2026 09:33:22 | WARNING | PDF não indexado | arquivo=F:\Documentos\Rafael\4 - ARQUIVO MORTO\BIOFABRICA INSUMOS AGRICOLAS (SAFECROP)\Matrícula nº 61942.pdf | motivo=PDF sem texto extraível; pode ser escaneado
08/09/2026 09:33:22 | WARNING | PDF não indexado | arquivo=F:\Documentos\Rafael\4 - ARQUIVO MORTO\BIOFABRICA INSUMOS AGRICOLAS (SAFECROP)\Matrícula nº 61943.pdf | motivo=PDF sem texto extraível; pode ser escaneado
08/09/2026 09:33:31 | INFO | Indexação em andamento | 1900 de 27964 PDFs
08/09/2026 09:33:32 | WARNING | PDF não indexado | arquivo=F:\Documentos\Rafael\4 - ARQUIVO MORTO\BLOCK CASA DO SERRALHEIRO LTDA\RELAÇÃO DE FATURAMENTO 2.pdf | motivo=PDF sem texto extraível; pode ser escaneado
08/09/2026 09:33:32 | WARNING | PDF não indexado | arquivo=F:\Documentos\Rafael\4 - ARQUIVO MORTO\BLOCK CASA DO SERRALHEIRO LTDA\RELAÇÃO DE FATURAMENTO.pdf | motivo=PDF sem texto extraível; pode ser escaneado
08/09/2026 09:33:39 | WARNING | PDF não indexado | arquivo=F:\Documentos\Rafael\4 - ARQUIVO MORTO\BLOCK INDUSTRIA DE PRE-MOLDADOS E ESTRUTURAS METALICAS (SERVIÇOS)\MATRICULA 53.998 - BLOCK SERV. DE CONST. - MATRIZ.pdf | motivo=PDF sem texto extraível; pode ser escaneado
08/09/2026 09:33:39 | WARNING | PDF não indexado | arquivo=F:\Documentos\Rafael\4 - ARQUIVO MORTO\BLOCK INDUSTRIA DE PRE-MOLDADOS E ESTRUTURAS METALICAS (SERVIÇOS)\MATRICULA 54.007 - BLOCK SERV. DE COSNT. - MATRIZ.pdf | motivo=PDF sem texto extraível; pode ser escaneado
08/09/2026 09:33:54 | WARNING | PDF não indexado | arquivo=F:\Documentos\Rafael\4 - ARQUIVO MORTO\BLOCK INDUSTRIA DE TELHAS E PERFILADOS\IR 2020 - Douglas.pdf | motivo=PDF sem texto extraível; pode ser escaneado
08/09/2026 09:33:54 | WARNING | PDF não indexado | arquivo=F:\Documentos\Rafael\4 - ARQUIVO MORTO\BLOCK INDUSTRIA DE TELHAS E PERFILADOS\MATRICULA 68.257 - INDUSTRIA DE TELHAS - MATRIZ.pdf | motivo=PDF sem texto extraível; pode ser escaneado
08/09/2026 09:34:11 | WARNING | PDF não indexado | arquivo=F:\Documentos\Rafael\4 - ARQUIVO MORTO\BLOCK INDUSTRIA DE TELHAS E PERFILADOS\PRODEIC\PLANILHA DE INFORMAÇÕES - ENVIO ANUAL\2021\Balancete 012021.pdf | motivo=PDF sem texto extraível; pode ser escaneado
08/09/2026 09:34:29 | WARNING | PDF não indexado | arquivo=F:\Documentos\Rafael\4 - ARQUIVO MORTO\BLOCK INDUSTRIA DE TELHAS E PERFILADOS\PRODEIC\PLANILHA DE INFORMAÇÕES - ENVIO ANUAL\2021\Balancete 022021.pdf | motivo=PDF sem texto extraível; pode ser escaneado
08/09/2026 09:34:44 | WARNING | PDF não indexado | arquivo=F:\Documentos\Rafael\4 - ARQUIVO MORTO\BLOCK INDUSTRIA DE TELHAS E PERFILADOS\PRODEIC\PLANILHA DE INFORMAÇÕES - ENVIO ANUAL\2021\Balancete 032021.pdf | motivo=PDF sem texto extraível; pode ser escaneado
08/09/2026 09:34:59 | WARNING | PDF não indexado | arquivo=F:\Documentos\Rafael\4 - ARQUIVO MORTO\BLOCK INDUSTRIA DE TELHAS E PERFILADOS\PRODEIC\PLANILHA DE INFORMAÇÕES - ENVIO ANUAL\2021\Balancete 042021.pdf | motivo=PDF sem texto extraível; pode ser escaneado
08/09/2026 09:35:14 | WARNING | PDF não indexado | arquivo=F:\Documentos\Rafael\4 - ARQUIVO MORTO\BLOCK INDUSTRIA DE TELHAS E PERFILADOS\PRODEIC\PLANILHA DE INFORMAÇÕES - ENVIO ANUAL\2021\Balancete 052021.pdf | motivo=PDF sem texto extraível; pode ser escaneado
08/09/2026 09:35:30 | WARNING | PDF não indexado | arquivo=F:\Documentos\Rafael\4 - ARQUIVO MORTO\BLOCK INDUSTRIA DE TELHAS E PERFILADOS\PRODEIC\PLANILHA DE INFORMAÇÕES - ENVIO ANUAL\2021\Balancete 062021.pdf | motivo=PDF sem texto extraível; pode ser escaneado
08/09/2026 09:35:44 | WARNING | PDF não indexado | arquivo=F:\Documentos\Rafael\4 - ARQUIVO MORTO\BLOCK INDUSTRIA DE TELHAS E PERFILADOS\PRODEIC\PLANILHA DE INFORMAÇÕES - ENVIO ANUAL\2021\Balancete 072021.pdf | motivo=PDF sem texto extraível; pode ser escaneado
08/09/2026 09:36:00 | WARNING | PDF não indexado | arquivo=F:\Documentos\Rafael\4 - ARQUIVO MORTO\BLOCK INDUSTRIA DE TELHAS E PERFILADOS\PRODEIC\PLANILHA DE INFORMAÇÕES - ENVIO ANUAL\2021\Balancete 082021.pdf | motivo=PDF sem texto extraível; pode ser escaneado
08/09/2026 09:36:18 | WARNING | PDF não indexado | arquivo=F:\Documentos\Rafael\4 - ARQUIVO MORTO\BLOCK INDUSTRIA DE TELHAS E PERFILADOS\PRODEIC\PLANILHA DE INFORMAÇÕES - ENVIO ANUAL\2021\Balancete 092021.pdf | motivo=PDF sem texto extraível; pode ser escaneado
08/09/2026 09:36:32 | WARNING | PDF não indexado | arquivo=F:\Documentos\Rafael\4 - ARQUIVO MORTO\BLOCK INDUSTRIA DE TELHAS E PERFILADOS\PRODEIC\PLANILHA DE INFORMAÇÕES - ENVIO ANUAL\2021\Balancete 102021.pdf | motivo=PDF sem texto extraível; pode ser escaneado
08/09/2026 09:36:48 | WARNING | PDF não indexado | arquivo=F:\Documentos\Rafael\4 - ARQUIVO MORTO\BLOCK INDUSTRIA DE TELHAS E PERFILADOS\PRODEIC\PLANILHA DE INFORMAÇÕES - ENVIO ANUAL\2021\Balancete 112021.pdf | motivo=PDF sem texto extraível; pode ser escaneado
08/09/2026 09:37:05 | WARNING | PDF não indexado | arquivo=F:\Documentos\Rafael\4 - ARQUIVO MORTO\BLOCK INDUSTRIA DE TELHAS E PERFILADOS\PRODEIC\PLANILHA DE INFORMAÇÕES - ENVIO ANUAL\2021\Balancete 122021.pdf | motivo=PDF sem texto extraível; pode ser escaneado
08/09/2026 09:37:22 | WARNING | PDF não indexado | arquivo=F:\Documentos\Rafael\4 - ARQUIVO MORTO\BLOCK INDUSTRIA DE TELHAS E PERFILADOS\PRODEIC\PLANILHA DE INFORMAÇÕES - ENVIO ANUAL\2022\Balancete - 01.2022.pdf | motivo=PDF sem texto extraível; pode ser escaneado
08/09/2026 09:37:39 | WARNING | PDF não indexado | arquivo=F:\Documentos\Rafael\4 - ARQUIVO MORTO\BLOCK INDUSTRIA DE TELHAS E PERFILADOS\PRODEIC\PLANILHA DE INFORMAÇÕES - ENVIO ANUAL\2022\Balancete - 02.2022.pdf | motivo=PDF sem texto extraível; pode ser escaneado
08/09/2026 09:37:39 | INFO | Indexação em andamento | 2000 de 27964 PDFs
08/09/2026 09:37:59 | WARNING | PDF não indexado | arquivo=F:\Documentos\Rafael\4 - ARQUIVO MORTO\BLOCK INDUSTRIA DE TELHAS E PERFILADOS\PRODEIC\PLANILHA DE INFORMAÇÕES - ENVIO ANUAL\2022\Balancete - 03.2022.pdf | motivo=PDF sem texto extraível; pode ser escaneado
08/09/2026 09:38:16 | WARNING | PDF não indexado | arquivo=F:\Documentos\Rafael\4 - ARQUIVO MORTO\BLOCK INDUSTRIA DE TELHAS E PERFILADOS\PRODEIC\PLANILHA DE INFORMAÇÕES - ENVIO ANUAL\2022\Balancete - 04.2022.pdf | motivo=PDF sem texto extraível; pode ser escaneado
08/09/2026 09:38:34 | WARNING | PDF não indexado | arquivo=F:\Documentos\Rafael\4 - ARQUIVO MORTO\BLOCK INDUSTRIA DE TELHAS E PERFILADOS\PRODEIC\PLANILHA DE INFORMAÇÕES - ENVIO ANUAL\2022\Balancete - 05.2022.pdf | motivo=PDF sem texto extraível; pode ser escaneado
08/09/2026 09:38:38 | WARNING | PDF não indexado | arquivo=F:\Documentos\Rafael\4 - ARQUIVO MORTO\BLOCK INDUSTRIA DE TELHAS E PERFILADOS\RELAÇÃO DE FATURAMENTO REAL CMF (1).pdf | motivo=PDF sem texto extraível; pode ser escaneado
08/09/2026 09:38:38 | WARNING | PDF não indexado | arquivo=F:\Documentos\Rafael\4 - ARQUIVO MORTO\BLOCK INDUSTRIA DE TELHAS E PERFILADOS\RELAÇÃO DE FATURAMENTO- BLOCK INDUSTRIA-FORNECEDOR (2).pdf | motivo=PDF sem texto extraível; pode ser escaneado
08/09/2026 09:38:38 | WARNING | PDF não indexado | arquivo=F:\Documentos\Rafael\4 - ARQUIVO MORTO\BLOCK INDUSTRIA DE TELHAS E PERFILADOS\RELAÇÃO DE FATURAMENTO- ultimos 12 meses.pdf | motivo=PDF sem texto extraível; pode ser escaneado
08/09/2026 09:38:38 | WARNING | PDF não indexado | arquivo=F:\Documentos\Rafael\4 - ARQUIVO MORTO\BLOCK INDUSTRIA DE TELHAS E PERFILADOS\~$NTRATO SOCIAL - 4º ALT.pdf | motivo=PdfStreamError: Stream has ended unexpectedly
08/09/2026 09:38:46 | WARNING | PDF não indexado | arquivo=F:\Documentos\Rafael\4 - ARQUIVO MORTO\BONATO E SCHOLL\DOCUMENTOS SÓCIO - Willian Scholl.pdf | motivo=PDF sem texto extraível; pode ser escaneado
08/09/2026 09:38:49 | WARNING | PDF não indexado | arquivo=F:\Documentos\Rafael\4 - ARQUIVO MORTO\BRAGA ARENA LTDA\CONTRATO DE LOCAÇÃO - BRAGA.pdf | motivo=PDF sem texto extraível; pode ser escaneado
08/09/2026 09:38:50 | WARNING | PDF não indexado | arquivo=F:\Documentos\Rafael\4 - ARQUIVO MORTO\BRAGA ARENA LTDA\DOCUMENTO TITULO ELEITOR - EULINA.pdf | motivo=PDF sem texto extraível; pode ser escaneado
08/09/2026 09:38:52 | WARNING | PDF não indexado | arquivo=F:\Documentos\Rafael\4 - ARQUIVO MORTO\BRAGA ARENA LTDA\EMPRESA CAIÇARA\PROCURAÇÃO - Maria x Jane.pdf | motivo=PDF sem texto extraível; pode ser escaneado
08/09/2026 09:38:53 | INFO | Indexação em andamento | 2100 de 27964 PDFs
08/09/2026 09:38:54 | WARNING | PDF não indexado | arquivo=F:\Documentos\Rafael\4 - ARQUIVO MORTO\BUTECO DO EMBAIXADOR PROMOTORA DE EVENTOS LTDA\CONSULTA OPÇÃO SIMPLES NACIONAL.pdf | motivo=PDF sem texto extraível; pode ser escaneado
08/09/2026 09:38:59 | WARNING | PDF não indexado | arquivo=F:\Documentos\Rafael\4 - ARQUIVO MORTO\C. P. WEIPPERT & CIA LTDA\DOCUMENTO SOCIO - CONTRATO DE LOCAÇÃO.pdf | motivo=PDF sem texto extraível; pode ser escaneado
08/09/2026 09:38:59 | WARNING | PDF não indexado | arquivo=F:\Documentos\Rafael\4 - ARQUIVO MORTO\C. P. WEIPPERT & CIA LTDA\DOCUMENTO SOCIO - FOTOS.pdf | motivo=PDF sem texto extraível; pode ser escaneado
08/09/2026 09:38:59 | WARNING | PDF não indexado | arquivo=F:\Documentos\Rafael\4 - ARQUIVO MORTO\C. P. WEIPPERT & CIA LTDA\DOCUMENTOS FILIAL\contrato aluguel ubirata.pdf | motivo=PDF sem texto extraível; pode ser escaneado
08/09/2026 09:39:00 | WARNING | PDF não indexado | arquivo=F:\Documentos\Rafael\4 - ARQUIVO MORTO\C. P. WEIPPERT & CIA LTDA\DOCUMENTOS MATRIZ\CONTRATO DE LOCAÇÃO.pdf | motivo=PDF sem texto extraível; pode ser escaneado
08/09/2026 09:39:01 | WARNING | PDF não indexado | arquivo=F:\Documentos\Rafael\4 - ARQUIVO MORTO\CAFETERIA E CHOCOLATERIA FRANCIO\ALVARA BOMBEIROS.pdf | motivo=PDF sem texto extraível; pode ser escaneado
08/09/2026 09:39:02 | WARNING | PDF não indexado | arquivo=F:\Documentos\Rafael\4 - ARQUIVO MORTO\CAFETERIA E CHOCOLATERIA FRANCIO\CONTRATO DE LOCAÇÃO.pdf | motivo=PDF sem texto extraível; pode ser escaneado
08/09/2026 09:39:03 | WARNING | PDF não indexado | arquivo=F:\Documentos\Rafael\4 - ARQUIVO MORTO\CAFETERIA E CHOCOLATERIA FRANCIO\DOCUMENTOS CRISTIANE.pdf | motivo=PDF sem texto extraível; pode ser escaneado
08/09/2026 09:39:03 | WARNING | PDF não indexado | arquivo=F:\Documentos\Rafael\4 - ARQUIVO MORTO\CAFETERIA E CHOCOLATERIA FRANCIO\FOTOS.pdf | motivo=PDF sem texto extraível; pode ser escaneado
08/09/2026 09:39:04 | WARNING | PDF não indexado | arquivo=F:\Documentos\Rafael\4 - ARQUIVO MORTO\CAFETERIA E CHOCOLATERIA FRANCIO\Requerimento de Taxa.pdf | motivo=PDF sem texto extraível; pode ser escaneado
08/09/2026 09:39:04 | WARNING | PDF não indexado | arquivo=F:\Documentos\Rafael\4 - ARQUIVO MORTO\CAFETERIA E CHOCOLATERIA FRANCIO\Termo de Solicitação de Serviço.pdf | motivo=PDF sem texto extraível; pode ser escaneado
08/09/2026 09:39:04 | WARNING | PDF não indexado | arquivo=F:\Documentos\Rafael\4 - ARQUIVO MORTO\CANARANA BIOCOMBUSTÍVEIS\ANP\AUTORIZAÇÃO PARA CONSTRUÇÃO - ANP.pdf | motivo=PDF sem texto extraível; pode ser escaneado
08/09/2026 09:39:06 | WARNING | PDF não indexado | arquivo=F:\Documentos\Rafael\4 - ARQUIVO MORTO\CANARANA BIOCOMBUSTÍVEIS\CONTRATO SOCIAL - CONSTITUIÇÃO.pdf | motivo=PDF sem texto extraível; pode ser escaneado
08/09/2026 09:39:08 | WARNING | PDF não indexado | arquivo=F:\Documentos\Rafael\4 - ARQUIVO MORTO\CANARANA BIOCOMBUSTÍVEIS\DOCUMENTOS SÓCIOS\DOCUMENTOS GUSTAVO GRINER.pdf | motivo=PDF sem texto extraível; pode ser escaneado
08/09/2026 09:39:09 | WARNING | PDF não indexado | arquivo=F:\Documentos\Rafael\4 - ARQUIVO MORTO\CANARANA BIOCOMBUSTÍVEIS\DOCUMENTOS SÓCIOS\LUIS ROBERTO GRINER - RNE .pdf | motivo=PDF sem texto extraível; pode ser escaneado
08/09/2026 09:39:09 | WARNING | PDF não indexado | arquivo=F:\Documentos\Rafael\4 - ARQUIVO MORTO\CANARANA BIOCOMBUSTÍVEIS\DOCUMENTOS SÓCIOS\LUIS ROBERTO GRINER CPF.pdf | motivo=PDF sem texto extraível; pode ser escaneado
08/09/2026 09:39:09 | INFO | Indexação em andamento | 2200 de 27964 PDFs
08/09/2026 09:39:10 | WARNING | PDF não indexado | arquivo=F:\Documentos\Rafael\4 - ARQUIVO MORTO\CANARANA BIOCOMBUSTÍVEIS\DOCUMENTOS SÓCIOS\RG2 BRASIL - CONTRATO SOCIAL 5ª ALTERAÇÃO HD.pdf | motivo=PDF sem texto extraível; pode ser escaneado
08/09/2026 09:39:10 | WARNING | PDF não indexado | arquivo=F:\Documentos\Rafael\4 - ARQUIVO MORTO\CANARANA BIOCOMBUSTÍVEIS\INSCRIÇÃO ESTADUAL\CN EXECUÇÃO FISCAL, FALENCIA E CONCORDATA - MATRIZ.pdf | motivo=PDF sem texto extraível; pode ser escaneado
08/09/2026 09:39:10 | WARNING | PDF não indexado | arquivo=F:\Documentos\Rafael\4 - ARQUIVO MORTO\CANARANA BIOCOMBUSTÍVEIS\INSCRIÇÃO ESTADUAL\CN PROTESTO - MATRIZ.pdf | motivo=PDF sem texto extraível; pode ser escaneado
08/09/2026 09:39:11 | WARNING | PDF não indexado | arquivo=F:\Documentos\Rafael\4 - ARQUIVO MORTO\CANARANA BIOCOMBUSTÍVEIS\INSCRIÇÃO ESTADUAL\CN PROTESTO - PORTA DO BRASIL (FILIAL).pdf | motivo=PDF sem texto extraível; pode ser escaneado
08/09/2026 09:39:12 | WARNING | PDF não indexado | arquivo=F:\Documentos\Rafael\4 - ARQUIVO MORTO\CANARANA BIOCOMBUSTÍVEIS\INSCRIÇÃO ESTADUAL\CN PROTESTO - RG2 (FILIAL).pdf | motivo=PDF sem texto extraível; pode ser escaneado
08/09/2026 09:39:12 | WARNING | PDF não indexado | arquivo=F:\Documentos\Rafael\4 - ARQUIVO MORTO\CANARANA BIOCOMBUSTÍVEIS\INSCRIÇÃO ESTADUAL\CND PGE - MATRIZ.pdf | motivo=PDF sem texto extraível; pode ser escaneado
08/09/2026 09:39:13 | WARNING | PDF não indexado | arquivo=F:\Documentos\Rafael\4 - ARQUIVO MORTO\CANARANA BIOCOMBUSTÍVEIS\INSCRIÇÃO ESTADUAL\CONTRATO SOCIAL.pdf | motivo=PDF sem texto extraível; pode ser escaneado
08/09/2026 09:39:14 | WARNING | PDF não indexado | arquivo=F:\Documentos\Rafael\4 - ARQUIVO MORTO\CANARANA BIOCOMBUSTÍVEIS\INSCRIÇÃO ESTADUAL\DOCUMENTO SÓCIOS - RG2 BRASIL - 5ª ALTERAÇÃO.pdf | motivo=PDF sem texto extraível; pode ser escaneado
08/09/2026 09:39:14 | WARNING | PDF não indexado | arquivo=F:\Documentos\Rafael\4 - ARQUIVO MORTO\CANARANA BIOCOMBUSTÍVEIS\INSCRIÇÃO ESTADUAL\FAC ASSINADA.pdf | motivo=PDF sem texto extraível; pode ser escaneado
08/09/2026 09:39:15 | WARNING | PDF não indexado | arquivo=F:\Documentos\Rafael\4 - ARQUIVO MORTO\CANARANA BIOCOMBUSTÍVEIS\PRODEIC\CND PGE - MATRIZ.pdf | motivo=PDF sem texto extraível; pode ser escaneado
08/09/2026 09:39:15 | WARNING | PDF não indexado | arquivo=F:\Documentos\Rafael\4 - ARQUIVO MORTO\CANARANA BIOCOMBUSTÍVEIS\PRODEIC\CONTRATO SOCIAL.pdf | motivo=PDF sem texto extraível; pode ser escaneado
08/09/2026 09:39:17 | WARNING | PDF não indexado | arquivo=F:\Documentos\Rafael\4 - ARQUIVO MORTO\CELMER E CELMER\Nova pasta\CND.pdf | motivo=PDF sem texto extraível; pode ser escaneado
08/09/2026 09:39:17 | WARNING | PDF não indexado | arquivo=F:\Documentos\Rafael\4 - ARQUIVO MORTO\CELMER E CELMER\Nova pasta\DOCUMENTO NADIR.pdf | motivo=PDF sem texto extraível; pode ser escaneado
08/09/2026 09:39:17 | WARNING | PDF não indexado | arquivo=F:\Documentos\Rafael\4 - ARQUIVO MORTO\CELMER E CELMER\Nova pasta\DOCUMENTO SERGIO.pdf | motivo=PDF sem texto extraível; pode ser escaneado
08/09/2026 09:39:17 | WARNING | PDF não indexado | arquivo=F:\Documentos\Rafael\4 - ARQUIVO MORTO\CELMER E CELMER\Nova pasta\FAC .pdf | motivo=PDF sem texto extraível; pode ser escaneado
08/09/2026 09:39:17 | WARNING | PDF não indexado | arquivo=F:\Documentos\Rafael\4 - ARQUIVO MORTO\CELMER E CELMER\Nova pasta\GIA.pdf | motivo=PDF sem texto extraível; pode ser escaneado
08/09/2026 09:39:17 | WARNING | PDF não indexado | arquivo=F:\Documentos\Rafael\4 - ARQUIVO MORTO\CELMER E CELMER\Nova pasta\GUIA DE PAGAMENTO.pdf | motivo=PDF sem texto extraível; pode ser escaneado
08/09/2026 09:39:17 | WARNING | PDF não indexado | arquivo=F:\Documentos\Rafael\4 - ARQUIVO MORTO\CELMER E CELMER\Nova pasta\PETIÇÃO.pdf | motivo=PDF sem texto extraível; pode ser escaneado
08/09/2026 09:39:17 | WARNING | PDF não indexado | arquivo=F:\Documentos\Rafael\4 - ARQUIVO MORTO\CELMER E CELMER\Nova pasta\PROCURAÇÃO.pdf | motivo=PDF sem texto extraível; pode ser escaneado
08/09/2026 09:39:17 | WARNING | PDF não indexado | arquivo=F:\Documentos\Rafael\4 - ARQUIVO MORTO\CELMER E CELMER\Nova pasta\REQUERIMENTO BAIXA DE INSCRIÇÃO.pdf | motivo=PDF sem texto extraível; pode ser escaneado
08/09/2026 09:39:17 | WARNING | PDF não indexado | arquivo=F:\Documentos\Rafael\4 - ARQUIVO MORTO\CELMER E CELMER\Nova pasta\TERMO DE ABERTURA LIVRO.pdf | motivo=PDF sem texto extraível; pode ser escaneado
08/09/2026 09:39:18 | WARNING | PDF não indexado | arquivo=F:\Documentos\Rafael\4 - ARQUIVO MORTO\CELMER E CELMER\Nova pasta\TERMO DE ENCERRAMENTO LIVRO.pdf | motivo=PDF sem texto extraível; pode ser escaneado
08/09/2026 09:39:18 | WARNING | PDF não indexado | arquivo=F:\Documentos\Rafael\4 - ARQUIVO MORTO\CELMER E CELMER\Nova pasta\TERMO DE FIEL DEPOSITARIO.pdf | motivo=PDF sem texto extraível; pode ser escaneado
08/09/2026 09:39:18 | WARNING | PDF não indexado | arquivo=F:\Documentos\Rafael\4 - ARQUIVO MORTO\CELMER E CELMER\Nova pasta\TERMO DE OCORRENCIA 1.pdf | motivo=PDF sem texto extraível; pode ser escaneado
08/09/2026 09:39:18 | WARNING | PDF não indexado | arquivo=F:\Documentos\Rafael\4 - ARQUIVO MORTO\CELMER E CELMER\Nova pasta\TERMO DE OCORRENCIA 2.pdf | motivo=PDF sem texto extraível; pode ser escaneado
08/09/2026 09:39:18 | WARNING | PDF não indexado | arquivo=F:\Documentos\Rafael\4 - ARQUIVO MORTO\CENTRO DE EDUCAÇÃO BASICA NOTRE DAME\CERTIDÃO CASAMENTO - GILSON.pdf | motivo=PDF sem texto extraível; pode ser escaneado
08/09/2026 09:39:19 | WARNING | PDF não indexado | arquivo=F:\Documentos\Rafael\4 - ARQUIVO MORTO\CFB COMERCIO DE PEÇAS\ALVARÁ 2017.pdf | motivo=PDF sem texto extraível; pode ser escaneado
08/09/2026 09:39:19 | WARNING | PDF não indexado | arquivo=F:\Documentos\Rafael\4 - ARQUIVO MORTO\CFB COMERCIO DE PEÇAS\CONTRATO DE LOCAÇÃO.pdf | motivo=PDF sem texto extraível; pode ser escaneado
08/09/2026 09:39:20 | WARNING | PDF não indexado | arquivo=F:\Documentos\Rafael\4 - ARQUIVO MORTO\CFB COMERCIO DE PEÇAS\CONTRATO SOCIAL - CONSTITUIÇÃO.pdf | motivo=PDF sem texto extraível; pode ser escaneado
08/09/2026 09:39:21 | WARNING | PDF não indexado | arquivo=F:\Documentos\Rafael\4 - ARQUIVO MORTO\CFB COMERCIO DE PEÇAS\DOCUMENTOS CELIENE.pdf | motivo=PDF sem texto extraível; pode ser escaneado
08/09/2026 09:39:21 | WARNING | PDF não indexado | arquivo=F:\Documentos\Rafael\4 - ARQUIVO MORTO\CFB COMERCIO DE PEÇAS\DOCUMENTOS JOSIMAR.pdf | motivo=PDF sem texto extraível; pode ser escaneado
08/09/2026 09:39:21 | WARNING | PDF não indexado | arquivo=F:\Documentos\Rafael\4 - ARQUIVO MORTO\CFB COMERCIO DE PEÇAS\MATRÍCULA DO IMÓVEL.pdf | motivo=PDF sem texto extraível; pode ser escaneado
08/09/2026 09:39:21 | INFO | Indexação em andamento | 2300 de 27964 PDFs
08/09/2026 09:39:21 | WARNING | PDF não indexado | arquivo=F:\Documentos\Rafael\4 - ARQUIVO MORTO\CIBRAFERTIL\AGRO SÃO LUIZ - Procuração Gabriel e Cristóvão (RH e órgáos públicos).pdf | motivo=PDF sem texto extraível; pode ser escaneado
08/09/2026 09:39:21 | WARNING | PDF não indexado | arquivo=F:\Documentos\Rafael\4 - ARQUIVO MORTO\CIBRAFERTIL\Alvará 2017.pdf | motivo=PDF sem texto extraível; pode ser escaneado
08/09/2026 09:39:21 | WARNING | PDF não indexado | arquivo=F:\Documentos\Rafael\4 - ARQUIVO MORTO\CIBRAFERTIL\ATA's CIBRAFÉRTIL\ATA - ALTERAÇÃO DAS ATIVIDADES.pdf | motivo=PDF sem texto extraível; pode ser escaneado
08/09/2026 09:39:22 | WARNING | PDF não indexado | arquivo=F:\Documentos\Rafael\4 - ARQUIVO MORTO\CIBRAFERTIL\ATA's CIBRAFÉRTIL\ATA AUMENTO DE CAPITAL - 09-09-15.pdf | motivo=PDF sem texto extraível; pode ser escaneado
08/09/2026 09:39:22 | WARNING | PDF não indexado | arquivo=F:\Documentos\Rafael\4 - ARQUIVO MORTO\CIBRAFERTIL\ATA's CIBRAFÉRTIL\ATA CRIAÇÃO DA FILIAL DE SORRISO (REGISTRADA JUCEMAT).pdf | motivo=PDF sem texto extraível; pode ser escaneado
08/09/2026 09:39:22 | WARNING | PDF não indexado | arquivo=F:\Documentos\Rafael\4 - ARQUIVO MORTO\CIBRAFERTIL\ATA's CIBRAFÉRTIL\ATA DE REUNIÃO - BAIXA FILIAL DE RONDONÓPOLIS - 14.03.2017 - JUCEMAT.pdf | motivo=PDF sem texto extraível; pode ser escaneado
08/09/2026 09:39:23 | WARNING | PDF não indexado | arquivo=F:\Documentos\Rafael\4 - ARQUIVO MORTO\CIBRAFERTIL\ATA's CIBRAFÉRTIL\ATA REUNIÃO - NOMEAÇÃO DE DIRETORES (2016).pdf | motivo=PDF sem texto extraível; pode ser escaneado
08/09/2026 09:39:23 | WARNING | PDF não indexado | arquivo=F:\Documentos\Rafael\4 - ARQUIVO MORTO\CIBRAFERTIL\ATA's CIBRAFÉRTIL\ATA REUNIÃO ALTERAÇÃO DE ENDEREÇO FILIAL DE RONDONÓPOLIS - REGISTRADA JUCEMAT.pdf | motivo=PDF sem texto extraível; pode ser escaneado
08/09/2026 09:39:23 | WARNING | PDF não indexado | arquivo=F:\Documentos\Rafael\4 - ARQUIVO MORTO\CIBRAFERTIL\ATA's CIBRAFÉRTIL\CIBRAFERTIL - Ata de Reunião do Conselho de ADM - 22.10.2015.pdf | motivo=PDF sem texto extraível; pode ser escaneado
08/09/2026 09:39:23 | WARNING | PDF não indexado | arquivo=F:\Documentos\Rafael\4 - ARQUIVO MORTO\CIBRAFERTIL\ATA's CIBRAFÉRTIL\ESTATUTO SOCIAL - 05.12.2016.pdf | motivo=PDF sem texto extraível; pode ser escaneado
08/09/2026 09:39:26 | WARNING | PDF não indexado | arquivo=F:\Documentos\Rafael\4 - ARQUIVO MORTO\CIBRAFERTIL\BAIXA FILIAL DE RONDONÓPOLIS\VIABILIDADE.pdf | motivo=PDF sem texto extraível; pode ser escaneado
08/09/2026 09:39:26 | WARNING | PDF não indexado | arquivo=F:\Documentos\Rafael\4 - ARQUIVO MORTO\CIBRAFERTIL\CIBRAFERTIL - Procuração Gabriel e Cristóvão (RH e órgãos Públicos).pdf | motivo=PDF sem texto extraível; pode ser escaneado
08/09/2026 09:39:26 | WARNING | PDF não indexado | arquivo=F:\Documentos\Rafael\4 - ARQUIVO MORTO\CIBRAFERTIL\CIBRAFÉRTIL - HONORÁRIOS.pdf | motivo=PDF sem texto extraível; pode ser escaneado
08/09/2026 09:39:27 | WARNING | PDF não indexado | arquivo=F:\Documentos\Rafael\4 - ARQUIVO MORTO\CIBRAFERTIL\COMPROVANTE PGTO GUIA.pdf | motivo=PDF sem texto extraível; pode ser escaneado
08/09/2026 09:39:27 | WARNING | PDF não indexado | arquivo=F:\Documentos\Rafael\4 - ARQUIVO MORTO\CIBRAFERTIL\DOCUMENTOS SÓCIOS-PROCURADORES\Documento -  ADEMIR BAZZOTTI.pdf | motivo=PDF sem texto extraível; pode ser escaneado
08/09/2026 09:39:27 | WARNING | PDF não indexado | arquivo=F:\Documentos\Rafael\4 - ARQUIVO MORTO\CIBRAFERTIL\DOCUMENTOS SÓCIOS-PROCURADORES\Documento - CELSO ROCHA.pdf | motivo=PDF sem texto extraível; pode ser escaneado
08/09/2026 09:39:27 | WARNING | PDF não indexado | arquivo=F:\Documentos\Rafael\4 - ARQUIVO MORTO\CIBRAFERTIL\DOCUMENTOS SÓCIOS-PROCURADORES\Documento - IVANDRO.pdf | motivo=PDF sem texto extraível; pode ser escaneado
08/09/2026 09:39:28 | WARNING | PDF não indexado | arquivo=F:\Documentos\Rafael\4 - ARQUIVO MORTO\CIBRAFERTIL\DOCUMENTOS SÓCIOS-PROCURADORES\Documento - SANTIAGO FRANCO - CPF.pdf | motivo=PDF sem texto extraível; pode ser escaneado
08/09/2026 09:39:28 | WARNING | PDF não indexado | arquivo=F:\Documentos\Rafael\4 - ARQUIVO MORTO\CIBRAFERTIL\DOCUMENTOS SÓCIOS-PROCURADORES\DOCUMENTO MONIQUE - PROCURADOR.pdf | motivo=PDF sem texto extraível; pode ser escaneado
08/09/2026 09:39:28 | WARNING | PDF não indexado | arquivo=F:\Documentos\Rafael\4 - ARQUIVO MORTO\CIBRAFERTIL\DOCUMENTOS SÓCIOS-PROCURADORES\Documento SANTIAGO FRANCO - RNE.pdf | motivo=PDF sem texto extraível; pode ser escaneado
08/09/2026 09:39:28 | WARNING | PDF não indexado | arquivo=F:\Documentos\Rafael\4 - ARQUIVO MORTO\CIBRAFERTIL\DOCUMENTOS SÓCIOS-PROCURADORES\Documento SANTIAGO FRANCO.pdf | motivo=PDF sem texto extraível; pode ser escaneado
08/09/2026 09:39:28 | WARNING | PDF não indexado | arquivo=F:\Documentos\Rafael\4 - ARQUIVO MORTO\CIBRAFERTIL\DOCUMENTOS SÓCIOS-PROCURADORES\Procuração Advogado interno 2017.pdf | motivo=PDF sem texto extraível; pode ser escaneado
08/09/2026 09:39:28 | WARNING | PDF não indexado | arquivo=F:\Documentos\Rafael\4 - ARQUIVO MORTO\CIBRAFERTIL\FAC ASSINADA.pdf | motivo=PDF sem texto extraível; pode ser escaneado
08/09/2026 09:39:28 | WARNING | PDF não indexado | arquivo=F:\Documentos\Rafael\4 - ARQUIVO MORTO\CIBRAFERTIL\INSCRIÇÃO ESTADUAL\PGTO GUIA.pdf | motivo=PDF sem texto extraível; pode ser escaneado
08/09/2026 09:39:28 | WARNING | PDF não indexado | arquivo=F:\Documentos\Rafael\4 - ARQUIVO MORTO\CIBRAFERTIL\L.O AGROINDUSTRIAL - Sorriso.pdf | motivo=PDF sem texto extraível; pode ser escaneado
08/09/2026 09:39:29 | WARNING | PDF não indexado | arquivo=F:\Documentos\Rafael\4 - ARQUIVO MORTO\CIBRAFERTIL\PROTOCOLO L.O.pdf | motivo=PDF sem texto extraível; pode ser escaneado
08/09/2026 09:39:29 | WARNING | PDF não indexado | arquivo=F:\Documentos\Rafael\4 - ARQUIVO MORTO\CIBRAFERTIL\SOLICITAÇÃO ALVARÁ\03.a. Cont. social_ingressa da Cibrafértil.pdf | motivo=PDF sem texto extraível; pode ser escaneado
08/09/2026 09:39:29 | WARNING | PDF não indexado | arquivo=F:\Documentos\Rafael\4 - ARQUIVO MORTO\CIBRAFERTIL\SOLICITAÇÃO ALVARÁ\08. Contrato de locação-justificativa.pdf | motivo=PDF sem texto extraível; pode ser escaneado
08/09/2026 09:39:30 | WARNING | PDF não indexado | arquivo=F:\Documentos\Rafael\4 - ARQUIVO MORTO\CIBRAFERTIL\SOLICITAÇÃO ALVARÁ\1- PENDENCIA ALVARÁ - CIBRAFÉRTIL.pdf | motivo=PDF sem texto extraível; pode ser escaneado
08/09/2026 09:39:30 | WARNING | PDF não indexado | arquivo=F:\Documentos\Rafael\4 - ARQUIVO MORTO\CIBRAFERTIL\SOLICITAÇÃO ALVARÁ\18. Mapa imagem das edificações.pdf | motivo=PDF sem texto extraível; pode ser escaneado
08/09/2026 09:39:30 | WARNING | PDF não indexado | arquivo=F:\Documentos\Rafael\4 - ARQUIVO MORTO\CIBRAFERTIL\SOLICITAÇÃO ALVARÁ\ATA CRIAÇÃO DA FILIAL DE SORRISO (REGISTRADA JUCEMAT).pdf | motivo=PDF sem texto extraível; pode ser escaneado
08/09/2026 09:39:31 | WARNING | PDF não indexado | arquivo=F:\Documentos\Rafael\4 - ARQUIVO MORTO\CIBRAFERTIL\SOLICITAÇÃO ALVARÁ\ATA REUNIÃO - NOMEAÇÃO DE DIRETORES (2016).pdf | motivo=PDF sem texto extraível; pode ser escaneado
08/09/2026 09:39:31 | WARNING | PDF não indexado | arquivo=F:\Documentos\Rafael\4 - ARQUIVO MORTO\CIBRAFERTIL\SOLICITAÇÃO ALVARÁ\CONTRATO DE LOCAÇÃO AGRO x CIBRA - UNIDADE SORRISO.pdf | motivo=PDF sem texto extraível; pode ser escaneado
08/09/2026 09:39:31 | WARNING | PDF não indexado | arquivo=F:\Documentos\Rafael\4 - ARQUIVO MORTO\CIBRAFERTIL\SOLICITAÇÃO ALVARÁ\Documento -  ADEMIR BAZZOTTI.pdf | motivo=PDF sem texto extraível; pode ser escaneado
08/09/2026 09:39:31 | WARNING | PDF não indexado | arquivo=F:\Documentos\Rafael\4 - ARQUIVO MORTO\CIBRAFERTIL\SOLICITAÇÃO ALVARÁ\Documento - CELSO ROCHA.pdf | motivo=PDF sem texto extraível; pode ser escaneado
08/09/2026 09:39:31 | WARNING | PDF não indexado | arquivo=F:\Documentos\Rafael\4 - ARQUIVO MORTO\CIBRAFERTIL\SOLICITAÇÃO ALVARÁ\Documento - IVANDRO.pdf | motivo=PDF sem texto extraível; pode ser escaneado
08/09/2026 09:39:31 | WARNING | PDF não indexado | arquivo=F:\Documentos\Rafael\4 - ARQUIVO MORTO\CIBRAFERTIL\SOLICITAÇÃO ALVARÁ\Documento SANTIAGO FRANCO.pdf | motivo=PDF sem texto extraível; pode ser escaneado
08/09/2026 09:39:31 | WARNING | PDF não indexado | arquivo=F:\Documentos\Rafael\4 - ARQUIVO MORTO\CIBRAFERTIL\SOLICITAÇÃO ALVARÁ\PROTOCOLO L.O.pdf | motivo=PDF sem texto extraível; pode ser escaneado
08/09/2026 09:39:33 | WARNING | PDF não indexado | arquivo=F:\Documentos\Rafael\4 - ARQUIVO MORTO\COAMBE\2015\anexo..pdf | motivo=PDF sem texto extraível; pode ser escaneado
08/09/2026 09:39:33 | WARNING | PDF não indexado | arquivo=F:\Documentos\Rafael\4 - ARQUIVO MORTO\COAMBE\2015\ANEXO.pdf | motivo=PDF sem texto extraível; pode ser escaneado
08/09/2026 09:39:33 | WARNING | PDF não indexado | arquivo=F:\Documentos\Rafael\4 - ARQUIVO MORTO\COAMBE\2015\petição..pdf | motivo=PDF sem texto extraível; pode ser escaneado
08/09/2026 09:39:33 | WARNING | PDF não indexado | arquivo=F:\Documentos\Rafael\4 - ARQUIVO MORTO\COAMBE\ALVARÁ BOMBEIROS.pdf | motivo=PDF sem texto extraível; pode ser escaneado
08/09/2026 09:39:33 | WARNING | PDF não indexado | arquivo=F:\Documentos\Rafael\4 - ARQUIVO MORTO\COAMBE\ALVARÁ VIGILANCIA.pdf | motivo=PDF sem texto extraível; pode ser escaneado
08/09/2026 09:39:38 | WARNING | PDF não indexado | arquivo=F:\Documentos\Rafael\4 - ARQUIVO MORTO\COAMBE\ATA AGO___01-1999 - 28-09-99 - Eleição do Conselho Fiscal e Adm e Aumento de Capital.pdf | motivo=PDF sem texto extraível; pode ser escaneado
08/09/2026 09:39:38 | WARNING | PDF não indexado | arquivo=F:\Documentos\Rafael\4 - ARQUIVO MORTO\COAMBE\ATA AGO___01-2014 - 29.08.14 - Balanço, Eleição Diretoria e Conselho Fiscal e Adm.pdf | motivo=PDF sem texto extraível; pode ser escaneado
08/09/2026 09:39:39 | WARNING | PDF não indexado | arquivo=F:\Documentos\Rafael\4 - ARQUIVO MORTO\COAMBE\ATA AGO___01-2017 - 31.03.17 - Balanço e Eleição Diretoria.pdf | motivo=PDF sem texto extraível; pode ser escaneado
08/09/2026 09:39:44 | WARNING | PDF não indexado | arquivo=F:\Documentos\Rafael\4 - ARQUIVO MORTO\COAMBE\DIFERIMENTO FERTILIZANTES\LIVRO TERMO DE OCORRENCIAS.pdf | motivo=PDF sem texto extraível; pode ser escaneado
08/09/2026 09:39:44 | WARNING | PDF não indexado | arquivo=F:\Documentos\Rafael\4 - ARQUIVO MORTO\COAMBE\DOCUMENTOS - Armelindo.pdf | motivo=PDF sem texto extraível; pode ser escaneado
08/09/2026 09:39:45 | WARNING | PDF não indexado | arquivo=F:\Documentos\Rafael\4 - ARQUIVO MORTO\COAMBE\E-PROCESS - EFEITO RETROATIVO\E-PROCESS - EFEITO RETROATIVO - NOVO\PARCER - RECI. ESCRITUR.. - DOU.pdf | motivo=PDF sem texto extraível; pode ser escaneado
08/09/2026 09:39:45 | WARNING | PDF não indexado | arquivo=F:\Documentos\Rafael\4 - ARQUIVO MORTO\COAMBE\E-PROCESS - EFEITO RETROATIVO\E-PROCESS - EFEITO RETROATIVO - NOVO\REQUERIM. - ATA .pdf | motivo=PDF sem texto extraível; pode ser escaneado
08/09/2026 09:39:45 | WARNING | PDF não indexado | arquivo=F:\Documentos\Rafael\4 - ARQUIVO MORTO\COAMBE\E-PROCESS - EFEITO RETROATIVO\E-PROCESS - EFEITO RETROATIVO - NOVO\TERMO DE OPÇÃO PARA REALIZAÇÃO DE OPERAÇÃOPRESTAÇÃO COM DIFERIMENTO DO ICMS - .pdf | motivo=PDF sem texto extraível; pode ser escaneado
08/09/2026 09:39:46 | WARNING | PDF não indexado | arquivo=F:\Documentos\Rafael\4 - ARQUIVO MORTO\COAMBE\E-PROCESS - EFEITO RETROATIVO\REQUERIMENTO - CONCESSÃO EFEITO RETROATIVO.pdf | motivo=PDF sem texto extraível; pode ser escaneado
08/09/2026 09:39:46 | WARNING | PDF não indexado | arquivo=F:\Documentos\Rafael\4 - ARQUIVO MORTO\COAMBE\E-PROCESS - EFEITO RETROATIVO\TERMO DE OPÇÃO PARA REALIZAÇÃO DE OPERAÇÃOPRESTAÇÃO COM DIFERIMENTO DO ICMS.pdf | motivo=PDF sem texto extraível; pode ser escaneado
08/09/2026 09:39:46 | WARNING | PDF não indexado | arquivo=F:\Documentos\Rafael\4 - ARQUIVO MORTO\COAMBE\ESTATUTO SOCIAL - 2015.pdf | motivo=PDF sem texto extraível; pode ser escaneado
08/09/2026 09:39:46 | INFO | Indexação em andamento | 2400 de 27964 PDFs
08/09/2026 09:39:47 | WARNING | PDF não indexado | arquivo=F:\Documentos\Rafael\4 - ARQUIVO MORTO\COAMBE\MATRICULA IMÓVEL.pdf | motivo=PDF sem texto extraível; pode ser escaneado
08/09/2026 09:39:47 | WARNING | PDF não indexado | arquivo=F:\Documentos\Rafael\4 - ARQUIVO MORTO\COAMBE\PROTOCOLO BOMBEIRO.pdf | motivo=PDF sem texto extraível; pode ser escaneado
08/09/2026 09:39:47 | WARNING | PDF não indexado | arquivo=F:\Documentos\Rafael\4 - ARQUIVO MORTO\COAMBE\REGIME DE EXPORTAÇÃO\REQUERIMENTO SEFAZ.pdf | motivo=PDF sem texto extraível; pode ser escaneado
08/09/2026 09:39:51 | WARNING | PDF não indexado | arquivo=F:\Documentos\Rafael\4 - ARQUIVO MORTO\COAMBE\REGISTROS DE ATAS\REGISTRO ATA - 2020 - MARÇO\DOCUMENTOS ADILSON.pdf | motivo=PDF sem texto extraível; pode ser escaneado
08/09/2026 09:39:51 | WARNING | PDF não indexado | arquivo=F:\Documentos\Rafael\4 - ARQUIVO MORTO\COAMBE\REGISTROS DE ATAS\REGISTRO ATA - 2020 - MARÇO\DOCUMENTOS ALVADIR.pdf | motivo=PDF sem texto extraível; pode ser escaneado
08/09/2026 09:39:51 | WARNING | PDF não indexado | arquivo=F:\Documentos\Rafael\4 - ARQUIVO MORTO\COAMBE\REGISTROS DE ATAS\REGISTRO ATA - 2020 - MARÇO\DOCUMENTOS ANDERSON.pdf | motivo=PDF sem texto extraível; pode ser escaneado
08/09/2026 09:39:51 | WARNING | PDF não indexado | arquivo=F:\Documentos\Rafael\4 - ARQUIVO MORTO\COAMBE\REGISTROS DE ATAS\REGISTRO ATA - 2020 - MARÇO\DOCUMENTOS ARMELINDO.pdf | motivo=PDF sem texto extraível; pode ser escaneado
08/09/2026 09:39:51 | WARNING | PDF não indexado | arquivo=F:\Documentos\Rafael\4 - ARQUIVO MORTO\COAMBE\REGISTROS DE ATAS\REGISTRO ATA - 2020 - MARÇO\DOCUMENTOS DILVAO.pdf | motivo=PDF sem texto extraível; pode ser escaneado
08/09/2026 09:39:51 | WARNING | PDF não indexado | arquivo=F:\Documentos\Rafael\4 - ARQUIVO MORTO\COAMBE\REGISTROS DE ATAS\REGISTRO ATA - 2020 - MARÇO\DOCUMENTOS DIRCEU.pdf | motivo=PDF sem texto extraível; pode ser escaneado
08/09/2026 09:39:51 | WARNING | PDF não indexado | arquivo=F:\Documentos\Rafael\4 - ARQUIVO MORTO\COAMBE\REGISTROS DE ATAS\REGISTRO ATA - 2020 - MARÇO\DOCUMENTOS EDINEI.pdf | motivo=PDF sem texto extraível; pode ser escaneado
08/09/2026 09:39:51 | WARNING | PDF não indexado | arquivo=F:\Documentos\Rafael\4 - ARQUIVO MORTO\COAMBE\REGISTROS DE ATAS\REGISTRO ATA - 2020 - MARÇO\DOCUMENTOS ERVINO.pdf | motivo=PDF sem texto extraível; pode ser escaneado
08/09/2026 09:39:51 | WARNING | PDF não indexado | arquivo=F:\Documentos\Rafael\4 - ARQUIVO MORTO\COAMBE\REGISTROS DE ATAS\REGISTRO ATA - 2020 - MARÇO\DOCUMENTOS FERNANDO.pdf | motivo=PDF sem texto extraível; pode ser escaneado
08/09/2026 09:39:51 | WARNING | PDF não indexado | arquivo=F:\Documentos\Rafael\4 - ARQUIVO MORTO\COAMBE\REGISTROS DE ATAS\REGISTRO ATA - 2020 - MARÇO\DOCUMENTOS ILDO.pdf | motivo=PDF sem texto extraível; pode ser escaneado
08/09/2026 09:39:52 | WARNING | PDF não indexado | arquivo=F:\Documentos\Rafael\4 - ARQUIVO MORTO\COAMBE\REGISTROS DE ATAS\REGISTRO ATA - 2020 - MARÇO\DOCUMENTOS NILSON.pdf | motivo=PDF sem texto extraível; pode ser escaneado
08/09/2026 09:39:52 | WARNING | PDF não indexado | arquivo=F:\Documentos\Rafael\4 - ARQUIVO MORTO\COAMBE\REGISTROS DE ATAS\REGISTRO ATA - 2020 - MARÇO\DOCUMENTOS RUBENS.pdf | motivo=PDF sem texto extraível; pode ser escaneado
08/09/2026 09:39:52 | WARNING | PDF não indexado | arquivo=F:\Documentos\Rafael\4 - ARQUIVO MORTO\COAMBE\REGISTROS DE ATAS\REGISTRO ATA - 2020 - MARÇO\DOCUMENTOS TOBIAS.pdf | motivo=PDF sem texto extraível; pode ser escaneado
08/09/2026 09:39:58 | WARNING | PDF não indexado | arquivo=F:\Documentos\Rafael\4 - ARQUIVO MORTO\COAMBE\REGISTROS DE ATAS\REGISTRO ATA - 2021 - ABRIL\Parecer do Conselho Fiscal.pdf | motivo=PDF sem texto extraível; pode ser escaneado
08/09/2026 09:40:01 | WARNING | PDF não indexado | arquivo=F:\Documentos\Rafael\4 - ARQUIVO MORTO\COAMBE\REGISTROS DE ATAS\REGISTRO ATA - 2022 - MARÇO\DOCUMENTOS CONS. FISCAL - Cleiton.pdf | motivo=PDF sem texto extraível; pode ser escaneado
08/09/2026 09:40:01 | WARNING | PDF não indexado | arquivo=F:\Documentos\Rafael\4 - ARQUIVO MORTO\COAMBE\REGISTROS DE ATAS\REGISTRO ATA - 2022 - MARÇO\DOCUMENTOS CONS. FISCAL - DILVAO.pdf | motivo=PDF sem texto extraível; pode ser escaneado
08/09/2026 09:40:01 | WARNING | PDF não indexado | arquivo=F:\Documentos\Rafael\4 - ARQUIVO MORTO\COAMBE\REGISTROS DE ATAS\REGISTRO ATA - 2022 - MARÇO\DOCUMENTOS CONS. FISCAL - Ervino.pdf | motivo=PDF sem texto extraível; pode ser escaneado
08/09/2026 09:40:01 | WARNING | PDF não indexado | arquivo=F:\Documentos\Rafael\4 - ARQUIVO MORTO\COAMBE\REGISTROS DE ATAS\REGISTRO ATA - 2022 - MARÇO\DOCUMENTOS CONS. FISCAL - Fernando.pdf | motivo=PDF sem texto extraível; pode ser escaneado
08/09/2026 09:40:01 | WARNING | PDF não indexado | arquivo=F:\Documentos\Rafael\4 - ARQUIVO MORTO\COAMBE\REGISTROS DE ATAS\REGISTRO ATA - 2022 - MARÇO\DOCUMENTOS CONS. FISCAL - José A. Zilli.pdf | motivo=PDF sem texto extraível; pode ser escaneado
08/09/2026 09:40:05 | WARNING | PDF não indexado | arquivo=F:\Documentos\Rafael\4 - ARQUIVO MORTO\COAMBE\REGISTROS DE ATAS\REGSITRO ATA - 2019 - MAIO\DECLARACOES DE AVISO DA ASSEMBLEIA.pdf | motivo=PDF sem texto extraível; pode ser escaneado
08/09/2026 09:40:05 | WARNING | PDF não indexado | arquivo=F:\Documentos\Rafael\4 - ARQUIVO MORTO\COAMBE\REGISTROS DE ATAS\REGSITRO ATA - 2019 - MAIO\DOCUMENTOS ALVADIR.pdf | motivo=PDF sem texto extraível; pode ser escaneado
08/09/2026 09:40:05 | WARNING | PDF não indexado | arquivo=F:\Documentos\Rafael\4 - ARQUIVO MORTO\COAMBE\REGISTROS DE ATAS\REGSITRO ATA - 2019 - MAIO\DOCUMENTOS ARMELINDO.pdf | motivo=PDF sem texto extraível; pode ser escaneado
08/09/2026 09:40:05 | WARNING | PDF não indexado | arquivo=F:\Documentos\Rafael\4 - ARQUIVO MORTO\COAMBE\REGISTROS DE ATAS\REGSITRO ATA - 2019 - MAIO\DOCUMENTOS CESAR.pdf | motivo=PDF sem texto extraível; pode ser escaneado
08/09/2026 09:40:05 | WARNING | PDF não indexado | arquivo=F:\Documentos\Rafael\4 - ARQUIVO MORTO\COAMBE\REGISTROS DE ATAS\REGSITRO ATA - 2019 - MAIO\DOCUMENTOS DIRCEU.pdf | motivo=PDF sem texto extraível; pode ser escaneado
08/09/2026 09:40:05 | WARNING | PDF não indexado | arquivo=F:\Documentos\Rafael\4 - ARQUIVO MORTO\COAMBE\REGISTROS DE ATAS\REGSITRO ATA - 2019 - MAIO\DOCUMENTOS JOSE.pdf | motivo=PDF sem texto extraível; pode ser escaneado
08/09/2026 09:40:05 | WARNING | PDF não indexado | arquivo=F:\Documentos\Rafael\4 - ARQUIVO MORTO\COAMBE\REGISTROS DE ATAS\REGSITRO ATA - 2019 - MAIO\DOCUMENTOS NILSON.pdf | motivo=PDF sem texto extraível; pode ser escaneado
08/09/2026 09:40:06 | WARNING | PDF não indexado | arquivo=F:\Documentos\Rafael\4 - ARQUIVO MORTO\COAMBE\REGISTROS DE ATAS\REGSITRO ATA - 2019 - MAIO\DOCUMENTOS ORNELIO.pdf | motivo=PDF sem texto extraível; pode ser escaneado
08/09/2026 09:40:06 | WARNING | PDF não indexado | arquivo=F:\Documentos\Rafael\4 - ARQUIVO MORTO\COAMBE\REGISTROS DE ATAS\REGSITRO ATA - 2019 - MAIO\DOCUMENTOS RUBENS.pdf | motivo=PDF sem texto extraível; pode ser escaneado
08/09/2026 09:40:06 | WARNING | PDF não indexado | arquivo=F:\Documentos\Rafael\4 - ARQUIVO MORTO\COAMBE\REGISTROS DE ATAS\REGSITRO ATA - 2019 - MAIO\PARECER AUDITORIA.pdf | motivo=PDF sem texto extraível; pode ser escaneado
08/09/2026 09:40:06 | WARNING | PDF não indexado | arquivo=F:\Documentos\Rafael\4 - ARQUIVO MORTO\COAMBE\REGISTROS DE ATAS\REGSITRO ATA - 2019 - MAIO\PUBLICACAO JORNAL.pdf | motivo=PDF sem texto extraível; pode ser escaneado
08/09/2026 09:40:06 | INFO | Indexação em andamento | 2500 de 27964 PDFs
08/09/2026 09:40:07 | WARNING | PDF não indexado | arquivo=F:\Documentos\Rafael\4 - ARQUIVO MORTO\COAMBE\REGISTROS DE ATAS\REGSITRO ATA - 2019 - NOVEMBRO\Declaracoes__Locais de Entidades Realizacao de Assembleias.pdf | motivo=PDF sem texto extraível; pode ser escaneado
08/09/2026 09:40:08 | WARNING | PDF não indexado | arquivo=F:\Documentos\Rafael\4 - ARQUIVO MORTO\COAMBE\REGISTROS DE ATAS\REGSITRO ATA - 2019 - NOVEMBRO\Publicacao Jornal.pdf | motivo=PDF sem texto extraível; pode ser escaneado
08/09/2026 09:40:08 | WARNING | PDF não indexado | arquivo=F:\Documentos\Rafael\4 - ARQUIVO MORTO\COAMBE\TAC - 2022.pdf | motivo=PDF sem texto extraível; pode ser escaneado
08/09/2026 09:40:08 | WARNING | PDF não indexado | arquivo=F:\Documentos\Rafael\4 - ARQUIVO MORTO\COAMBE\TAC.pdf | motivo=PDF sem texto extraível; pode ser escaneado
08/09/2026 09:40:08 | WARNING | PDF não indexado | arquivo=F:\Documentos\Rafael\4 - ARQUIVO MORTO\COAMBE\TERMO FETHAB\TERMO FETHAB - MILHO.pdf | motivo=PDF sem texto extraível; pode ser escaneado
08/09/2026 09:40:08 | WARNING | PDF não indexado | arquivo=F:\Documentos\Rafael\4 - ARQUIVO MORTO\COAMBE\TERMO FETHAB\TERMO FETHAB - SOJA.pdf | motivo=PDF sem texto extraível; pode ser escaneado
08/09/2026 09:40:09 | WARNING | PDF não indexado | arquivo=F:\Documentos\Rafael\4 - ARQUIVO MORTO\COLONIALLE\CONTRATO SOCIAL - CONSTITUIÇÃO.pdf | motivo=PDF sem texto extraível; pode ser escaneado
08/09/2026 09:40:09 | WARNING | PDF não indexado | arquivo=F:\Documentos\Rafael\4 - ARQUIVO MORTO\COLONIALLE\DOCUMENTOS CRISTIANE.pdf | motivo=PDF sem texto extraível; pode ser escaneado
08/09/2026 09:40:11 | WARNING | PDF não indexado | arquivo=F:\Documentos\Rafael\4 - ARQUIVO MORTO\COOPERAGUAS\MATRÍCULA.pdf | motivo=PDF sem texto extraível; pode ser escaneado
08/09/2026 09:40:12 | WARNING | PDF não indexado | arquivo=F:\Documentos\Rafael\4 - ARQUIVO MORTO\COOPERAGUAS\TAC 2023.pdf | motivo=PDF sem texto extraível; pode ser escaneado
08/09/2026 09:40:15 | WARNING | PDF não indexado | arquivo=F:\Documentos\Rafael\4 - ARQUIVO MORTO\COOPERATIVA - MUNDO VERDE\DOCUMENTOS COOPERADOS\DOCUMENTOS ANTONIA DA CONCEICAO.pdf | motivo=PDF sem texto extraível; pode ser escaneado
08/09/2026 09:40:15 | WARNING | PDF não indexado | arquivo=F:\Documentos\Rafael\4 - ARQUIVO MORTO\COOPERATIVA - MUNDO VERDE\DOCUMENTOS COOPERADOS\DOCUMENTOS ANTONIA.pdf | motivo=PDF sem texto extraível; pode ser escaneado
08/09/2026 09:40:15 | WARNING | PDF não indexado | arquivo=F:\Documentos\Rafael\4 - ARQUIVO MORTO\COOPERATIVA - MUNDO VERDE\DOCUMENTOS COOPERADOS\DOCUMENTOS JONES.pdf | motivo=PDF sem texto extraível; pode ser escaneado
08/09/2026 09:40:15 | WARNING | PDF não indexado | arquivo=F:\Documentos\Rafael\4 - ARQUIVO MORTO\COOPERATIVA - MUNDO VERDE\DOCUMENTOS COOPERADOS\DOCUMENTOS LEO JAIME.pdf | motivo=PDF sem texto extraível; pode ser escaneado
08/09/2026 09:40:15 | WARNING | PDF não indexado | arquivo=F:\Documentos\Rafael\4 - ARQUIVO MORTO\COOPERATIVA - MUNDO VERDE\DOCUMENTOS COOPERADOS\DOCUMENTOS LUANA.pdf | motivo=PDF sem texto extraível; pode ser escaneado
08/09/2026 09:40:15 | WARNING | PDF não indexado | arquivo=F:\Documentos\Rafael\4 - ARQUIVO MORTO\COOPERATIVA - MUNDO VERDE\DOCUMENTOS COOPERADOS\DOCUMENTOS MARIA DA CONCEICAO.pdf | motivo=PDF sem texto extraível; pode ser escaneado
08/09/2026 09:40:15 | WARNING | PDF não indexado | arquivo=F:\Documentos\Rafael\4 - ARQUIVO MORTO\COOPERATIVA - MUNDO VERDE\DOCUMENTOS COOPERADOS\DOCUMENTOS ROSILENE.pdf | motivo=PDF sem texto extraível; pode ser escaneado
08/09/2026 09:40:18 | WARNING | PDF não indexado | arquivo=F:\Documentos\Rafael\4 - ARQUIVO MORTO\CP AGRO\CONTRATO SOCIAL - 1º ALT.pdf | motivo=PDF sem texto extraível; pode ser escaneado
08/09/2026 09:40:20 | WARNING | PDF não indexado | arquivo=F:\Documentos\Rafael\4 - ARQUIVO MORTO\CP AGRO\CONTRATO SOCIAL - 2º ALT.pdf | motivo=PDF sem texto extraível; pode ser escaneado
08/09/2026 09:40:21 | WARNING | PDF não indexado | arquivo=F:\Documentos\Rafael\4 - ARQUIVO MORTO\CP AGRO\CONTRATO SOCIAL - 3º ALT.pdf | motivo=PDF sem texto extraível; pode ser escaneado
08/09/2026 09:40:22 | WARNING | PDF não indexado | arquivo=F:\Documentos\Rafael\4 - ARQUIVO MORTO\CP AGRO\CONTRATO SOCIAL - CONSTITUIÇÃO.pdf | motivo=PDF sem texto extraível; pode ser escaneado
08/09/2026 09:40:22 | WARNING | PDF não indexado | arquivo=F:\Documentos\Rafael\4 - ARQUIVO MORTO\CP AGRO\DOCUMENTOS GUSTAVO.pdf | motivo=PDF sem texto extraível; pode ser escaneado
08/09/2026 09:40:23 | WARNING | PDF não indexado | arquivo=F:\Documentos\Rafael\4 - ARQUIVO MORTO\CP AGRO\DOCUMENTOS MARIA.pdf | motivo=PDF sem texto extraível; pode ser escaneado
08/09/2026 09:40:23 | WARNING | PDF não indexado | arquivo=F:\Documentos\Rafael\4 - ARQUIVO MORTO\CP AGRO\DOCUMENTOS MARILHA.pdf | motivo=PDF sem texto extraível; pode ser escaneado
08/09/2026 09:40:23 | WARNING | PDF não indexado | arquivo=F:\Documentos\Rafael\4 - ARQUIVO MORTO\CP AGRO\INSCRIÇÃO ESTADUAL\DOCUMENTOS - GUSTAVO.pdf | motivo=PDF sem texto extraível; pode ser escaneado
08/09/2026 09:40:23 | INFO | Indexação em andamento | 2600 de 27964 PDFs
08/09/2026 09:40:23 | WARNING | PDF não indexado | arquivo=F:\Documentos\Rafael\4 - ARQUIVO MORTO\CP AGRO\INSCRIÇÃO ESTADUAL\DOCUMENTOS - MARIA.pdf | motivo=PDF sem texto extraível; pode ser escaneado
08/09/2026 09:40:23 | WARNING | PDF não indexado | arquivo=F:\Documentos\Rafael\4 - ARQUIVO MORTO\CP AGRO\INSCRIÇÃO ESTADUAL\DOCUMENTOS - MARILHA.pdf | motivo=PDF sem texto extraível; pode ser escaneado
08/09/2026 09:40:23 | WARNING | PDF não indexado | arquivo=F:\Documentos\Rafael\4 - ARQUIVO MORTO\CP AGRO\INSCRIÇÃO ESTADUAL\FAC.pdf | motivo=PDF sem texto extraível; pode ser escaneado
08/09/2026 09:40:24 | WARNING | PDF não indexado | arquivo=F:\Documentos\Rafael\4 - ARQUIVO MORTO\CP AGRO\INSCRIÇÃO ESTADUAL\MATRÍCULA - 47.658.pdf | motivo=PDF sem texto extraível; pode ser escaneado
08/09/2026 09:40:24 | WARNING | PDF não indexado | arquivo=F:\Documentos\Rafael\4 - ARQUIVO MORTO\CP AGRO\INSCRIÇÃO ESTADUAL\TERMO DE OPÇÃO PARA REALIZAÇÃO DE OPERAÇÃO COM DIFERIMENTO DO ICMS.pdf | motivo=PDF sem texto extraível; pode ser escaneado
08/09/2026 09:40:24 | WARNING | PDF não indexado | arquivo=F:\Documentos\Rafael\4 - ARQUIVO MORTO\CRC SILVERIO\DOCUMENTOS.pdf | motivo=PDF sem texto extraível; pode ser escaneado
08/09/2026 09:40:25 | WARNING | PDF não indexado | arquivo=F:\Documentos\Rafael\4 - ARQUIVO MORTO\DAVI\doc03316620221014164904.pdf | motivo=PDF sem texto extraível; pode ser escaneado
08/09/2026 09:40:29 | WARNING | PDF não indexado | arquivo=F:\Documentos\Rafael\4 - ARQUIVO MORTO\DISBESOL - TINO\ESCRITURA PUBLICA DE INVENTARIO.pdf | motivo=PDF sem texto extraível; pode ser escaneado
08/09/2026 09:40:29 | WARNING | PDF não indexado | arquivo=F:\Documentos\Rafael\4 - ARQUIVO MORTO\DISTRIBUIDORA DE ARMARINHOS FENIX LTDA\CONTRATOS - CONSTITUIÇÃ e 1ª ALT..pdf | motivo=PDF sem texto extraível; pode ser escaneado
08/09/2026 09:40:29 | WARNING | PDF não indexado | arquivo=F:\Documentos\Rafael\4 - ARQUIVO MORTO\DISTRIBUIDORA DE ARMARINHOS FENIX LTDA\DISTRATO SOCIAL.pdf | motivo=PDF sem texto extraível; pode ser escaneado
08/09/2026 09:40:29 | WARNING | PDF não indexado | arquivo=F:\Documentos\Rafael\4 - ARQUIVO MORTO\DISTRIBUIDORA DE ARMARINHOS FENIX LTDA\DOCUMENTOS NEIVALDO.pdf | motivo=PDF sem texto extraível; pode ser escaneado
08/09/2026 09:40:30 | WARNING | PDF não indexado | arquivo=F:\Documentos\Rafael\4 - ARQUIVO MORTO\DISTRIBUIDORA DE ARMARINHOS FENIX LTDA\PROTOCOLO.pdf | motivo=PDF sem texto extraível; pode ser escaneado
08/09/2026 09:40:30 | WARNING | PDF não indexado | arquivo=F:\Documentos\Rafael\4 - ARQUIVO MORTO\DISTRIBUIDORA DE ARMARINHOS FENIX LTDA\TERMO FIEL DEPOSITÁRIO.pdf | motivo=PDF sem texto extraível; pode ser escaneado
08/09/2026 09:40:34 | WARNING | PDF não indexado | arquivo=F:\Documentos\Rafael\4 - ARQUIVO MORTO\DORNEL E WEBER SERVIÇOS LTDA\CONTRATO DE LOCAÇÃO.pdf | motivo=PDF sem texto extraível; pode ser escaneado
08/09/2026 09:40:36 | WARNING | PDF não indexado | arquivo=F:\Documentos\Rafael\4 - ARQUIVO MORTO\DORNEL E WEBER SERVIÇOS LTDA\DOCUMENTOS SÓCIO - CEDIO.pdf | motivo=PDF sem texto extraível; pode ser escaneado
08/09/2026 09:40:36 | WARNING | PDF não indexado | arquivo=F:\Documentos\Rafael\4 - ARQUIVO MORTO\DORNEL E WEBER SERVIÇOS LTDA\DOCUMENTOS SÓCIO - GILMAR.pdf | motivo=PDF sem texto extraível; pode ser escaneado
08/09/2026 09:40:36 | WARNING | PDF não indexado | arquivo=F:\Documentos\Rafael\4 - ARQUIVO MORTO\DORNEL E WEBER SERVIÇOS LTDA\ESCRITURA DA MATRICULA DOADA.pdf | motivo=PDF sem texto extraível; pode ser escaneado
08/09/2026 09:40:36 | WARNING | PDF não indexado | arquivo=F:\Documentos\Rafael\4 - ARQUIVO MORTO\DORNEL E WEBER SERVIÇOS LTDA\FACHADA 1.pdf | motivo=PDF sem texto extraível; pode ser escaneado
08/09/2026 09:40:36 | WARNING | PDF não indexado | arquivo=F:\Documentos\Rafael\4 - ARQUIVO MORTO\DORNEL E WEBER SERVIÇOS LTDA\FACHADA 2.pdf | motivo=PDF sem texto extraível; pode ser escaneado
08/09/2026 09:40:38 | WARNING | PDF não indexado | arquivo=F:\Documentos\Rafael\4 - ARQUIVO MORTO\DORNEL E WEBER SERVIÇOS LTDA\LO IRRIGAR ENGENHARIA.pdf | motivo=PDF sem texto extraível; pode ser escaneado
08/09/2026 09:40:38 | WARNING | PDF não indexado | arquivo=F:\Documentos\Rafael\4 - ARQUIVO MORTO\DORNEL E WEBER SERVIÇOS LTDA\PROTOCOLO.pdf | motivo=PDF sem texto extraível; pode ser escaneado
08/09/2026 09:40:39 | WARNING | PDF não indexado | arquivo=F:\Documentos\Rafael\4 - ARQUIVO MORTO\DORNEL E WEBER SERVIÇOS LTDA\TAC2024.pdf | motivo=PDF sem texto extraível; pode ser escaneado
08/09/2026 09:40:39 | INFO | Indexação em andamento | 2700 de 27964 PDFs
08/09/2026 09:40:41 | WARNING | PDF não indexado | arquivo=F:\Documentos\Rafael\4 - ARQUIVO MORTO\E. B. DO NASCIMENTO NATALE LTDA\DOCUMENTOS SÓCIO - EDUARDO.pdf | motivo=PDF sem texto extraível; pode ser escaneado
08/09/2026 09:40:42 | WARNING | PDF não indexado | arquivo=F:\Documentos\Rafael\4 - ARQUIVO MORTO\E. B. DO NASCIMENTO NATALE LTDA\OPTANTE SIMPLES NACIONAL.pdf | motivo=PDF sem texto extraível; pode ser escaneado
08/09/2026 09:40:43 | WARNING | PDF não indexado | arquivo=F:\Documentos\Rafael\4 - ARQUIVO MORTO\E. C. PIOVEZAN E C. R. R. ROSSATO\ALVARÁ BOMBEIRO.pdf | motivo=PDF sem texto extraível; pode ser escaneado
08/09/2026 09:40:48 | WARNING | PDF não indexado | arquivo=F:\Documentos\Rafael\4 - ARQUIVO MORTO\E. C. PIOVEZAN E C. R. R. ROSSATO\DOCUMENTO SÓCIO - ELIS.pdf | motivo=PDF sem texto extraível; pode ser escaneado
08/09/2026 09:40:48 | WARNING | PDF não indexado | arquivo=F:\Documentos\Rafael\4 - ARQUIVO MORTO\E. C. PIOVEZAN E C. R. R. ROSSATO\FOTOS.pdf | motivo=PDF sem texto extraível; pode ser escaneado
08/09/2026 09:40:48 | WARNING | PDF não indexado | arquivo=F:\Documentos\Rafael\4 - ARQUIVO MORTO\E. C. PIOVEZAN E C. R. R. ROSSATO\HABITE-SE.pdf | motivo=PDF sem texto extraível; pode ser escaneado
08/09/2026 09:40:50 | WARNING | PDF não indexado | arquivo=F:\Documentos\Rafael\4 - ARQUIVO MORTO\ELIZETE BARUFI - LOTE PAI DELA\DOCUMENTOS DOMINGOS.pdf | motivo=PDF sem texto extraível; pode ser escaneado
08/09/2026 09:40:51 | WARNING | PDF não indexado | arquivo=F:\Documentos\Rafael\4 - ARQUIVO MORTO\ELOI - DOCUMENTOS ARMAS\AUTO DE INFRAÇÃO E PAGAMENTO.pdf | motivo=PDF sem texto extraível; pode ser escaneado
08/09/2026 09:40:51 | WARNING | PDF não indexado | arquivo=F:\Documentos\Rafael\4 - ARQUIVO MORTO\ELOI - DOCUMENTOS ARMAS\EXTRATO PAGAMENTO.pdf | motivo=PDF sem texto extraível; pode ser escaneado
08/09/2026 09:40:53 | WARNING | PDF não indexado | arquivo=F:\Documentos\Rafael\4 - ARQUIVO MORTO\ELOI - DOCUMENTOS ARMAS\Registro da aduana italiana e declaração da armeria.pdf | motivo=PDF sem texto extraível; pode ser escaneado
08/09/2026 09:40:54 | WARNING | PDF não indexado | arquivo=F:\Documentos\Rafael\4 - ARQUIVO MORTO\ELOS. M\BALANÇO 2019 ELOS PARTICIPAÇÕES.pdf | motivo=PDF sem texto extraível; pode ser escaneado
08/09/2026 09:40:54 | WARNING | PDF não indexado | arquivo=F:\Documentos\Rafael\4 - ARQUIVO MORTO\ELOS. M\FLUXO DE CAIXA E MUTAÇÕES DO PATRIMÔNIO - 2019.pdf | motivo=PDF sem texto extraível; pode ser escaneado
08/09/2026 09:40:54 | WARNING | PDF não indexado | arquivo=F:\Documentos\Rafael\4 - ARQUIVO MORTO\ELOS. M\TAC.pdf | motivo=PDF sem texto extraível; pode ser escaneado
08/09/2026 09:40:56 | INFO | Indexação em andamento | 2800 de 27964 PDFs
08/09/2026 09:40:59 | WARNING | PDF não indexado | arquivo=F:\Documentos\Rafael\4 - ARQUIVO MORTO\EMBAIXADOR RESTAURANTE E REFEICOES COLETIVAS\ALVARÁ SANITÁRIO\ALVARÁ SANITÁRIO 30 DIAS.pdf | motivo=PDF sem texto extraível; pode ser escaneado
08/09/2026 09:40:59 | WARNING | PDF não indexado | arquivo=F:\Documentos\Rafael\4 - ARQUIVO MORTO\EMBAIXADOR RESTAURANTE E REFEICOES COLETIVAS\ALVARÁ SANITÁRIO\CERTIFICADOS DE TREINAMENTO.pdf | motivo=PDF sem texto extraível; pode ser escaneado
08/09/2026 09:41:00 | WARNING | PDF não indexado | arquivo=F:\Documentos\Rafael\4 - ARQUIVO MORTO\EMBAIXADOR RESTAURANTE E REFEICOES COLETIVAS\ALVARÁ SANITÁRIO\COMPROVANTE ALVARÁ SANITÁRIO.pdf | motivo=PDF sem texto extraível; pode ser escaneado
08/09/2026 09:41:01 | WARNING | PDF não indexado | arquivo=F:\Documentos\Rafael\4 - ARQUIVO MORTO\EMBAIXADOR RESTAURANTE E REFEICOES COLETIVAS\ALVARÁ SANITÁRIO\DOCUMENTOS NUTRICIONISTA.pdf | motivo=PDF sem texto extraível; pode ser escaneado
08/09/2026 09:41:01 | WARNING | PDF não indexado | arquivo=F:\Documentos\Rafael\4 - ARQUIVO MORTO\EMBAIXADOR RESTAURANTE E REFEICOES COLETIVAS\ALVARÁ SANITÁRIO\DOCUMENTOS RESPONSAVEL.pdf | motivo=PDF sem texto extraível; pode ser escaneado
08/09/2026 09:41:01 | WARNING | PDF não indexado | arquivo=F:\Documentos\Rafael\4 - ARQUIVO MORTO\EMBAIXADOR RESTAURANTE E REFEICOES COLETIVAS\ALVARÁ SANITÁRIO\LAUDO LIMPEZA VENTILADOR.pdf | motivo=PDF sem texto extraível; pode ser escaneado
08/09/2026 09:41:01 | WARNING | PDF não indexado | arquivo=F:\Documentos\Rafael\4 - ARQUIVO MORTO\EMBAIXADOR RESTAURANTE E REFEICOES COLETIVAS\ALVARÁ SANITÁRIO\LAUDOS DE LIMPEZA.pdf | motivo=PDF sem texto extraível; pode ser escaneado
08/09/2026 09:41:03 | WARNING | PDF não indexado | arquivo=F:\Documentos\Rafael\4 - ARQUIVO MORTO\EMBAIXADOR RESTAURANTE E REFEICOES COLETIVAS\ALVARÁ SANITÁRIO\MANUAL DE BOAS PRÁTICAS.pdf | motivo=PDF sem texto extraível; pode ser escaneado
08/09/2026 09:41:03 | WARNING | PDF não indexado | arquivo=F:\Documentos\Rafael\4 - ARQUIVO MORTO\EMBAIXADOR RESTAURANTE E REFEICOES COLETIVAS\ALVARÁ SANITÁRIO\MANUAL DE BOAS PRÁTICAS_compressed.pdf | motivo=PDF sem texto extraível; pode ser escaneado
08/09/2026 09:41:03 | WARNING | PDF não indexado | arquivo=F:\Documentos\Rafael\4 - ARQUIVO MORTO\EMBAIXADOR RESTAURANTE E REFEICOES COLETIVAS\ALVARÁ SANITÁRIO\NOTA FILTRO DE ÁGUA.pdf | motivo=PDF sem texto extraível; pode ser escaneado
08/09/2026 09:41:04 | WARNING | PDF não indexado | arquivo=F:\Documentos\Rafael\4 - ARQUIVO MORTO\EMBAIXADOR RESTAURANTE E REFEICOES COLETIVAS\ALVARÁ SANITÁRIO\REGISTRO DE TREINAMENTO.pdf | motivo=PDF sem texto extraível; pode ser escaneado
08/09/2026 09:41:04 | WARNING | PDF não indexado | arquivo=F:\Documentos\Rafael\4 - ARQUIVO MORTO\EMBAIXADOR RESTAURANTE E REFEICOES COLETIVAS\ALVARÁ SANITÁRIO 2025\CERTIDÃO NUTRICIONISTA.pdf | motivo=PDF sem texto extraível; pode ser escaneado
08/09/2026 09:41:08 | WARNING | PDF não indexado | arquivo=F:\Documentos\Rafael\4 - ARQUIVO MORTO\EMBAIXADOR RESTAURANTE E REFEICOES COLETIVAS\Contrato Locação.pdf | motivo=PDF sem texto extraível; pode ser escaneado
08/09/2026 09:41:08 | WARNING | PDF não indexado | arquivo=F:\Documentos\Rafael\4 - ARQUIVO MORTO\EMBAIXADOR RESTAURANTE E REFEICOES COLETIVAS\CONTRATO SOCIAL - 2º ALT.pdf | motivo=PDF sem texto extraível; pode ser escaneado
08/09/2026 09:41:10 | WARNING | PDF não indexado | arquivo=F:\Documentos\Rafael\4 - ARQUIVO MORTO\EMBAIXADOR RESTAURANTE E REFEICOES COLETIVAS\DOCUMENTOS RESPONSAVEL.pdf | motivo=PDF sem texto extraível; pode ser escaneado
08/09/2026 09:41:10 | WARNING | PDF não indexado | arquivo=F:\Documentos\Rafael\4 - ARQUIVO MORTO\EMBAIXADOR RESTAURANTE E REFEICOES COLETIVAS\Matrícula 11427.pdf | motivo=PDF sem texto extraível; pode ser escaneado
08/09/2026 09:41:15 | WARNING | PDF não indexado | arquivo=F:\Documentos\Rafael\4 - ARQUIVO MORTO\ESTRELA DE FOGO AGROPECUARIA\CARTÓRIO\PROCESSO CEI ANOREG\CARTA ANUENCIA E PROCURAÇÃO - BANCO BV.pdf | motivo=PDF sem texto extraível; pode ser escaneado
08/09/2026 09:41:15 | WARNING | PDF não indexado | arquivo=F:\Documentos\Rafael\4 - ARQUIVO MORTO\ESTRELA DE FOGO AGROPECUARIA\CARTÓRIO\PROCESSO CEI ANOREG\CARTA ANUENCIA E PROCURAÇÃO - BANCO CNH CAPITAL.pdf | motivo=PDF sem texto extraível; pode ser escaneado
08/09/2026 09:41:15 | WARNING | PDF não indexado | arquivo=F:\Documentos\Rafael\4 - ARQUIVO MORTO\ESTRELA DE FOGO AGROPECUARIA\CARTÓRIO\PROCESSO CEI ANOREG\CARTA ANUENCIA E PROCURAÇÃO - BANCO JOHN DEERE.pdf | motivo=PDF sem texto extraível; pode ser escaneado
08/09/2026 09:41:21 | WARNING | PDF não indexado | arquivo=F:\Documentos\Rafael\4 - ARQUIVO MORTO\ESTRELA DE FOGO AGROPECUARIA\CARTÓRIO\PROCESSO CEI ANOREG\GUIA ITBI - MAT. 63.332.pdf | motivo=PDF sem texto extraível; pode ser escaneado
08/09/2026 09:41:21 | WARNING | PDF não indexado | arquivo=F:\Documentos\Rafael\4 - ARQUIVO MORTO\ESTRELA DE FOGO AGROPECUARIA\CARTÓRIO\PROCESSO CEI ANOREG\GUIA ITBI - MAT. 63.590.pdf | motivo=PDF sem texto extraível; pode ser escaneado
08/09/2026 09:41:21 | WARNING | PDF não indexado | arquivo=F:\Documentos\Rafael\4 - ARQUIVO MORTO\ESTRELA DE FOGO AGROPECUARIA\CARTÓRIO\PROCESSO CEI ANOREG\GUIA ITBI - MAT. 65.224.pdf | motivo=PDF sem texto extraível; pode ser escaneado
08/09/2026 09:41:21 | WARNING | PDF não indexado | arquivo=F:\Documentos\Rafael\4 - ARQUIVO MORTO\ESTRELA DE FOGO AGROPECUARIA\CARTÓRIO\PROCESSO CEI ANOREG\REQUERIMENTO CINDIBILIDADE.pdf | motivo=PDF sem texto extraível; pode ser escaneado
08/09/2026 09:41:21 | WARNING | PDF não indexado | arquivo=F:\Documentos\Rafael\4 - ARQUIVO MORTO\ESTRELA DE FOGO AGROPECUARIA\CERTIDAO VALOR VENAL - MAT. 34.610_1.543_29.233_32.081.pdf | motivo=PDF sem texto extraível; pode ser escaneado
08/09/2026 09:41:31 | WARNING | PDF não indexado | arquivo=F:\Documentos\Rafael\4 - ARQUIVO MORTO\ESTRELA DE FOGO AGROPECUARIA\CONTRATOS COMPOSSE E PARCERIA\CONTRATO DE ARRENDAMENTO - ESTRELA DE FOGO___Assinado.pdf | motivo=PDF sem texto extraível; pode ser escaneado
08/09/2026 09:41:35 | WARNING | PDF não indexado | arquivo=F:\Documentos\Rafael\4 - ARQUIVO MORTO\ESTRELA DE FOGO AGROPECUARIA\CONTRATOS COMPOSSE E PARCERIA\CONTRATO DE COMPOSSE - ESTRELA DE FOGO___Assinado.pdf | motivo=PDF sem texto extraível; pode ser escaneado
08/09/2026 09:41:38 | INFO | Indexação em andamento | 2900 de 27964 PDFs
08/09/2026 09:41:38 | WARNING | PDF não indexado | arquivo=F:\Documentos\Rafael\4 - ARQUIVO MORTO\ESTRELA DE FOGO AGROPECUARIA\CONTRATOS COMPOSSE E PARCERIA\CONTRATO DE PARCERIA - ESTRELA DE FOGO___Assinado.pdf | motivo=PDF sem texto extraível; pode ser escaneado
08/09/2026 09:41:39 | WARNING | PDF não indexado | arquivo=F:\Documentos\Rafael\4 - ARQUIVO MORTO\ESTRELA DE FOGO AGROPECUARIA\FOTOS.pdf | motivo=PDF sem texto extraível; pode ser escaneado
08/09/2026 09:41:39 | WARNING | PDF não indexado | arquivo=F:\Documentos\Rafael\4 - ARQUIVO MORTO\ESTRELA DE FOGO AGROPECUARIA\INSCRIÇÃO ESTADUAL\63.493.pdf | motivo=PDF sem texto extraível; pode ser escaneado
08/09/2026 09:41:39 | WARNING | PDF não indexado | arquivo=F:\Documentos\Rafael\4 - ARQUIVO MORTO\ESTRELA DE FOGO AGROPECUARIA\INSCRIÇÃO ESTADUAL\DOCUMENTOS LUIZ CARLOS.pdf | motivo=PDF sem texto extraível; pode ser escaneado
08/09/2026 09:41:39 | WARNING | PDF não indexado | arquivo=F:\Documentos\Rafael\4 - ARQUIVO MORTO\ESTRELA DE FOGO AGROPECUARIA\INSCRIÇÃO ESTADUAL\DOCUMENTOS SALETE.pdf | motivo=PDF sem texto extraível; pode ser escaneado
08/09/2026 09:41:39 | WARNING | PDF não indexado | arquivo=F:\Documentos\Rafael\4 - ARQUIVO MORTO\ESTRELA DE FOGO AGROPECUARIA\INSCRIÇÃO ESTADUAL\FAC ASSINADA.pdf | motivo=PDF sem texto extraível; pode ser escaneado
08/09/2026 09:41:39 | WARNING | PDF não indexado | arquivo=F:\Documentos\Rafael\4 - ARQUIVO MORTO\ESTRELA DE FOGO AGROPECUARIA\INSCRIÇÃO ESTADUAL\TERMO DE OPÇÃO PARA REALIZAÇÃO DE OPERAÇÃO-PRESTAÇÃO.pdf | motivo=PDF sem texto extraível; pode ser escaneado
08/09/2026 09:41:39 | WARNING | PDF não indexado | arquivo=F:\Documentos\Rafael\4 - ARQUIVO MORTO\ESTRELA DE FOGO AGROPECUARIA\MATRÍCULAS - 64.171_65.224_65.236.pdf | motivo=PDF sem texto extraível; pode ser escaneado
08/09/2026 09:41:39 | WARNING | PDF não indexado | arquivo=F:\Documentos\Rafael\4 - ARQUIVO MORTO\ESTRELA DE FOGO AGROPECUARIA\MATRÍCULAS INTEGRALIZADAS\63.493.pdf | motivo=PDF sem texto extraível; pode ser escaneado
08/09/2026 09:41:39 | WARNING | PDF não indexado | arquivo=F:\Documentos\Rafael\4 - ARQUIVO MORTO\ESTRELA DE FOGO AGROPECUARIA\MATRÍCULAS INTEGRALIZADAS\63.590.pdf | motivo=PDF sem texto extraível; pode ser escaneado
08/09/2026 09:41:39 | WARNING | PDF não indexado | arquivo=F:\Documentos\Rafael\4 - ARQUIVO MORTO\ESTRELA DE FOGO AGROPECUARIA\MATRÍCULAS INTEGRALIZADAS\64.067.pdf | motivo=PDF sem texto extraível; pode ser escaneado
08/09/2026 09:41:39 | WARNING | PDF não indexado | arquivo=F:\Documentos\Rafael\4 - ARQUIVO MORTO\ESTRELA DE FOGO AGROPECUARIA\MATRÍCULAS INTEGRALIZADAS\64.084.pdf | motivo=PDF sem texto extraível; pode ser escaneado
08/09/2026 09:41:40 | WARNING | PDF não indexado | arquivo=F:\Documentos\Rafael\4 - ARQUIVO MORTO\ESTRELA DE FOGO AGROPECUARIA\MATRÍCULAS INTEGRALIZADAS\64.085.pdf | motivo=PDF sem texto extraível; pode ser escaneado
08/09/2026 09:41:40 | WARNING | PDF não indexado | arquivo=F:\Documentos\Rafael\4 - ARQUIVO MORTO\ESTRELA DE FOGO AGROPECUARIA\MATRÍCULAS INTEGRALIZADAS\64.148.pdf | motivo=PDF sem texto extraível; pode ser escaneado
08/09/2026 09:41:40 | WARNING | PDF não indexado | arquivo=F:\Documentos\Rafael\4 - ARQUIVO MORTO\ESTRELA DE FOGO AGROPECUARIA\MATRÍCULAS INTEGRALIZADAS\64.171.pdf | motivo=PDF sem texto extraível; pode ser escaneado
08/09/2026 09:41:40 | WARNING | PDF não indexado | arquivo=F:\Documentos\Rafael\4 - ARQUIVO MORTO\ESTRELA DE FOGO AGROPECUARIA\MATRÍCULAS INTEGRALIZADAS\64.575.pdf | motivo=PDF sem texto extraível; pode ser escaneado
08/09/2026 09:41:40 | WARNING | PDF não indexado | arquivo=F:\Documentos\Rafael\4 - ARQUIVO MORTO\ESTRELA DE FOGO AGROPECUARIA\MATRÍCULAS INTEGRALIZADAS\65.224.pdf | motivo=PDF sem texto extraível; pode ser escaneado
08/09/2026 09:41:40 | WARNING | PDF não indexado | arquivo=F:\Documentos\Rafael\4 - ARQUIVO MORTO\ESTRELA DE FOGO AGROPECUARIA\MATRÍCULAS INTEGRALIZADAS\65.236.pdf | motivo=PDF sem texto extraível; pode ser escaneado
08/09/2026 09:41:40 | WARNING | PDF não indexado | arquivo=F:\Documentos\Rafael\4 - ARQUIVO MORTO\ESTRELA DE FOGO AGROPECUARIA\MATRÍCULAS INTEGRALIZADAS\65.332.pdf | motivo=PDF sem texto extraível; pode ser escaneado
08/09/2026 09:41:40 | WARNING | PDF não indexado | arquivo=F:\Documentos\Rafael\4 - ARQUIVO MORTO\ESTRELA DE FOGO AGROPECUARIA\MATRÍCULAS INTEGRALIZADAS\65.333.pdf | motivo=PDF sem texto extraível; pode ser escaneado
08/09/2026 09:41:41 | WARNING | PDF não indexado | arquivo=F:\Documentos\Rafael\4 - ARQUIVO MORTO\ESTRELA DE FOGO AGROPECUARIA\NOTIFICAÇÕES\INTIMAÇÃO FISCAL - 160895.1827.68.2024 (e-process 51249833-2024)\MATRÍCULAS\Mat. 63.493 (Ant. 11.724).pdf | motivo=PDF sem texto extraível; pode ser escaneado
08/09/2026 09:41:42 | WARNING | PDF não indexado | arquivo=F:\Documentos\Rafael\4 - ARQUIVO MORTO\ESTRELA DE FOGO AGROPECUARIA\NOTIFICAÇÕES\INTIMAÇÃO FISCAL - 160895.1827.68.2024 (e-process 51249833-2024)\MATRÍCULAS\Mat. 63.590 (Ant. 890).pdf | motivo=PDF sem texto extraível; pode ser escaneado
08/09/2026 09:41:42 | WARNING | PDF não indexado | arquivo=F:\Documentos\Rafael\4 - ARQUIVO MORTO\ESTRELA DE FOGO AGROPECUARIA\NOTIFICAÇÕES\INTIMAÇÃO FISCAL - 160895.1827.68.2024 (e-process 51249833-2024)\MATRÍCULAS\Mat. 64.067 (Ant. 1.469).pdf | motivo=PDF sem texto extraível; pode ser escaneado
08/09/2026 09:41:42 | WARNING | PDF não indexado | arquivo=F:\Documentos\Rafael\4 - ARQUIVO MORTO\ESTRELA DE FOGO AGROPECUARIA\NOTIFICAÇÕES\INTIMAÇÃO FISCAL - 160895.1827.68.2024 (e-process 51249833-2024)\MATRÍCULAS\Mat. 64.084 (Ant. 944).pdf | motivo=PDF sem texto extraível; pode ser escaneado
08/09/2026 09:41:42 | WARNING | PDF não indexado | arquivo=F:\Documentos\Rafael\4 - ARQUIVO MORTO\ESTRELA DE FOGO AGROPECUARIA\NOTIFICAÇÕES\INTIMAÇÃO FISCAL - 160895.1827.68.2024 (e-process 51249833-2024)\MATRÍCULAS\Mat. 64.085 (Ant. 3.867).pdf | motivo=PDF sem texto extraível; pode ser escaneado
08/09/2026 09:41:42 | WARNING | PDF não indexado | arquivo=F:\Documentos\Rafael\4 - ARQUIVO MORTO\ESTRELA DE FOGO AGROPECUARIA\NOTIFICAÇÕES\INTIMAÇÃO FISCAL - 160895.1827.68.2024 (e-process 51249833-2024)\MATRÍCULAS\Mat. 64.148.pdf | motivo=PDF sem texto extraível; pode ser escaneado
08/09/2026 09:41:43 | WARNING | PDF não indexado | arquivo=F:\Documentos\Rafael\4 - ARQUIVO MORTO\ESTRELA DE FOGO AGROPECUARIA\NOTIFICAÇÕES\INTIMAÇÃO FISCAL - 160895.1827.68.2024 (e-process 51249833-2024)\MATRÍCULAS\Mat. 64.171 (Ant. 5.098).pdf | motivo=PDF sem texto extraível; pode ser escaneado
08/09/2026 09:41:43 | WARNING | PDF não indexado | arquivo=F:\Documentos\Rafael\4 - ARQUIVO MORTO\ESTRELA DE FOGO AGROPECUARIA\NOTIFICAÇÕES\INTIMAÇÃO FISCAL - 160895.1827.68.2024 (e-process 51249833-2024)\MATRÍCULAS\Mat. 64.575.pdf | motivo=PDF sem texto extraível; pode ser escaneado
08/09/2026 09:41:43 | WARNING | PDF não indexado | arquivo=F:\Documentos\Rafael\4 - ARQUIVO MORTO\ESTRELA DE FOGO AGROPECUARIA\NOTIFICAÇÕES\INTIMAÇÃO FISCAL - 160895.1827.68.2024 (e-process 51249833-2024)\MATRÍCULAS\Mat. 65.224 (Ant. 2.478).PDF | motivo=PDF sem texto extraível; pode ser escaneado
08/09/2026 09:41:43 | WARNING | PDF não indexado | arquivo=F:\Documentos\Rafael\4 - ARQUIVO MORTO\ESTRELA DE FOGO AGROPECUARIA\NOTIFICAÇÕES\INTIMAÇÃO FISCAL - 160895.1827.68.2024 (e-process 51249833-2024)\MATRÍCULAS\Mat. 65.236 (Ant. 7.345).PDF | motivo=PDF sem texto extraível; pode ser escaneado
08/09/2026 09:41:43 | WARNING | PDF não indexado | arquivo=F:\Documentos\Rafael\4 - ARQUIVO MORTO\ESTRELA DE FOGO AGROPECUARIA\NOTIFICAÇÕES\INTIMAÇÃO FISCAL - 160895.1827.68.2024 (e-process 51249833-2024)\MATRÍCULAS\Mat. 65.332.pdf | motivo=PDF sem texto extraível; pode ser escaneado
08/09/2026 09:41:44 | WARNING | PDF não indexado | arquivo=F:\Documentos\Rafael\4 - ARQUIVO MORTO\ESTRELA DE FOGO AGROPECUARIA\NOTIFICAÇÕES\INTIMAÇÃO FISCAL - 160895.1827.68.2024 (e-process 51249833-2024)\MATRÍCULAS\Mat. 65.333.pdf | motivo=PDF sem texto extraível; pode ser escaneado
08/09/2026 09:41:46 | WARNING | PDF não indexado | arquivo=F:\Documentos\Rafael\4 - ARQUIVO MORTO\ESTRELA DE FOGO AGROPECUARIA\NOTIFICAÇÕES\INTIMAÇÃO FISCAL - 160895.1827.68.2024 (e-process 51249833-2024)\MATRÍCULAS DOS IMÓVEIS.pdf | motivo=PDF sem texto extraível; pode ser escaneado
08/09/2026 09:41:46 | WARNING | PDF não indexado | arquivo=F:\Documentos\Rafael\4 - ARQUIVO MORTO\ESTRELA DE FOGO AGROPECUARIA\TERMO DE COMPROMISSO.pdf | motivo=PDF sem texto extraível; pode ser escaneado
08/09/2026 09:41:46 | WARNING | PDF não indexado | arquivo=F:\Documentos\Rafael\4 - ARQUIVO MORTO\EVOLUTION SOLUÇOES AGROBIOLOGICAS LABORATORIO LTDA\ALVARÁ BOMBEIROS.pdf | motivo=PDF sem texto extraível; pode ser escaneado
08/09/2026 09:41:47 | WARNING | PDF não indexado | arquivo=F:\Documentos\Rafael\4 - ARQUIVO MORTO\EVOLUTION SOLUÇOES AGROBIOLOGICAS LABORATORIO LTDA\CONTRATO DE LOCAÇÃO.pdf | motivo=PDF sem texto extraível; pode ser escaneado
08/09/2026 09:41:49 | WARNING | PDF não indexado | arquivo=F:\Documentos\Rafael\4 - ARQUIVO MORTO\EVOLUTION SOLUÇOES AGROBIOLOGICAS LABORATORIO LTDA\DOCUMENTOS ANDRESSA.pdf | motivo=PDF sem texto extraível; pode ser escaneado
08/09/2026 09:41:49 | WARNING | PDF não indexado | arquivo=F:\Documentos\Rafael\4 - ARQUIVO MORTO\EVOLUTION SOLUÇOES AGROBIOLOGICAS LABORATORIO LTDA\DOCUMENTOS ARILTON.pdf | motivo=PDF sem texto extraível; pode ser escaneado
08/09/2026 09:41:49 | WARNING | PDF não indexado | arquivo=F:\Documentos\Rafael\4 - ARQUIVO MORTO\EVOLUTION SOLUÇOES AGROBIOLOGICAS LABORATORIO LTDA\DOCUMENTOS CARLITO.pdf | motivo=PDF sem texto extraível; pode ser escaneado
08/09/2026 09:41:49 | WARNING | PDF não indexado | arquivo=F:\Documentos\Rafael\4 - ARQUIVO MORTO\EVOLUTION SOLUÇOES AGROBIOLOGICAS LABORATORIO LTDA\DOCUMENTOS GUSTAVO.pdf | motivo=PDF sem texto extraível; pode ser escaneado
08/09/2026 09:41:49 | WARNING | PDF não indexado | arquivo=F:\Documentos\Rafael\4 - ARQUIVO MORTO\EVOLUTION SOLUÇOES AGROBIOLOGICAS LABORATORIO LTDA\FOTOS.pdf | motivo=PDF sem texto extraível; pode ser escaneado
08/09/2026 09:41:49 | WARNING | PDF não indexado | arquivo=F:\Documentos\Rafael\4 - ARQUIVO MORTO\EVOLUTION SOLUÇOES AGROBIOLOGICAS LABORATORIO LTDA\MATRICULA 15.181.pdf | motivo=PDF sem texto extraível; pode ser escaneado
08/09/2026 09:41:49 | WARNING | PDF não indexado | arquivo=F:\Documentos\Rafael\4 - ARQUIVO MORTO\EVOLUTION SOLUÇOES AGROBIOLOGICAS LABORATORIO LTDA\TAC - 2022.pdf | motivo=PDF sem texto extraível; pode ser escaneado
08/09/2026 09:41:50 | WARNING | PDF não indexado | arquivo=F:\Documentos\Rafael\4 - ARQUIVO MORTO\EVOLUTION SOLUÇOES AGROBIOLOGICAS LABORATORIO LTDA\TAC - 2023.pdf | motivo=PDF sem texto extraível; pode ser escaneado
08/09/2026 09:41:51 | WARNING | PDF não indexado | arquivo=F:\Documentos\Rafael\4 - ARQUIVO MORTO\FAZENDA MAIS LUCRATIVA\1º ALTERAÇÃO\TELEGRAMA.pdf | motivo=PDF sem texto extraível; pode ser escaneado
08/09/2026 09:41:53 | WARNING | PDF não indexado | arquivo=F:\Documentos\Rafael\4 - ARQUIVO MORTO\FAZENDA MAIS LUCRATIVA\ConsultaOptantes (1).pdf | motivo=PDF sem texto extraível; pode ser escaneado
08/09/2026 09:41:54 | INFO | Indexação em andamento | 3000 de 27964 PDFs
08/09/2026 09:41:55 | WARNING | PDF não indexado | arquivo=F:\Documentos\Rafael\4 - ARQUIVO MORTO\FINGER MÓVEIS PLANEJADOS\CERTIDAO DE BAIXA PREFEITURA.pdf | motivo=PDF sem texto extraível; pode ser escaneado
08/09/2026 09:41:56 | WARNING | PDF não indexado | arquivo=F:\Documentos\Rafael\4 - ARQUIVO MORTO\FINGER MÓVEIS PLANEJADOS\DISTRATO.pdf | motivo=PDF sem texto extraível; pode ser escaneado
08/09/2026 09:41:56 | WARNING | PDF não indexado | arquivo=F:\Documentos\Rafael\4 - ARQUIVO MORTO\FINGER MÓVEIS PLANEJADOS\PROCESSO PROTOCOLADO NA JUNTA.pdf | motivo=PDF sem texto extraível; pode ser escaneado
08/09/2026 09:41:58 | WARNING | PDF não indexado | arquivo=F:\Documentos\Rafael\4 - ARQUIVO MORTO\FORTEPLAST\REATIVAÇÃO INSCRIÇÃO\FAC ASSINADA.pdf | motivo=PDF sem texto extraível; pode ser escaneado
08/09/2026 09:41:58 | WARNING | PDF não indexado | arquivo=F:\Documentos\Rafael\4 - ARQUIVO MORTO\FORTEPLAST\TERMO DE CIENCIA E RESPONSABILIDADE.pdf | motivo=PDF sem texto extraível; pode ser escaneado
08/09/2026 09:41:58 | WARNING | PDF não indexado | arquivo=F:\Documentos\Rafael\4 - ARQUIVO MORTO\FORTEPLAST\TERMO DE OCORRENCIAS.pdf | motivo=PDF sem texto extraível; pode ser escaneado
08/09/2026 09:42:03 | WARNING | PDF não indexado | arquivo=F:\Documentos\Rafael\4 - ARQUIVO MORTO\FT TRANSPORTES\ALVARA BOMBEIROS.pdf | motivo=PDF sem texto extraível; pode ser escaneado
08/09/2026 09:42:04 | WARNING | PDF não indexado | arquivo=F:\Documentos\Rafael\4 - ARQUIVO MORTO\FT TRANSPORTES\CONTRATO ALUGUEL - FERTITEX x POSTO.pdf | motivo=PDF sem texto extraível; pode ser escaneado
08/09/2026 09:42:04 | WARNING | PDF não indexado | arquivo=F:\Documentos\Rafael\4 - ARQUIVO MORTO\FT TRANSPORTES\CONTRATO ALUGUEL - FT TRANSPORTE.pdf | motivo=PDF sem texto extraível; pode ser escaneado
08/09/2026 09:42:05 | WARNING | PDF não indexado | arquivo=F:\Documentos\Rafael\4 - ARQUIVO MORTO\FT TRANSPORTES\CONTRATO DE ARRENDAMENTO - FT TRANSPORTES.pdf | motivo=PDF sem texto extraível; pode ser escaneado
08/09/2026 09:42:05 | WARNING | PDF não indexado | arquivo=F:\Documentos\Rafael\4 - ARQUIVO MORTO\FT TRANSPORTES\CONTRATO DE LOCAÇÃO.pdf | motivo=PDF sem texto extraível; pode ser escaneado
08/09/2026 09:42:08 | INFO | Indexação em andamento | 3100 de 27964 PDFs
08/09/2026 09:42:08 | WARNING | PDF não indexado | arquivo=F:\Documentos\Rafael\4 - ARQUIVO MORTO\FT TRANSPORTES\CRÉDITO PRESUMIDO ICMS 20%\LIVRO TERMO DE OCORRENCIAS.pdf | motivo=PDF sem texto extraível; pode ser escaneado
08/09/2026 09:42:08 | WARNING | PDF não indexado | arquivo=F:\Documentos\Rafael\4 - ARQUIVO MORTO\FT TRANSPORTES\DOCUMENTOS DJONATAN 2.pdf | motivo=PDF sem texto extraível; pode ser escaneado
08/09/2026 09:42:08 | WARNING | PDF não indexado | arquivo=F:\Documentos\Rafael\4 - ARQUIVO MORTO\FT TRANSPORTES\DOCUMENTOS DJONATAN.pdf | motivo=PDF sem texto extraível; pode ser escaneado
08/09/2026 09:42:08 | WARNING | PDF não indexado | arquivo=F:\Documentos\Rafael\4 - ARQUIVO MORTO\FT TRANSPORTES\FOTOS.pdf | motivo=PDF sem texto extraível; pode ser escaneado
08/09/2026 09:42:08 | WARNING | PDF não indexado | arquivo=F:\Documentos\Rafael\4 - ARQUIVO MORTO\FT TRANSPORTES\HABITE-SE.pdf | motivo=PDF sem texto extraível; pode ser escaneado
08/09/2026 09:42:14 | WARNING | PDF não indexado | arquivo=F:\Documentos\Rafael\4 - ARQUIVO MORTO\G2M HOLDING\BALANÇO 2019 G2M HOLDING.pdf | motivo=PDF sem texto extraível; pode ser escaneado
08/09/2026 09:42:14 | WARNING | PDF não indexado | arquivo=F:\Documentos\Rafael\4 - ARQUIVO MORTO\G2M HOLDING\Contrato cessão Ricardo para Regis assinado_G2M.pdf | motivo=PDF sem texto extraível; pode ser escaneado
08/09/2026 09:42:14 | WARNING | PDF não indexado | arquivo=F:\Documentos\Rafael\4 - ARQUIVO MORTO\G2M HOLDING\FLUXO DE CAIXA E MUTUAÇÕES DO PATRIMÔNIO - 2019   G2M HOLDING.pdf | motivo=PDF sem texto extraível; pode ser escaneado
08/09/2026 09:42:19 | WARNING | PDF não indexado | arquivo=F:\Documentos\Rafael\4 - ARQUIVO MORTO\GABIZA AUTO CENTER\ALVARÁ 2018.pdf | motivo=PDF sem texto extraível; pode ser escaneado
08/09/2026 09:42:19 | WARNING | PDF não indexado | arquivo=F:\Documentos\Rafael\4 - ARQUIVO MORTO\GABIZA AUTO CENTER\ALVARÁ BOMBEIRO.pdf | motivo=PDF sem texto extraível; pode ser escaneado
08/09/2026 09:42:20 | WARNING | PDF não indexado | arquivo=F:\Documentos\Rafael\4 - ARQUIVO MORTO\GABIZA AUTO CENTER\CONTRATO LOCAÇÃO.pdf | motivo=PDF sem texto extraível; pode ser escaneado
08/09/2026 09:42:25 | WARNING | PDF não indexado | arquivo=F:\Documentos\Rafael\4 - ARQUIVO MORTO\GABIZA AUTO CENTER\DOCUMENTOS SOCIO - DILCEU.pdf | motivo=PDF sem texto extraível; pode ser escaneado
08/09/2026 09:42:25 | WARNING | PDF não indexado | arquivo=F:\Documentos\Rafael\4 - ARQUIVO MORTO\GABIZA AUTO CENTER\DOCUMENTOS SOCIO - FABIANO.pdf | motivo=PDF sem texto extraível; pode ser escaneado
08/09/2026 09:42:25 | WARNING | PDF não indexado | arquivo=F:\Documentos\Rafael\4 - ARQUIVO MORTO\GABIZA AUTO CENTER\DOCUMENTOS SOCIO - LEONARDO.pdf | motivo=PDF sem texto extraível; pode ser escaneado
08/09/2026 09:42:25 | WARNING | PDF não indexado | arquivo=F:\Documentos\Rafael\4 - ARQUIVO MORTO\GABIZA AUTO CENTER\DOCUMENTOS SOCIO - PEDRO.pdf | motivo=PDF sem texto extraível; pode ser escaneado
08/09/2026 09:42:25 | WARNING | PDF não indexado | arquivo=F:\Documentos\Rafael\4 - ARQUIVO MORTO\GABIZA AUTO CENTER\DOCUMENTOS SOCIO - RENAN.pdf | motivo=PDF sem texto extraível; pode ser escaneado
08/09/2026 09:42:25 | WARNING | PDF não indexado | arquivo=F:\Documentos\Rafael\4 - ARQUIVO MORTO\GABIZA AUTO CENTER\DOCUMENTOS SOCIO - WILLIAN.pdf | motivo=PDF sem texto extraível; pode ser escaneado
08/09/2026 09:42:26 | WARNING | PDF não indexado | arquivo=F:\Documentos\Rafael\4 - ARQUIVO MORTO\GABIZA AUTO CENTER\FILIAL 1\FOTOS.pdf | motivo=PDF sem texto extraível; pode ser escaneado
08/09/2026 09:42:26 | WARNING | PDF não indexado | arquivo=F:\Documentos\Rafael\4 - ARQUIVO MORTO\GABIZA AUTO CENTER\FILIAL 1\LO - PROTOCOLO.pdf | motivo=PDF sem texto extraível; pode ser escaneado
08/09/2026 09:42:26 | WARNING | PDF não indexado | arquivo=F:\Documentos\Rafael\4 - ARQUIVO MORTO\GABIZA AUTO CENTER\FILIAL 1\MATRÍCULA.pdf | motivo=PDF sem texto extraível; pode ser escaneado
08/09/2026 09:42:27 | WARNING | PDF não indexado | arquivo=F:\Documentos\Rafael\4 - ARQUIVO MORTO\GABIZA AUTO CENTER\FILIAL 1\TAC - 2023.pdf | motivo=PDF sem texto extraível; pode ser escaneado
08/09/2026 09:42:27 | WARNING | PDF não indexado | arquivo=F:\Documentos\Rafael\4 - ARQUIVO MORTO\GABIZA AUTO CENTER\FOTOS GABIZA AUTO CENTER.pdf | motivo=PDF sem texto extraível; pode ser escaneado
08/09/2026 09:42:27 | WARNING | PDF não indexado | arquivo=F:\Documentos\Rafael\4 - ARQUIVO MORTO\GABIZA AUTO CENTER\FOTOS.pdf | motivo=PDF sem texto extraível; pode ser escaneado
08/09/2026 09:42:27 | WARNING | PDF não indexado | arquivo=F:\Documentos\Rafael\4 - ARQUIVO MORTO\GABIZA AUTO CENTER\HABITE-SE - BOMBEIRO - MATRICULA.pdf | motivo=PDF sem texto extraível; pode ser escaneado
08/09/2026 09:42:27 | WARNING | PDF não indexado | arquivo=F:\Documentos\Rafael\4 - ARQUIVO MORTO\GABIZA AUTO CENTER\HABITE-SE.pdf | motivo=PDF sem texto extraível; pode ser escaneado
08/09/2026 09:42:27 | INFO | Indexação em andamento | 3200 de 27964 PDFs
08/09/2026 09:42:28 | WARNING | PDF não indexado | arquivo=F:\Documentos\Rafael\4 - ARQUIVO MORTO\GABIZA AUTO CENTER\TAC - 2021.pdf | motivo=PDF sem texto extraível; pode ser escaneado
08/09/2026 09:42:28 | WARNING | PDF não indexado | arquivo=F:\Documentos\Rafael\4 - ARQUIVO MORTO\GABIZA AUTO CENTER\TAC - 2022.pdf | motivo=PDF sem texto extraível; pode ser escaneado
08/09/2026 09:42:33 | WARNING | PDF não indexado | arquivo=F:\Documentos\Rafael\4 - ARQUIVO MORTO\GABIZA TRANSPORTES\ALVARÁ 2017.pdf | motivo=PDF sem texto extraível; pode ser escaneado
08/09/2026 09:42:33 | WARNING | PDF não indexado | arquivo=F:\Documentos\Rafael\4 - ARQUIVO MORTO\GABIZA TRANSPORTES\ALVARÁ BOMBEIRO.pdf | motivo=PDF sem texto extraível; pode ser escaneado
08/09/2026 09:42:35 | WARNING | PDF não indexado | arquivo=F:\Documentos\Rafael\4 - ARQUIVO MORTO\GABIZA TRANSPORTES\CONSTITUIÇÃO\FAC ASSINADA.pdf | motivo=PDF sem texto extraível; pode ser escaneado
08/09/2026 09:42:36 | WARNING | PDF não indexado | arquivo=F:\Documentos\Rafael\4 - ARQUIVO MORTO\GABIZA TRANSPORTES\CONTRATO DE LOCAÇÃO - ASSINADO.pdf | motivo=PDF sem texto extraível; pode ser escaneado
08/09/2026 09:42:36 | WARNING | PDF não indexado | arquivo=F:\Documentos\Rafael\4 - ARQUIVO MORTO\GABIZA TRANSPORTES\Contrato de Locação Gabiza Transportes de Cargas Ltda.pdf | motivo=PDF sem texto extraível; pode ser escaneado
08/09/2026 09:42:36 | WARNING | PDF não indexado | arquivo=F:\Documentos\Rafael\4 - ARQUIVO MORTO\GABIZA TRANSPORTES\CONTRATO LOCAÇÃO.pdf | motivo=PDF sem texto extraível; pode ser escaneado
08/09/2026 09:42:41 | WARNING | PDF não indexado | arquivo=F:\Documentos\Rafael\4 - ARQUIVO MORTO\GABIZA TRANSPORTES\CONTRATO SOCIAL - CONSTITUIÇÃO.pdf | motivo=PDF sem texto extraível; pode ser escaneado
08/09/2026 09:42:41 | WARNING | PDF não indexado | arquivo=F:\Documentos\Rafael\4 - ARQUIVO MORTO\GABIZA TRANSPORTES\DADOS LOCADOR DA SALA\COMPROVANTE ENDEREÇO RESIDENCIA.pdf | motivo=PDF sem texto extraível; pode ser escaneado
08/09/2026 09:42:42 | WARNING | PDF não indexado | arquivo=F:\Documentos\Rafael\4 - ARQUIVO MORTO\GABIZA TRANSPORTES\DADOS LOCADOR DA SALA\PROCURAÇÃO HB.pdf | motivo=PDF sem texto extraível; pode ser escaneado
08/09/2026 09:42:42 | WARNING | PDF não indexado | arquivo=F:\Documentos\Rafael\4 - ARQUIVO MORTO\GABIZA TRANSPORTES\DADOS LOCADOR DA SALA\VANDERLEI CPF E RG AUT..pdf | motivo=PDF sem texto extraível; pode ser escaneado
08/09/2026 09:42:42 | WARNING | PDF não indexado | arquivo=F:\Documentos\Rafael\4 - ARQUIVO MORTO\GABIZA TRANSPORTES\Documentos Dilceu.pdf | motivo=PDF sem texto extraível; pode ser escaneado
08/09/2026 09:42:42 | WARNING | PDF não indexado | arquivo=F:\Documentos\Rafael\4 - ARQUIVO MORTO\GABIZA TRANSPORTES\Documentos FABIANO.pdf | motivo=PDF sem texto extraível; pode ser escaneado
08/09/2026 09:42:42 | WARNING | PDF não indexado | arquivo=F:\Documentos\Rafael\4 - ARQUIVO MORTO\GABIZA TRANSPORTES\Documentos Leonardo.pdf | motivo=PDF sem texto extraível; pode ser escaneado
08/09/2026 09:42:42 | WARNING | PDF não indexado | arquivo=F:\Documentos\Rafael\4 - ARQUIVO MORTO\GABIZA TRANSPORTES\Documentos Pedro.pdf | motivo=PDF sem texto extraível; pode ser escaneado
08/09/2026 09:42:42 | WARNING | PDF não indexado | arquivo=F:\Documentos\Rafael\4 - ARQUIVO MORTO\GABIZA TRANSPORTES\Documentos RENAN.pdf | motivo=PDF sem texto extraível; pode ser escaneado
08/09/2026 09:42:42 | WARNING | PDF não indexado | arquivo=F:\Documentos\Rafael\4 - ARQUIVO MORTO\GABIZA TRANSPORTES\Documentos WILLIAN.pdf | motivo=PDF sem texto extraível; pode ser escaneado
08/09/2026 09:42:42 | WARNING | PDF não indexado | arquivo=F:\Documentos\Rafael\4 - ARQUIVO MORTO\GABIZA TRANSPORTES\FILIAL 01 - MARMELEIRO\CONTRATO DE LOCAÇÃO.pdf | motivo=PDF sem texto extraível; pode ser escaneado
08/09/2026 09:42:45 | WARNING | PDF não indexado | arquivo=F:\Documentos\Rafael\4 - ARQUIVO MORTO\GABIZA TRANSPORTES\FILIAL 3 - SORRISO\MATRÍCULA.pdf | motivo=PDF sem texto extraível; pode ser escaneado
08/09/2026 09:42:45 | WARNING | PDF não indexado | arquivo=F:\Documentos\Rafael\4 - ARQUIVO MORTO\GABIZA TRANSPORTES\FILIAL 3 - SORRISO\PROTOCOLO LO.pdf | motivo=PDF sem texto extraível; pode ser escaneado
08/09/2026 09:42:45 | WARNING | PDF não indexado | arquivo=F:\Documentos\Rafael\4 - ARQUIVO MORTO\GABIZA TRANSPORTES\FILIAL 3 - SORRISO\TAC 2024.pdf | motivo=PDF sem texto extraível; pode ser escaneado
08/09/2026 09:42:45 | WARNING | PDF não indexado | arquivo=F:\Documentos\Rafael\4 - ARQUIVO MORTO\GABIZA TRANSPORTES\FOTOS.pdf | motivo=PDF sem texto extraível; pode ser escaneado
08/09/2026 09:42:45 | WARNING | PDF não indexado | arquivo=F:\Documentos\Rafael\4 - ARQUIVO MORTO\GABIZA TRANSPORTES\HABITE-SE.pdf | motivo=PDF sem texto extraível; pode ser escaneado
08/09/2026 09:42:46 | WARNING | PDF não indexado | arquivo=F:\Documentos\Rafael\4 - ARQUIVO MORTO\GABIZA TRANSPORTES\INTIMAÇÃO\CONTRATOS MUTUO - Fabiano x Gabiza.pdf | motivo=PDF sem texto extraível; pode ser escaneado
08/09/2026 09:42:48 | WARNING | PDF não indexado | arquivo=F:\Documentos\Rafael\4 - ARQUIVO MORTO\GABIZA TRANSPORTES\INTIMAÇÃO\DEFESA - DOCUMENTOS PROTOCOLADOS\DOC. 04 - CONTRATOS MUTUO - Fabiano x Gabiza.pdf | motivo=PDF sem texto extraível; pode ser escaneado
08/09/2026 09:42:48 | INFO | Indexação em andamento | 3300 de 27964 PDFs
08/09/2026 09:42:48 | WARNING | PDF não indexado | arquivo=F:\Documentos\Rafael\4 - ARQUIVO MORTO\GABIZA TRANSPORTES\INTIMAÇÃO\DEFESA - DOCUMENTOS PROTOCOLADOS\DOC. 05 - RECIBOS PAGAMENTOS MUTUOS - Gabiza x Fabiano.pdf | motivo=PDF sem texto extraível; pode ser escaneado
08/09/2026 09:42:50 | WARNING | PDF não indexado | arquivo=F:\Documentos\Rafael\4 - ARQUIVO MORTO\GABIZA TRANSPORTES\INTIMAÇÃO\PEDIDO DE DILAÇÃO DE PRAZO\DOC. 02 - NOTIFICAÇÃO 326387.1760.68.2024.pdf | motivo=PDF sem texto extraível; pode ser escaneado
08/09/2026 09:42:50 | WARNING | PDF não indexado | arquivo=F:\Documentos\Rafael\4 - ARQUIVO MORTO\GABIZA TRANSPORTES\INTIMAÇÃO\RECIBOS PAGAMENTOS MUTUOS - Gabiza x Fabiano.pdf | motivo=PDF sem texto extraível; pode ser escaneado
08/09/2026 09:42:50 | WARNING | PDF não indexado | arquivo=F:\Documentos\Rafael\4 - ARQUIVO MORTO\GABIZA TRANSPORTES\INTIMAÇÃO\~$timação - 326387_1760_68_2024.pdf | motivo=PdfStreamError: Stream has ended unexpectedly
08/09/2026 09:42:50 | WARNING | PDF não indexado | arquivo=F:\Documentos\Rafael\4 - ARQUIVO MORTO\GABIZA TRANSPORTES\TAC - 2021.pdf | motivo=PDF sem texto extraível; pode ser escaneado
08/09/2026 09:42:50 | WARNING | PDF não indexado | arquivo=F:\Documentos\Rafael\4 - ARQUIVO MORTO\GABIZA TRANSPORTES\TAC - 2022.pdf | motivo=PDF sem texto extraível; pode ser escaneado
08/09/2026 09:42:51 | WARNING | PDF não indexado | arquivo=F:\Documentos\Rafael\4 - ARQUIVO MORTO\GESSYCA MORGANA PELIZON\1º ALTERAÇÃO\MATRICULA - ESCRITURA COMPRA E VENDA.pdf | motivo=PDF sem texto extraível; pode ser escaneado
08/09/2026 09:42:51 | WARNING | PDF não indexado | arquivo=F:\Documentos\Rafael\4 - ARQUIVO MORTO\GESSYCA MORGANA PELIZON\1º ALTERAÇÃO\MATRICULA.pdf | motivo=PDF sem texto extraível; pode ser escaneado
08/09/2026 09:42:51 | WARNING | PDF não indexado | arquivo=F:\Documentos\Rafael\4 - ARQUIVO MORTO\GESSYCA MORGANA PELIZON\ALVARÁ (Clinica Plenitude).pdf | motivo=PDF sem texto extraível; pode ser escaneado
08/09/2026 09:42:51 | WARNING | PDF não indexado | arquivo=F:\Documentos\Rafael\4 - ARQUIVO MORTO\GESSYCA MORGANA PELIZON\ALVARÁ BOMBEIROS.pdf | motivo=PDF sem texto extraível; pode ser escaneado
08/09/2026 09:42:52 | WARNING | PDF não indexado | arquivo=F:\Documentos\Rafael\4 - ARQUIVO MORTO\GESSYCA MORGANA PELIZON\CONTRATO DE ALUGUEL - CASA.pdf | motivo=PDF sem texto extraível; pode ser escaneado
08/09/2026 09:42:52 | WARNING | PDF não indexado | arquivo=F:\Documentos\Rafael\4 - ARQUIVO MORTO\GESSYCA MORGANA PELIZON\CONTRATO DE LOCAÇÃO - NATAL ZAMIGNAN X CLINICA PLENITUDE.pdf | motivo=PDF sem texto extraível; pode ser escaneado
08/09/2026 09:42:52 | WARNING | PDF não indexado | arquivo=F:\Documentos\Rafael\4 - ARQUIVO MORTO\GESSYCA MORGANA PELIZON\CONTRATO DE SUBLOCAÇÃO.pdf | motivo=PDF sem texto extraível; pode ser escaneado
08/09/2026 09:42:54 | WARNING | PDF não indexado | arquivo=F:\Documentos\Rafael\4 - ARQUIVO MORTO\GESSYCA MORGANA PELIZON\DECLARAÇÃO VIGILANCIA.pdf | motivo=PDF sem texto extraível; pode ser escaneado
08/09/2026 09:42:54 | WARNING | PDF não indexado | arquivo=F:\Documentos\Rafael\4 - ARQUIVO MORTO\GESSYCA MORGANA PELIZON\DOCUMENTOS GESSYCA.pdf | motivo=PDF sem texto extraível; pode ser escaneado
08/09/2026 09:42:54 | WARNING | PDF não indexado | arquivo=F:\Documentos\Rafael\4 - ARQUIVO MORTO\GESSYCA MORGANA PELIZON\HABITE-SE MARCO.pdf | motivo=PDF sem texto extraível; pode ser escaneado
08/09/2026 09:42:54 | WARNING | PDF não indexado | arquivo=F:\Documentos\Rafael\4 - ARQUIVO MORTO\GESSYCA MORGANA PELIZON\HABITE-SE.pdf | motivo=PDF sem texto extraível; pode ser escaneado
08/09/2026 09:42:54 | WARNING | PDF não indexado | arquivo=F:\Documentos\Rafael\4 - ARQUIVO MORTO\GESSYCA MORGANA PELIZON\MATRÍCULA.pdf | motivo=PDF sem texto extraível; pode ser escaneado
08/09/2026 09:42:55 | WARNING | PDF não indexado | arquivo=F:\Documentos\Rafael\4 - ARQUIVO MORTO\GESSYCA MORGANA PELIZON\PROTOCOLO AMBIENTAL .pdf | motivo=PDF sem texto extraível; pode ser escaneado
08/09/2026 09:42:55 | WARNING | PDF não indexado | arquivo=F:\Documentos\Rafael\4 - ARQUIVO MORTO\GESSYCA MORGANA PELIZON\PROTOCOLO VIGILANCIA SANITÁRIA.pdf | motivo=PDF sem texto extraível; pode ser escaneado
08/09/2026 09:42:55 | WARNING | PDF não indexado | arquivo=F:\Documentos\Rafael\4 - ARQUIVO MORTO\GESSYCA MORGANA PELIZON\TERMO BOMBEIRO.pdf | motivo=PDF sem texto extraível; pode ser escaneado
08/09/2026 09:42:55 | WARNING | PDF não indexado | arquivo=F:\Documentos\Rafael\4 - ARQUIVO MORTO\GIRVANIA DE FATIMA CAMARGO\DOCUMENTO SOCIO - CNH.pdf | motivo=PDF sem texto extraível; pode ser escaneado
08/09/2026 09:42:55 | WARNING | PDF não indexado | arquivo=F:\Documentos\Rafael\4 - ARQUIVO MORTO\GIRVANIA DE FATIMA CAMARGO\DOCUMENTO SOCIO - RG.pdf | motivo=PDF sem texto extraível; pode ser escaneado
08/09/2026 09:42:57 | WARNING | PDF não indexado | arquivo=F:\Documentos\Rafael\4 - ARQUIVO MORTO\GORZIZA IMÓVEIS LTDA\DOCUMENTOS PABLO.pdf | motivo=PDF sem texto extraível; pode ser escaneado
08/09/2026 09:43:02 | INFO | Indexação em andamento | 3400 de 27964 PDFs
08/09/2026 09:43:09 | WARNING | PDF não indexado | arquivo=F:\Documentos\Rafael\4 - ARQUIVO MORTO\GPC AGRONEGOCIOS\CERTIDÃO DE CASAMENTO - Gustavo.pdf | motivo=PDF sem texto extraível; pode ser escaneado
08/09/2026 09:43:10 | WARNING | PDF não indexado | arquivo=F:\Documentos\Rafael\4 - ARQUIVO MORTO\GPC AGRONEGOCIOS\CONTRATO SOCIAL - 1º ALT.pdf | motivo=PDF sem texto extraível; pode ser escaneado
08/09/2026 09:43:21 | WARNING | PDF não indexado | arquivo=F:\Documentos\Rafael\4 - ARQUIVO MORTO\GPC AGRONEGOCIOS\CONTRATO SOCIAL - CONSTITUIÇÃO.pdf | motivo=PDF sem texto extraível; pode ser escaneado
08/09/2026 09:43:21 | WARNING | PDF não indexado | arquivo=F:\Documentos\Rafael\4 - ARQUIVO MORTO\GPC AGRONEGOCIOS\DOCUMENTOS CLAUDIA CAROLINA.pdf | motivo=PDF sem texto extraível; pode ser escaneado
08/09/2026 09:43:21 | WARNING | PDF não indexado | arquivo=F:\Documentos\Rafael\4 - ARQUIVO MORTO\GPC AGRONEGOCIOS\DOCUMENTOS CLAUDIA ROTTA.pdf | motivo=PDF sem texto extraível; pode ser escaneado
08/09/2026 09:43:21 | WARNING | PDF não indexado | arquivo=F:\Documentos\Rafael\4 - ARQUIVO MORTO\GPC AGRONEGOCIOS\DOCUMENTOS GABRIEL.pdf | motivo=PDF sem texto extraível; pode ser escaneado
08/09/2026 09:43:21 | WARNING | PDF não indexado | arquivo=F:\Documentos\Rafael\4 - ARQUIVO MORTO\GPC AGRONEGOCIOS\DOCUMENTOS GUSTAVO.pdf | motivo=PDF sem texto extraível; pode ser escaneado
08/09/2026 09:43:21 | WARNING | PDF não indexado | arquivo=F:\Documentos\Rafael\4 - ARQUIVO MORTO\GPC AGRONEGOCIOS\DOCUMENTOS PEDRO.pdf | motivo=PDF sem texto extraível; pode ser escaneado
08/09/2026 09:43:25 | WARNING | PDF não indexado | arquivo=F:\Documentos\Rafael\4 - ARQUIVO MORTO\GPC AGRONEGOCIOS\FILIAL 1 - NOVA UBIRATA\INSCRIÇÃO ESTADUAL - FILIAL APIACAS\MATRICULA110822   2125.pdf | motivo=PDF sem texto extraível; pode ser escaneado
08/09/2026 09:43:28 | WARNING | PDF não indexado | arquivo=F:\Documentos\Rafael\4 - ARQUIVO MORTO\GPC AGRONEGOCIOS\FILIAL 2 - APIACAS\INSCRIÇÃO ESTADUAL - FILIAL\DOCUMENTOS CLAUDIA CAROLINA.pdf | motivo=PDF sem texto extraível; pode ser escaneado
08/09/2026 09:43:28 | WARNING | PDF não indexado | arquivo=F:\Documentos\Rafael\4 - ARQUIVO MORTO\GPC AGRONEGOCIOS\FILIAL 2 - APIACAS\INSCRIÇÃO ESTADUAL - FILIAL\DOCUMENTOS CLAUDIA ROTTA.pdf | motivo=PDF sem texto extraível; pode ser escaneado
08/09/2026 09:43:28 | WARNING | PDF não indexado | arquivo=F:\Documentos\Rafael\4 - ARQUIVO MORTO\GPC AGRONEGOCIOS\FILIAL 2 - APIACAS\INSCRIÇÃO ESTADUAL - FILIAL\DOCUMENTOS GABRIEL.pdf | motivo=PDF sem texto extraível; pode ser escaneado
08/09/2026 09:43:28 | WARNING | PDF não indexado | arquivo=F:\Documentos\Rafael\4 - ARQUIVO MORTO\GPC AGRONEGOCIOS\FILIAL 2 - APIACAS\INSCRIÇÃO ESTADUAL - FILIAL\DOCUMENTOS GUSTAVO.pdf | motivo=PDF sem texto extraível; pode ser escaneado
08/09/2026 09:43:28 | WARNING | PDF não indexado | arquivo=F:\Documentos\Rafael\4 - ARQUIVO MORTO\GPC AGRONEGOCIOS\FILIAL 2 - APIACAS\INSCRIÇÃO ESTADUAL - FILIAL\DOCUMENTOS PEDRO.pdf | motivo=PDF sem texto extraível; pode ser escaneado
08/09/2026 09:43:28 | WARNING | PDF não indexado | arquivo=F:\Documentos\Rafael\4 - ARQUIVO MORTO\GPC AGRONEGOCIOS\FILIAL 2 - APIACAS\INSCRIÇÃO ESTADUAL - FILIAL\FAC ASSINADA.pdf | motivo=PDF sem texto extraível; pode ser escaneado
08/09/2026 09:43:30 | WARNING | PDF não indexado | arquivo=F:\Documentos\Rafael\4 - ARQUIVO MORTO\GPC AGRONEGOCIOS\FILIAL 2 - APIACAS\INSCRIÇÃO ESTADUAL - FILIAL\TERMO DE OPÇÃO PARA REALIZAÇÃO DE OPERAÇÃO.pdf | motivo=PDF sem texto extraível; pode ser escaneado
08/09/2026 09:43:32 | WARNING | PDF não indexado | arquivo=F:\Documentos\Rafael\4 - ARQUIVO MORTO\GPC AGRONEGOCIOS\MATRÍCULAS INTEGRALIZADAS\MATRÍCULAS\1156.pdf | motivo=PDF sem texto extraível; pode ser escaneado
08/09/2026 09:43:33 | WARNING | PDF não indexado | arquivo=F:\Documentos\Rafael\4 - ARQUIVO MORTO\GPC AGRONEGOCIOS\MATRÍCULAS INTEGRALIZADAS\MATRÍCULAS\12618.pdf | motivo=PDF sem texto extraível; pode ser escaneado
08/09/2026 09:43:33 | WARNING | PDF não indexado | arquivo=F:\Documentos\Rafael\4 - ARQUIVO MORTO\GPC AGRONEGOCIOS\MATRÍCULAS INTEGRALIZADAS\MATRÍCULAS\12619.pdf | motivo=PDF sem texto extraível; pode ser escaneado
08/09/2026 09:43:33 | WARNING | PDF não indexado | arquivo=F:\Documentos\Rafael\4 - ARQUIVO MORTO\GPC AGRONEGOCIOS\MATRÍCULAS INTEGRALIZADAS\MATRÍCULAS\1406.pdf | motivo=PDF sem texto extraível; pode ser escaneado
08/09/2026 09:43:33 | WARNING | PDF não indexado | arquivo=F:\Documentos\Rafael\4 - ARQUIVO MORTO\GPC AGRONEGOCIOS\MATRÍCULAS INTEGRALIZADAS\MATRÍCULAS\15.pdf | motivo=PDF sem texto extraível; pode ser escaneado
08/09/2026 09:43:33 | WARNING | PDF não indexado | arquivo=F:\Documentos\Rafael\4 - ARQUIVO MORTO\GPC AGRONEGOCIOS\MATRÍCULAS INTEGRALIZADAS\MATRÍCULAS\15177 (44353).pdf | motivo=PDF sem texto extraível; pode ser escaneado
08/09/2026 09:43:34 | WARNING | PDF não indexado | arquivo=F:\Documentos\Rafael\4 - ARQUIVO MORTO\GPC AGRONEGOCIOS\MATRÍCULAS INTEGRALIZADAS\MATRÍCULAS\15178.pdf | motivo=PDF sem texto extraível; pode ser escaneado
08/09/2026 09:43:34 | WARNING | PDF não indexado | arquivo=F:\Documentos\Rafael\4 - ARQUIVO MORTO\GPC AGRONEGOCIOS\MATRÍCULAS INTEGRALIZADAS\MATRÍCULAS\15184.pdf | motivo=PDF sem texto extraível; pode ser escaneado
08/09/2026 09:43:34 | WARNING | PDF não indexado | arquivo=F:\Documentos\Rafael\4 - ARQUIVO MORTO\GPC AGRONEGOCIOS\MATRÍCULAS INTEGRALIZADAS\MATRÍCULAS\15185 (44353).pdf | motivo=PDF sem texto extraível; pode ser escaneado
08/09/2026 09:43:34 | WARNING | PDF não indexado | arquivo=F:\Documentos\Rafael\4 - ARQUIVO MORTO\GPC AGRONEGOCIOS\MATRÍCULAS INTEGRALIZADAS\MATRÍCULAS\15186 (44353).pdf | motivo=PDF sem texto extraível; pode ser escaneado
08/09/2026 09:43:34 | WARNING | PDF não indexado | arquivo=F:\Documentos\Rafael\4 - ARQUIVO MORTO\GPC AGRONEGOCIOS\MATRÍCULAS INTEGRALIZADAS\MATRÍCULAS\15187 (44353).pdf | motivo=PDF sem texto extraível; pode ser escaneado
08/09/2026 09:43:34 | WARNING | PDF não indexado | arquivo=F:\Documentos\Rafael\4 - ARQUIVO MORTO\GPC AGRONEGOCIOS\MATRÍCULAS INTEGRALIZADAS\MATRÍCULAS\15763.pdf | motivo=PDF sem texto extraível; pode ser escaneado
08/09/2026 09:43:34 | WARNING | PDF não indexado | arquivo=F:\Documentos\Rafael\4 - ARQUIVO MORTO\GPC AGRONEGOCIOS\MATRÍCULAS INTEGRALIZADAS\MATRÍCULAS\16550.pdf | motivo=PDF sem texto extraível; pode ser escaneado
08/09/2026 09:43:34 | WARNING | PDF não indexado | arquivo=F:\Documentos\Rafael\4 - ARQUIVO MORTO\GPC AGRONEGOCIOS\MATRÍCULAS INTEGRALIZADAS\MATRÍCULAS\16551.pdf | motivo=PDF sem texto extraível; pode ser escaneado
08/09/2026 09:43:34 | WARNING | PDF não indexado | arquivo=F:\Documentos\Rafael\4 - ARQUIVO MORTO\GPC AGRONEGOCIOS\MATRÍCULAS INTEGRALIZADAS\MATRÍCULAS\17601.pdf | motivo=PDF sem texto extraível; pode ser escaneado
08/09/2026 09:43:35 | WARNING | PDF não indexado | arquivo=F:\Documentos\Rafael\4 - ARQUIVO MORTO\GPC AGRONEGOCIOS\MATRÍCULAS INTEGRALIZADAS\MATRÍCULAS\20884.pdf | motivo=PDF sem texto extraível; pode ser escaneado
08/09/2026 09:43:35 | WARNING | PDF não indexado | arquivo=F:\Documentos\Rafael\4 - ARQUIVO MORTO\GPC AGRONEGOCIOS\MATRÍCULAS INTEGRALIZADAS\MATRÍCULAS\20885.pdf | motivo=PDF sem texto extraível; pode ser escaneado
08/09/2026 09:43:35 | WARNING | PDF não indexado | arquivo=F:\Documentos\Rafael\4 - ARQUIVO MORTO\GPC AGRONEGOCIOS\MATRÍCULAS INTEGRALIZADAS\MATRÍCULAS\2380.pdf | motivo=PDF sem texto extraível; pode ser escaneado
08/09/2026 09:43:35 | WARNING | PDF não indexado | arquivo=F:\Documentos\Rafael\4 - ARQUIVO MORTO\GPC AGRONEGOCIOS\MATRÍCULAS INTEGRALIZADAS\MATRÍCULAS\24803.pdf | motivo=PDF sem texto extraível; pode ser escaneado
08/09/2026 09:43:35 | WARNING | PDF não indexado | arquivo=F:\Documentos\Rafael\4 - ARQUIVO MORTO\GPC AGRONEGOCIOS\MATRÍCULAS INTEGRALIZADAS\MATRÍCULAS\29451.pdf | motivo=PDF sem texto extraível; pode ser escaneado
08/09/2026 09:43:35 | WARNING | PDF não indexado | arquivo=F:\Documentos\Rafael\4 - ARQUIVO MORTO\GPC AGRONEGOCIOS\MATRÍCULAS INTEGRALIZADAS\MATRÍCULAS\34493.pdf | motivo=PDF sem texto extraível; pode ser escaneado
08/09/2026 09:43:35 | INFO | Indexação em andamento | 3500 de 27964 PDFs
08/09/2026 09:43:36 | WARNING | PDF não indexado | arquivo=F:\Documentos\Rafael\4 - ARQUIVO MORTO\GPC AGRONEGOCIOS\MATRÍCULAS INTEGRALIZADAS\MATRÍCULAS\40904.pdf | motivo=PDF sem texto extraível; pode ser escaneado
08/09/2026 09:43:36 | WARNING | PDF não indexado | arquivo=F:\Documentos\Rafael\4 - ARQUIVO MORTO\GPC AGRONEGOCIOS\MATRÍCULAS INTEGRALIZADAS\MATRÍCULAS\44353.pdf | motivo=PDF sem texto extraível; pode ser escaneado
08/09/2026 09:43:36 | WARNING | PDF não indexado | arquivo=F:\Documentos\Rafael\4 - ARQUIVO MORTO\GPC AGRONEGOCIOS\MATRÍCULAS INTEGRALIZADAS\MATRÍCULAS\4621.pdf | motivo=PDF sem texto extraível; pode ser escaneado
08/09/2026 09:43:36 | WARNING | PDF não indexado | arquivo=F:\Documentos\Rafael\4 - ARQUIVO MORTO\GPC AGRONEGOCIOS\MATRÍCULAS INTEGRALIZADAS\MATRÍCULAS\54432.pdf | motivo=PDF sem texto extraível; pode ser escaneado
08/09/2026 09:43:36 | WARNING | PDF não indexado | arquivo=F:\Documentos\Rafael\4 - ARQUIVO MORTO\GPC AGRONEGOCIOS\MATRÍCULAS INTEGRALIZADAS\MATRÍCULAS\66173.pdf | motivo=PDF sem texto extraível; pode ser escaneado
08/09/2026 09:43:37 | WARNING | PDF não indexado | arquivo=F:\Documentos\Rafael\4 - ARQUIVO MORTO\GPC AGRONEGOCIOS\MATRÍCULAS INTEGRALIZADAS\MATRÍCULAS\8401.pdf | motivo=PDF sem texto extraível; pode ser escaneado
08/09/2026 09:43:37 | WARNING | PDF não indexado | arquivo=F:\Documentos\Rafael\4 - ARQUIVO MORTO\GPC AGRONEGOCIOS\MATRÍCULAS INTEGRALIZADAS\MATRÍCULAS\9355.pdf | motivo=PDF sem texto extraível; pode ser escaneado
08/09/2026 09:43:37 | WARNING | PDF não indexado | arquivo=F:\Documentos\Rafael\4 - ARQUIVO MORTO\GPC AGRONEGOCIOS\MATRÍCULAS INTEGRALIZADAS\MATRÍCULAS\9490.pdf | motivo=PDF sem texto extraível; pode ser escaneado
08/09/2026 09:43:38 | WARNING | PDF não indexado | arquivo=F:\Documentos\Rafael\4 - ARQUIVO MORTO\GPC AGRONEGOCIOS\MATRÍCULAS INTEGRALIZADAS\MATRÍCULAS\957.pdf | motivo=PDF sem texto extraível; pode ser escaneado
08/09/2026 09:43:38 | WARNING | PDF não indexado | arquivo=F:\Documentos\Rafael\4 - ARQUIVO MORTO\GPC AGRONEGOCIOS\MATRÍCULAS INTEGRALIZADAS\MATRÍCULAS\970.PDF | motivo=PDF sem texto extraível; pode ser escaneado
08/09/2026 09:43:38 | WARNING | PDF não indexado | arquivo=F:\Documentos\Rafael\4 - ARQUIVO MORTO\GPC AGRONEGOCIOS\MATRÍCULAS INTEGRALIZADAS\MATRÍCULAS INTEGRALZIADAS CARTÓRIO\50.257.pdf | motivo=PDF sem texto extraível; pode ser escaneado
08/09/2026 09:44:00 | WARNING | PDF não indexado | arquivo=F:\Documentos\Rafael\4 - ARQUIVO MORTO\HIDROVIAS\1º ADITIVO - aluguel imovel.pdf | motivo=PDF sem texto extraível; pode ser escaneado
08/09/2026 09:44:00 | WARNING | PDF não indexado | arquivo=F:\Documentos\Rafael\4 - ARQUIVO MORTO\HIDROVIAS\Alvara bombeiro.pdf | motivo=PDF sem texto extraível; pode ser escaneado
08/09/2026 09:44:00 | WARNING | PDF não indexado | arquivo=F:\Documentos\Rafael\4 - ARQUIVO MORTO\HIDROVIAS\contrato aluguel.pdf | motivo=PDF sem texto extraível; pode ser escaneado
08/09/2026 09:44:00 | WARNING | PDF não indexado | arquivo=F:\Documentos\Rafael\4 - ARQUIVO MORTO\HIDROVIAS\DECLARAÇÃO VIGILANCIA.pdf | motivo=PDF sem texto extraível; pode ser escaneado
08/09/2026 09:44:00 | WARNING | PDF não indexado | arquivo=F:\Documentos\Rafael\4 - ARQUIVO MORTO\HIDROVIAS\DECRETO LO.pdf | motivo=PDF sem texto extraível; pode ser escaneado
08/09/2026 09:44:00 | WARNING | PDF não indexado | arquivo=F:\Documentos\Rafael\4 - ARQUIVO MORTO\HIDROVIAS\Habitação.pdf | motivo=PDF sem texto extraível; pode ser escaneado
08/09/2026 09:44:00 | WARNING | PDF não indexado | arquivo=F:\Documentos\Rafael\4 - ARQUIVO MORTO\HIDROVIAS\matricula imovel.pdf | motivo=PDF sem texto extraível; pode ser escaneado
08/09/2026 09:44:03 | WARNING | PDF não indexado | arquivo=F:\Documentos\Rafael\4 - ARQUIVO MORTO\HJP HOLDING SA\BALANÇO 2019 HJP HOLDING.pdf | motivo=PDF sem texto extraível; pode ser escaneado
08/09/2026 09:44:03 | WARNING | PDF não indexado | arquivo=F:\Documentos\Rafael\4 - ARQUIVO MORTO\HJP HOLDING SA\Contrato de cessão Regis para Ricardo assinado_HJP.pdf | motivo=PDF sem texto extraível; pode ser escaneado
08/09/2026 09:44:03 | WARNING | PDF não indexado | arquivo=F:\Documentos\Rafael\4 - ARQUIVO MORTO\HJP HOLDING SA\FLUXO DE CAIXA E MUTUAÇÕES DO PATRIMÔNIO - 2019    HJP HOLDING.pdf | motivo=PDF sem texto extraível; pode ser escaneado
08/09/2026 09:44:03 | WARNING | PDF não indexado | arquivo=F:\Documentos\Rafael\4 - ARQUIVO MORTO\IBEPLAN\6º ALTERAÇÃO IBEPLAN.pdf | motivo=PDF sem texto extraível; pode ser escaneado
08/09/2026 09:44:04 | WARNING | PDF não indexado | arquivo=F:\Documentos\Rafael\4 - ARQUIVO MORTO\IBEPLAN\ATUALIZAÇÃO DE CADASTRO RF\doc31534820170929103758.pdf | motivo=PDF sem texto extraível; pode ser escaneado
08/09/2026 09:44:05 | WARNING | PDF não indexado | arquivo=F:\Documentos\Rafael\4 - ARQUIVO MORTO\IBEPLAN\DOCUMENTOS ANDRE.pdf | motivo=PDF sem texto extraível; pode ser escaneado
08/09/2026 09:44:05 | WARNING | PDF não indexado | arquivo=F:\Documentos\Rafael\4 - ARQUIVO MORTO\IBEPLAN\DOCUMENTOS DJALMA.pdf | motivo=PDF sem texto extraível; pode ser escaneado
08/09/2026 09:44:05 | WARNING | PDF não indexado | arquivo=F:\Documentos\Rafael\4 - ARQUIVO MORTO\IBEPLAN\DOCUMENTOS VILMA.pdf | motivo=PDF sem texto extraível; pode ser escaneado
08/09/2026 09:44:05 | WARNING | PDF não indexado | arquivo=F:\Documentos\Rafael\4 - ARQUIVO MORTO\IBEPLAN\FAC ASSINADA.pdf | motivo=PDF sem texto extraível; pode ser escaneado
08/09/2026 09:44:05 | WARNING | PDF não indexado | arquivo=F:\Documentos\Rafael\4 - ARQUIVO MORTO\IBEPLAN\TERMO DE CIÊNCIA, RESPONSABILIDADE E FIEL DEPOSITÁRIO - ASSINADO.pdf | motivo=PDF sem texto extraível; pode ser escaneado
08/09/2026 09:44:07 | INFO | Indexação em andamento | 3600 de 27964 PDFs
08/09/2026 09:44:07 | WARNING | PDF não indexado | arquivo=F:\Documentos\Rafael\4 - ARQUIVO MORTO\IMPÉRIO TRANSPORTES EIRELI\CONTRATO DE LOCAÇÃO.pdf | motivo=PDF sem texto extraível; pode ser escaneado
08/09/2026 09:44:08 | WARNING | PDF não indexado | arquivo=F:\Documentos\Rafael\4 - ARQUIVO MORTO\IMPÉRIO TRANSPORTES EIRELI\CONTRATO SOCIAL - 1º ALT.pdf | motivo=PDF sem texto extraível; pode ser escaneado
08/09/2026 09:44:09 | WARNING | PDF não indexado | arquivo=F:\Documentos\Rafael\4 - ARQUIVO MORTO\IMPÉRIO TRANSPORTES EIRELI\CONTRATO SOCIAL - CONSTITUIÇÃO.pdf | motivo=PDF sem texto extraível; pode ser escaneado
08/09/2026 09:44:09 | WARNING | PDF não indexado | arquivo=F:\Documentos\Rafael\4 - ARQUIVO MORTO\IMPÉRIO TRANSPORTES EIRELI\DECLARAÇÃO VIGILANCIA.pdf | motivo=PDF sem texto extraível; pode ser escaneado
08/09/2026 09:44:09 | WARNING | PDF não indexado | arquivo=F:\Documentos\Rafael\4 - ARQUIVO MORTO\IMPÉRIO TRANSPORTES EIRELI\DOCUMENTOS ELPÍDIO.pdf | motivo=PDF sem texto extraível; pode ser escaneado
08/09/2026 09:44:09 | WARNING | PDF não indexado | arquivo=F:\Documentos\Rafael\4 - ARQUIVO MORTO\IMPÉRIO TRANSPORTES EIRELI\DOCUMENTOS FABRICIO.pdf | motivo=PDF sem texto extraível; pode ser escaneado
08/09/2026 09:44:09 | WARNING | PDF não indexado | arquivo=F:\Documentos\Rafael\4 - ARQUIVO MORTO\IMPÉRIO TRANSPORTES EIRELI\DOCUMENTOS WILSON.pdf | motivo=PDF sem texto extraível; pode ser escaneado
08/09/2026 09:44:10 | WARNING | PDF não indexado | arquivo=F:\Documentos\Rafael\4 - ARQUIVO MORTO\IMPÉRIO TRANSPORTES EIRELI\FILIAL 1\CTR SOCIAL - 1º ALT..pdf | motivo=PDF sem texto extraível; pode ser escaneado
08/09/2026 09:44:14 | WARNING | PDF não indexado | arquivo=F:\Documentos\Rafael\4 - ARQUIVO MORTO\IMPÉRIO TRANSPORTES EIRELI\GUIAS GPS\2019\10 - OUTUBRO 2019\1 - MATRIZ- INSS COMPETENCIA 10-2019.pdf | motivo=PDF sem texto extraível; pode ser escaneado
08/09/2026 09:44:14 | WARNING | PDF não indexado | arquivo=F:\Documentos\Rafael\4 - ARQUIVO MORTO\IMPÉRIO TRANSPORTES EIRELI\GUIAS GPS\2019\10 - OUTUBRO 2019\2 - FILIAL- INSS COMPETENCIA 10-2019.pdf | motivo=PDF sem texto extraível; pode ser escaneado
08/09/2026 09:44:15 | WARNING | PDF não indexado | arquivo=F:\Documentos\Rafael\4 - ARQUIVO MORTO\IMPÉRIO TRANSPORTES EIRELI\GUIAS GPS\2019\11 - NOVEMBRO 2019\1 - MATRIZ- INSS COMPETENCIA 11-2019.pdf | motivo=PDF sem texto extraível; pode ser escaneado
08/09/2026 09:44:15 | WARNING | PDF não indexado | arquivo=F:\Documentos\Rafael\4 - ARQUIVO MORTO\IMPÉRIO TRANSPORTES EIRELI\GUIAS GPS\2019\11 - NOVEMBRO 2019\2 - FILIAL- INSS COMPETENCIA 11-2019.pdf | motivo=PDF sem texto extraível; pode ser escaneado
08/09/2026 09:44:15 | WARNING | PDF não indexado | arquivo=F:\Documentos\Rafael\4 - ARQUIVO MORTO\IMPÉRIO TRANSPORTES EIRELI\GUIAS GPS\2019\12 - DEZEMBRO 2019\1 - MATRIZ- INSS COMPETENCIA 12-2019.pdf | motivo=PDF sem texto extraível; pode ser escaneado
08/09/2026 09:44:16 | WARNING | PDF não indexado | arquivo=F:\Documentos\Rafael\4 - ARQUIVO MORTO\IMPÉRIO TRANSPORTES EIRELI\GUIAS GPS\2019\12 - DEZEMBRO 2019\2 - FILIAL- INSS COMPETENCIA 12-2019.pdf | motivo=PDF sem texto extraível; pode ser escaneado
08/09/2026 09:44:16 | WARNING | PDF não indexado | arquivo=F:\Documentos\Rafael\4 - ARQUIVO MORTO\IMPÉRIO TRANSPORTES EIRELI\GUIAS GPS\2019\13 - 2019\1 - MATRIZ- INSS COMPETENCIA 13-2019.pdf | motivo=PDF sem texto extraível; pode ser escaneado
08/09/2026 09:44:17 | WARNING | PDF não indexado | arquivo=F:\Documentos\Rafael\4 - ARQUIVO MORTO\IMPÉRIO TRANSPORTES EIRELI\GUIAS GPS\2019\13 - 2019\2 - FILIAL- INSS COMPETENCIA 13-2019.pdf | motivo=PDF sem texto extraível; pode ser escaneado
08/09/2026 09:44:17 | WARNING | PDF não indexado | arquivo=F:\Documentos\Rafael\4 - ARQUIVO MORTO\IMPÉRIO TRANSPORTES EIRELI\GUIAS GPS\2019\4 - ABRIL 2019\1 - MATRIZ - INSS COMPETENCIA 04-2019.pdf | motivo=PDF sem texto extraível; pode ser escaneado
08/09/2026 09:44:17 | WARNING | PDF não indexado | arquivo=F:\Documentos\Rafael\4 - ARQUIVO MORTO\IMPÉRIO TRANSPORTES EIRELI\GUIAS GPS\2019\4 - ABRIL 2019\2 - FILIAL- INSS COMPETENCIA 04-2019.pdf | motivo=PDF sem texto extraível; pode ser escaneado
08/09/2026 09:44:18 | WARNING | PDF não indexado | arquivo=F:\Documentos\Rafael\4 - ARQUIVO MORTO\IMPÉRIO TRANSPORTES EIRELI\GUIAS GPS\2019\5 - MAIO 2019\1 - MATRIZ - INSS COMPETENCIA 05-2019.pdf | motivo=PDF sem texto extraível; pode ser escaneado
08/09/2026 09:44:18 | WARNING | PDF não indexado | arquivo=F:\Documentos\Rafael\4 - ARQUIVO MORTO\IMPÉRIO TRANSPORTES EIRELI\GUIAS GPS\2019\5 - MAIO 2019\2 - FILIAL- INSS COMPETENCIA 05-2019.pdf | motivo=PDF sem texto extraível; pode ser escaneado
08/09/2026 09:44:18 | WARNING | PDF não indexado | arquivo=F:\Documentos\Rafael\4 - ARQUIVO MORTO\IMPÉRIO TRANSPORTES EIRELI\GUIAS GPS\2019\6 - JUNHO 2019\1 - MATRIZ- INSS COMPETENCIA 06-2019.pdf | motivo=PDF sem texto extraível; pode ser escaneado
08/09/2026 09:44:18 | WARNING | PDF não indexado | arquivo=F:\Documentos\Rafael\4 - ARQUIVO MORTO\IMPÉRIO TRANSPORTES EIRELI\GUIAS GPS\2019\6 - JUNHO 2019\2 - MATRIZ- INSS COMPETENCIA 06-2019 NF 2100.pdf | motivo=PDF sem texto extraível; pode ser escaneado
08/09/2026 09:44:18 | WARNING | PDF não indexado | arquivo=F:\Documentos\Rafael\4 - ARQUIVO MORTO\IMPÉRIO TRANSPORTES EIRELI\GUIAS GPS\2019\6 - JUNHO 2019\3 - FILIAL- INSS COMPETENCIA 06-2019.pdf | motivo=PDF sem texto extraível; pode ser escaneado
08/09/2026 09:44:18 | WARNING | PDF não indexado | arquivo=F:\Documentos\Rafael\4 - ARQUIVO MORTO\IMPÉRIO TRANSPORTES EIRELI\GUIAS GPS\2019\7 - JULHO 2019\1 - MATRIZ- INSS COMPETENCIA 07-2019.pdf | motivo=PDF sem texto extraível; pode ser escaneado
08/09/2026 09:44:19 | WARNING | PDF não indexado | arquivo=F:\Documentos\Rafael\4 - ARQUIVO MORTO\IMPÉRIO TRANSPORTES EIRELI\GUIAS GPS\2019\7 - JULHO 2019\2 - MATRIZ- INSS COMPETENCIA 07-2019 NF 2100.pdf | motivo=PDF sem texto extraível; pode ser escaneado
08/09/2026 09:44:19 | WARNING | PDF não indexado | arquivo=F:\Documentos\Rafael\4 - ARQUIVO MORTO\IMPÉRIO TRANSPORTES EIRELI\GUIAS GPS\2019\7 - JULHO 2019\3 - MATRIZ- INSS COMPETENCIA 07-2019 NF 2100..pdf | motivo=PDF sem texto extraível; pode ser escaneado
08/09/2026 09:44:19 | WARNING | PDF não indexado | arquivo=F:\Documentos\Rafael\4 - ARQUIVO MORTO\IMPÉRIO TRANSPORTES EIRELI\GUIAS GPS\2019\7 - JULHO 2019\4 - MATRIZ - INSS COMPETENCIA 07-2019 NF2100.pdf | motivo=PDF sem texto extraível; pode ser escaneado
08/09/2026 09:44:19 | WARNING | PDF não indexado | arquivo=F:\Documentos\Rafael\4 - ARQUIVO MORTO\IMPÉRIO TRANSPORTES EIRELI\GUIAS GPS\2019\7 - JULHO 2019\5 - FILIAL- INSS COMPETENCIA 07-2019.pdf | motivo=PDF sem texto extraível; pode ser escaneado
08/09/2026 09:44:19 | WARNING | PDF não indexado | arquivo=F:\Documentos\Rafael\4 - ARQUIVO MORTO\IMPÉRIO TRANSPORTES EIRELI\GUIAS GPS\2019\8 - AGOSTO 2019\1 - MATRIZ- INSS COMPETENCIA 08-2019.pdf | motivo=PDF sem texto extraível; pode ser escaneado
08/09/2026 09:44:19 | WARNING | PDF não indexado | arquivo=F:\Documentos\Rafael\4 - ARQUIVO MORTO\IMPÉRIO TRANSPORTES EIRELI\GUIAS GPS\2019\8 - AGOSTO 2019\2 - FILIAL- INSS COMPETENCIA 08-2019.pdf | motivo=PDF sem texto extraível; pode ser escaneado
08/09/2026 09:44:20 | WARNING | PDF não indexado | arquivo=F:\Documentos\Rafael\4 - ARQUIVO MORTO\IMPÉRIO TRANSPORTES EIRELI\GUIAS GPS\2019\9 - SETEMBRO 2019\1 - MATRIZ- INSS COMPETENCIA 09-2019.pdf | motivo=PDF sem texto extraível; pode ser escaneado
08/09/2026 09:44:20 | WARNING | PDF não indexado | arquivo=F:\Documentos\Rafael\4 - ARQUIVO MORTO\IMPÉRIO TRANSPORTES EIRELI\GUIAS GPS\2019\9 - SETEMBRO 2019\2 - FILIAL- INSS COMPETENCIA 09-2019.pdf | motivo=PDF sem texto extraível; pode ser escaneado
08/09/2026 09:44:20 | WARNING | PDF não indexado | arquivo=F:\Documentos\Rafael\4 - ARQUIVO MORTO\IMPÉRIO TRANSPORTES EIRELI\GUIAS GPS\2020\01 - JANEIRO 2020\1 - MATRIZ- INSS COMPETENCIA 01-2020.pdf | motivo=PDF sem texto extraível; pode ser escaneado
08/09/2026 09:44:20 | INFO | Indexação em andamento | 3700 de 27964 PDFs
08/09/2026 09:44:20 | WARNING | PDF não indexado | arquivo=F:\Documentos\Rafael\4 - ARQUIVO MORTO\IMPÉRIO TRANSPORTES EIRELI\GUIAS GPS\2020\01 - JANEIRO 2020\2 - FILIAL- INSS COMPETENCIA 01-2020.pdf | motivo=PDF sem texto extraível; pode ser escaneado
08/09/2026 09:44:21 | WARNING | PDF não indexado | arquivo=F:\Documentos\Rafael\4 - ARQUIVO MORTO\IMPÉRIO TRANSPORTES EIRELI\GUIAS GPS\2020\02 - FEVEREIRO 2020\1 - MATRIZ- INSS COMPETENCIA 02-2020.pdf | motivo=PDF sem texto extraível; pode ser escaneado
08/09/2026 09:44:21 | WARNING | PDF não indexado | arquivo=F:\Documentos\Rafael\4 - ARQUIVO MORTO\IMPÉRIO TRANSPORTES EIRELI\GUIAS GPS\2020\02 - FEVEREIRO 2020\2 - FILIAL- INSS COMPETENCIA 02-2020.pdf | motivo=PDF sem texto extraível; pode ser escaneado
08/09/2026 09:44:22 | WARNING | PDF não indexado | arquivo=F:\Documentos\Rafael\4 - ARQUIVO MORTO\IMPÉRIO TRANSPORTES EIRELI\GUIAS GPS\2020\03 - MARÇO 2020\1 - MATRIZ- INSS COMPETENCIA 03-2020.pdf | motivo=PDF sem texto extraível; pode ser escaneado
08/09/2026 09:44:22 | WARNING | PDF não indexado | arquivo=F:\Documentos\Rafael\4 - ARQUIVO MORTO\IMPÉRIO TRANSPORTES EIRELI\GUIAS GPS\2020\03 - MARÇO 2020\2 - FILIAL-  INSS COMPETENCIA 03-2020.pdf | motivo=PDF sem texto extraível; pode ser escaneado
08/09/2026 09:44:22 | WARNING | PDF não indexado | arquivo=F:\Documentos\Rafael\4 - ARQUIVO MORTO\IMPÉRIO TRANSPORTES EIRELI\GUIAS GPS\2020\04 - ABRIL 2020\1 - MATRIZ- INSS COMPETENCIA 04-2020.pdf | motivo=PDF sem texto extraível; pode ser escaneado
08/09/2026 09:44:22 | WARNING | PDF não indexado | arquivo=F:\Documentos\Rafael\4 - ARQUIVO MORTO\IMPÉRIO TRANSPORTES EIRELI\GUIAS GPS\2020\04 - ABRIL 2020\2 - FILIAL- INSS COMPETENCIA 04-2020.pdf | motivo=PDF sem texto extraível; pode ser escaneado
08/09/2026 09:44:23 | WARNING | PDF não indexado | arquivo=F:\Documentos\Rafael\4 - ARQUIVO MORTO\IMPÉRIO TRANSPORTES EIRELI\GUIAS GPS\2020\05 - MAIO 2020\1 - MATRIZ- INSS COMPETENCIA 05-2020.pdf | motivo=PDF sem texto extraível; pode ser escaneado
08/09/2026 09:44:23 | WARNING | PDF não indexado | arquivo=F:\Documentos\Rafael\4 - ARQUIVO MORTO\IMPÉRIO TRANSPORTES EIRELI\GUIAS GPS\2020\05 - MAIO 2020\2 - FILIAL- INSS COMPETENCIA 05-2020.pdf | motivo=PDF sem texto extraível; pode ser escaneado
08/09/2026 09:44:24 | WARNING | PDF não indexado | arquivo=F:\Documentos\Rafael\4 - ARQUIVO MORTO\IMPÉRIO TRANSPORTES EIRELI\GUIAS GPS\2020\06 - JUNHO 2020\1 - MATRIZ- INSS COMPETENCIA 06-2020.pdf | motivo=PDF sem texto extraível; pode ser escaneado
08/09/2026 09:44:24 | WARNING | PDF não indexado | arquivo=F:\Documentos\Rafael\4 - ARQUIVO MORTO\IMPÉRIO TRANSPORTES EIRELI\GUIAS GPS\2020\06 - JUNHO 2020\2 - FILIAL- INSS COMPETENCIA 06-2020.pdf | motivo=PDF sem texto extraível; pode ser escaneado
08/09/2026 09:44:25 | WARNING | PDF não indexado | arquivo=F:\Documentos\Rafael\4 - ARQUIVO MORTO\IMPÉRIO TRANSPORTES EIRELI\GUIAS GPS\2020\07 - JULHO 2020\1 - MATRIZ- INSS COMPETENCIA 07-2020.pdf | motivo=PDF sem texto extraível; pode ser escaneado
08/09/2026 09:44:25 | WARNING | PDF não indexado | arquivo=F:\Documentos\Rafael\4 - ARQUIVO MORTO\IMPÉRIO TRANSPORTES EIRELI\GUIAS GPS\2020\07 - JULHO 2020\2 - FILIAL- INSS COMPETENCIA 07-2020.pdf | motivo=PDF sem texto extraível; pode ser escaneado
08/09/2026 09:44:25 | WARNING | PDF não indexado | arquivo=F:\Documentos\Rafael\4 - ARQUIVO MORTO\IMPÉRIO TRANSPORTES EIRELI\GUIAS GPS\2020\08 - AGOSTO 2020\1 - MATRIZ- INSS COMPETENCIA 08-2020.pdf | motivo=PDF sem texto extraível; pode ser escaneado
08/09/2026 09:44:25 | WARNING | PDF não indexado | arquivo=F:\Documentos\Rafael\4 - ARQUIVO MORTO\IMPÉRIO TRANSPORTES EIRELI\GUIAS GPS\2020\08 - AGOSTO 2020\2 - FILIAL- INSS COMPETENCIA 08-2020.pdf | motivo=PDF sem texto extraível; pode ser escaneado
08/09/2026 09:44:26 | WARNING | PDF não indexado | arquivo=F:\Documentos\Rafael\4 - ARQUIVO MORTO\IMPÉRIO TRANSPORTES EIRELI\GUIAS GPS\2020\09 - SETEMBRO 2020\1 - MATRIZ- INSS COMPETENCIA 09-2020.pdf | motivo=PDF sem texto extraível; pode ser escaneado
08/09/2026 09:44:26 | WARNING | PDF não indexado | arquivo=F:\Documentos\Rafael\4 - ARQUIVO MORTO\IMPÉRIO TRANSPORTES EIRELI\GUIAS GPS\2020\09 - SETEMBRO 2020\2 - FILIAL- INSS COMPETENCIA 09-2020.pdf | motivo=PDF sem texto extraível; pode ser escaneado
08/09/2026 09:44:26 | WARNING | PDF não indexado | arquivo=F:\Documentos\Rafael\4 - ARQUIVO MORTO\IMPÉRIO TRANSPORTES EIRELI\GUIAS GPS\2020\10 - OUTUBRO 2020\1 - MATRIZ- INSS COMPETENCIA 10-2020.pdf | motivo=PDF sem texto extraível; pode ser escaneado
08/09/2026 09:44:27 | WARNING | PDF não indexado | arquivo=F:\Documentos\Rafael\4 - ARQUIVO MORTO\IMPÉRIO TRANSPORTES EIRELI\GUIAS GPS\2020\10 - OUTUBRO 2020\2 - FILIAL- INSS COMPETENCIA 10-2020.pdf | motivo=PDF sem texto extraível; pode ser escaneado
08/09/2026 09:44:27 | WARNING | PDF não indexado | arquivo=F:\Documentos\Rafael\4 - ARQUIVO MORTO\IMPÉRIO TRANSPORTES EIRELI\GUIAS GPS\2020\11 - NOVEMBRO 2020\1 - MATRIZ- INSS COMPETENCIA 11-2020.pdf | motivo=PDF sem texto extraível; pode ser escaneado
08/09/2026 09:44:27 | WARNING | PDF não indexado | arquivo=F:\Documentos\Rafael\4 - ARQUIVO MORTO\IMPÉRIO TRANSPORTES EIRELI\GUIAS GPS\2020\11 - NOVEMBRO 2020\2 - FILIAL- INSS COMPETENCIA 11-2020.pdf | motivo=PDF sem texto extraível; pode ser escaneado
08/09/2026 09:44:28 | WARNING | PDF não indexado | arquivo=F:\Documentos\Rafael\4 - ARQUIVO MORTO\IMPÉRIO TRANSPORTES EIRELI\GUIAS GPS\2020\12 - DEZEMBRO 2020\1 - MATRIZ- INSS COMPETENCIA 12-2020.pdf | motivo=PDF sem texto extraível; pode ser escaneado
08/09/2026 09:44:28 | WARNING | PDF não indexado | arquivo=F:\Documentos\Rafael\4 - ARQUIVO MORTO\IMPÉRIO TRANSPORTES EIRELI\GUIAS GPS\2020\12 - DEZEMBRO 2020\2 - FILIAL- INSS COMPETENCIA 12-2020.pdf | motivo=PDF sem texto extraível; pode ser escaneado
08/09/2026 09:44:29 | WARNING | PDF não indexado | arquivo=F:\Documentos\Rafael\4 - ARQUIVO MORTO\IMPÉRIO TRANSPORTES EIRELI\GUIAS GPS\2020\13 - 2020\1 - MATRIZ- INSS COMPETENCIA 13-2020.pdf | motivo=PDF sem texto extraível; pode ser escaneado
08/09/2026 09:44:29 | WARNING | PDF não indexado | arquivo=F:\Documentos\Rafael\4 - ARQUIVO MORTO\IMPÉRIO TRANSPORTES EIRELI\GUIAS GPS\2020\13 - 2020\2 - FILIAL- INSS COMPETENCIA 13-2020.pdf | motivo=PDF sem texto extraível; pode ser escaneado
08/09/2026 09:44:30 | WARNING | PDF não indexado | arquivo=F:\Documentos\Rafael\4 - ARQUIVO MORTO\IMPÉRIO TRANSPORTES EIRELI\GUIAS GPS\2021\1 - JANEIRO\1 - MATRIZ- INSS COMPETENCIA 01-2021.pdf | motivo=PDF sem texto extraível; pode ser escaneado
08/09/2026 09:44:30 | WARNING | PDF não indexado | arquivo=F:\Documentos\Rafael\4 - ARQUIVO MORTO\IMPÉRIO TRANSPORTES EIRELI\GUIAS GPS\2021\1 - JANEIRO\2 - FILIAL- INSS COMPETENCIA 01-2021.pdf | motivo=PDF sem texto extraível; pode ser escaneado
08/09/2026 09:44:30 | WARNING | PDF não indexado | arquivo=F:\Documentos\Rafael\4 - ARQUIVO MORTO\IMPÉRIO TRANSPORTES EIRELI\GUIAS GPS\2021\2 - FEVEREIRO\1 - MATRIZ- INSS COMPETENCIA 02-2021.pdf | motivo=PDF sem texto extraível; pode ser escaneado
08/09/2026 09:44:31 | WARNING | PDF não indexado | arquivo=F:\Documentos\Rafael\4 - ARQUIVO MORTO\IMPÉRIO TRANSPORTES EIRELI\GUIAS GPS\2021\2 - FEVEREIRO\2 - FILIAL- INSS COMPETENCIA 02-2021.pdf | motivo=PDF sem texto extraível; pode ser escaneado
08/09/2026 09:44:34 | INFO | Indexação em andamento | 3800 de 27964 PDFs
08/09/2026 09:44:42 | WARNING | PDF não indexado | arquivo=F:\Documentos\Rafael\4 - ARQUIVO MORTO\IMPÉRIO TRANSPORTES EIRELI\HABITE-SE 2.pdf | motivo=PDF sem texto extraível; pode ser escaneado
08/09/2026 09:44:42 | WARNING | PDF não indexado | arquivo=F:\Documentos\Rafael\4 - ARQUIVO MORTO\IMPÉRIO TRANSPORTES EIRELI\LO.pdf | motivo=PDF sem texto extraível; pode ser escaneado
08/09/2026 09:44:42 | WARNING | PDF não indexado | arquivo=F:\Documentos\Rafael\4 - ARQUIVO MORTO\IMPÉRIO TRANSPORTES EIRELI\MATRÍCULA .pdf | motivo=PDF sem texto extraível; pode ser escaneado
08/09/2026 09:44:42 | WARNING | PDF não indexado | arquivo=F:\Documentos\Rafael\4 - ARQUIVO MORTO\IMPÉRIO TRANSPORTES EIRELI\PROTOCOLO BOMBEIROS.pdf | motivo=PDF sem texto extraível; pode ser escaneado
08/09/2026 09:44:42 | WARNING | PDF não indexado | arquivo=F:\Documentos\Rafael\4 - ARQUIVO MORTO\IMPÉRIO TRANSPORTES EIRELI\TAC 2022.pdf | motivo=PDF sem texto extraível; pode ser escaneado
08/09/2026 09:44:42 | WARNING | PDF não indexado | arquivo=F:\Documentos\Rafael\4 - ARQUIVO MORTO\INSTIEL\ALVARÁS BOMBEIROS - 2021 - SAGEL MATRIZ.pdf | motivo=PDF sem texto extraível; pode ser escaneado
08/09/2026 09:44:43 | WARNING | PDF não indexado | arquivo=F:\Documentos\Rafael\4 - ARQUIVO MORTO\INSTIEL\CONTRATO DE COMODATO IMOVEL - INSTIEL.pdf | motivo=PDF sem texto extraível; pode ser escaneado
08/09/2026 09:44:43 | WARNING | PDF não indexado | arquivo=F:\Documentos\Rafael\4 - ARQUIVO MORTO\INSTIEL\FOTOS.pdf | motivo=PDF sem texto extraível; pode ser escaneado
08/09/2026 09:44:43 | WARNING | PDF não indexado | arquivo=F:\Documentos\Rafael\4 - ARQUIVO MORTO\INSTIEL\LO - SAGEL.pdf | motivo=PDF sem texto extraível; pode ser escaneado
08/09/2026 09:44:43 | WARNING | PDF não indexado | arquivo=F:\Documentos\Rafael\4 - ARQUIVO MORTO\INSTIEL\Orçamento Grupo Liderança.pdf | motivo=PDF sem texto extraível; pode ser escaneado
08/09/2026 09:44:43 | WARNING | PDF não indexado | arquivo=F:\Documentos\Rafael\4 - ARQUIVO MORTO\INSTIEL\REQUERIMENTO SAMA.pdf | motivo=PDF sem texto extraível; pode ser escaneado
08/09/2026 09:44:43 | WARNING | PDF não indexado | arquivo=F:\Documentos\Rafael\4 - ARQUIVO MORTO\INSTIEL\Requerimento Vig Sant Instiel.pdf | motivo=PDF sem texto extraível; pode ser escaneado
08/09/2026 09:44:43 | WARNING | PDF não indexado | arquivo=F:\Documentos\Rafael\4 - ARQUIVO MORTO\INSTIEL\REQUERIMENTO VIGILANCIA.pdf | motivo=PDF sem texto extraível; pode ser escaneado
08/09/2026 09:44:44 | WARNING | PDF não indexado | arquivo=F:\Documentos\Rafael\4 - ARQUIVO MORTO\INSTIEL\TAC - SAGEL.pdf | motivo=PDF sem texto extraível; pode ser escaneado
08/09/2026 09:44:49 | WARNING | PDF não indexado | arquivo=F:\Documentos\Rafael\4 - ARQUIVO MORTO\J. M. W. BONATTO & CIA LTDA\ALVARÁ BOMBEIROS.pdf | motivo=PDF sem texto extraível; pode ser escaneado
08/09/2026 09:44:50 | INFO | Indexação em andamento | 3900 de 27964 PDFs
08/09/2026 09:44:51 | WARNING | PDF não indexado | arquivo=F:\Documentos\Rafael\4 - ARQUIVO MORTO\J. M. W. BONATTO & CIA LTDA\CONTRATO DE LOCAÇÃO..pdf | motivo=PDF sem texto extraível; pode ser escaneado
08/09/2026 09:44:53 | WARNING | PDF não indexado | arquivo=F:\Documentos\Rafael\4 - ARQUIVO MORTO\J. M. W. BONATTO & CIA LTDA\DOCUMENTOS JUSSARA.pdf | motivo=PDF sem texto extraível; pode ser escaneado
08/09/2026 09:44:53 | WARNING | PDF não indexado | arquivo=F:\Documentos\Rafael\4 - ARQUIVO MORTO\J. M. W. BONATTO & CIA LTDA\FOTOS.pdf | motivo=PDF sem texto extraível; pode ser escaneado
08/09/2026 09:44:53 | WARNING | PDF não indexado | arquivo=F:\Documentos\Rafael\4 - ARQUIVO MORTO\J. M. W. BONATTO & CIA LTDA\HABITE-SE.pdf | motivo=PDF sem texto extraível; pode ser escaneado
08/09/2026 09:44:53 | WARNING | PDF não indexado | arquivo=F:\Documentos\Rafael\4 - ARQUIVO MORTO\J. M. W. BONATTO & CIA LTDA\PROTOCOLO LO.pdf | motivo=PDF sem texto extraível; pode ser escaneado
08/09/2026 09:44:53 | WARNING | PDF não indexado | arquivo=F:\Documentos\Rafael\4 - ARQUIVO MORTO\J. M. W. BONATTO & CIA LTDA\PROTOCOLO VIGILANCIA.pdf | motivo=PDF sem texto extraível; pode ser escaneado
08/09/2026 09:44:57 | WARNING | PDF não indexado | arquivo=F:\Documentos\Rafael\4 - ARQUIVO MORTO\JAPANI BAIXA\ANEXO.pdf | motivo=PDF sem texto extraível; pode ser escaneado
08/09/2026 09:44:57 | WARNING | PDF não indexado | arquivo=F:\Documentos\Rafael\4 - ARQUIVO MORTO\JAPANI BAIXA\anexo1.pdf | motivo=PDF sem texto extraível; pode ser escaneado
08/09/2026 09:44:57 | WARNING | PDF não indexado | arquivo=F:\Documentos\Rafael\4 - ARQUIVO MORTO\JAPANI BAIXA\anexo2.pdf | motivo=PDF sem texto extraível; pode ser escaneado
08/09/2026 09:44:59 | WARNING | PDF não indexado | arquivo=F:\Documentos\Rafael\4 - ARQUIVO MORTO\JDR AGRO\DADOS.pdf | motivo=PDF sem texto extraível; pode ser escaneado
08/09/2026 09:44:59 | WARNING | PDF não indexado | arquivo=F:\Documentos\Rafael\4 - ARQUIVO MORTO\JDR AGRO\DOCUMENTO - JULIANO.pdf | motivo=PDF sem texto extraível; pode ser escaneado
08/09/2026 09:44:59 | WARNING | PDF não indexado | arquivo=F:\Documentos\Rafael\4 - ARQUIVO MORTO\JDR AGRO\ESCRITURA PUBLICA.pdf | motivo=PDF sem texto extraível; pode ser escaneado
08/09/2026 09:44:59 | WARNING | PDF não indexado | arquivo=F:\Documentos\Rafael\4 - ARQUIVO MORTO\JDR AGRO\FOTOS.pdf | motivo=PDF sem texto extraível; pode ser escaneado
08/09/2026 09:44:59 | WARNING | PDF não indexado | arquivo=F:\Documentos\Rafael\4 - ARQUIVO MORTO\JDR AGRO\MATRICULA 25997.pdf | motivo=PDF sem texto extraível; pode ser escaneado
08/09/2026 09:45:00 | WARNING | PDF não indexado | arquivo=F:\Documentos\Rafael\4 - ARQUIVO MORTO\JDR AGRO\MATRICULA.pdf | motivo=PDF sem texto extraível; pode ser escaneado
08/09/2026 09:45:00 | WARNING | PDF não indexado | arquivo=F:\Documentos\Rafael\4 - ARQUIVO MORTO\JOICE CRISTINE CIOCARI VERLE\BAIXA INSCRIÇÃO\DOCUMENTOS JOICE.pdf | motivo=PDF sem texto extraível; pode ser escaneado
08/09/2026 09:45:00 | WARNING | PDF não indexado | arquivo=F:\Documentos\Rafael\4 - ARQUIVO MORTO\JOICE CRISTINE CIOCARI VERLE\BAIXA INSCRIÇÃO\TERMO BAIXA INSCRIÇÃO ESTADUAL.pdf | motivo=PDF sem texto extraível; pode ser escaneado
08/09/2026 09:45:01 | WARNING | PDF não indexado | arquivo=F:\Documentos\Rafael\4 - ARQUIVO MORTO\JOICE CRISTINE CIOCARI VERLE\DOCUMENTOS JOICE.pdf | motivo=PDF sem texto extraível; pode ser escaneado
08/09/2026 09:45:02 | WARNING | PDF não indexado | arquivo=F:\Documentos\Rafael\4 - ARQUIVO MORTO\KADU\DMS COMERCIO DE ALIMENTOS\Doc Tiago Delani.pdf | motivo=PDF sem texto extraível; pode ser escaneado
08/09/2026 09:45:02 | WARNING | PDF não indexado | arquivo=F:\Documentos\Rafael\4 - ARQUIVO MORTO\KADU\DOCUMENTOS KADU.pdf | motivo=PDF sem texto extraível; pode ser escaneado
08/09/2026 09:45:05 | WARNING | PDF não indexado | arquivo=F:\Documentos\Rafael\4 - ARQUIVO MORTO\KADU\FELIX E BUFON\WhatsApp Scan 2026-01-12 at 14.11.14.pdf | motivo=PDF sem texto extraível; pode ser escaneado
08/09/2026 09:45:05 | WARNING | PDF não indexado | arquivo=F:\Documentos\Rafael\4 - ARQUIVO MORTO\KADU\FELIX E BUFON\WhatsApp Scan 2026-01-12 at 14.24.04.pdf | motivo=PDF sem texto extraível; pode ser escaneado
08/09/2026 09:45:05 | INFO | Indexação em andamento | 4000 de 27964 PDFs
08/09/2026 09:45:05 | WARNING | PDF não indexado | arquivo=F:\Documentos\Rafael\4 - ARQUIVO MORTO\KADU\SORRISO\BOMBEIROS.pdf | motivo=PDF sem texto extraível; pode ser escaneado
08/09/2026 09:45:05 | WARNING | PDF não indexado | arquivo=F:\Documentos\Rafael\4 - ARQUIVO MORTO\KADU\SORRISO\CONTRATO DE LOCAÇÃO.pdf | motivo=PDF sem texto extraível; pode ser escaneado
08/09/2026 09:45:05 | WARNING | PDF não indexado | arquivo=F:\Documentos\Rafael\4 - ARQUIVO MORTO\KADU\SORRISO\DECLARAÇÃO VIGILANCIA.pdf | motivo=PDF sem texto extraível; pode ser escaneado
08/09/2026 09:45:05 | WARNING | PDF não indexado | arquivo=F:\Documentos\Rafael\4 - ARQUIVO MORTO\KADU\SORRISO\HABITE-SE.pdf | motivo=PDF sem texto extraível; pode ser escaneado
08/09/2026 09:45:05 | WARNING | PDF não indexado | arquivo=F:\Documentos\Rafael\4 - ARQUIVO MORTO\KADU\SORRISO\MATRÍCULA.pdf | motivo=PDF sem texto extraível; pode ser escaneado
08/09/2026 09:45:06 | WARNING | PDF não indexado | arquivo=F:\Documentos\Rafael\4 - ARQUIVO MORTO\KASEIRO\DOCUMENTOS ENCAMINHADOS JUCEMAT.pdf | motivo=PDF sem texto extraível; pode ser escaneado
08/09/2026 09:45:06 | WARNING | PDF não indexado | arquivo=F:\Documentos\Rafael\4 - ARQUIVO MORTO\L F VIDRAÇARIA - BAIXA\CNH.pdf | motivo=PDF sem texto extraível; pode ser escaneado
08/09/2026 09:45:09 | WARNING | PDF não indexado | arquivo=F:\Documentos\Rafael\4 - ARQUIVO MORTO\LEONARDO SAUSEN VERLE EIRELI\DOCUMENTOS LEONARDO.pdf | motivo=PDF sem texto extraível; pode ser escaneado
08/09/2026 09:45:09 | WARNING | PDF não indexado | arquivo=F:\Documentos\Rafael\4 - ARQUIVO MORTO\LERMEN E ROVEDA\BAIXA PREFEITURA.pdf | motivo=PDF sem texto extraível; pode ser escaneado
08/09/2026 09:45:09 | WARNING | PDF não indexado | arquivo=F:\Documentos\Rafael\4 - ARQUIVO MORTO\LERMEN E ROVEDA\CERTIDÃO BAIXA  - LERMEN E ROVEDA.pdf | motivo=PDF sem texto extraível; pode ser escaneado
08/09/2026 09:45:09 | WARNING | PDF não indexado | arquivo=F:\Documentos\Rafael\4 - ARQUIVO MORTO\LERMEN E ROVEDA\CONTRATO SOCIAL - DISTRATO SOCIAL.pdf | motivo=PDF sem texto extraível; pode ser escaneado
08/09/2026 09:45:11 | WARNING | PDF não indexado | arquivo=F:\Documentos\Rafael\4 - ARQUIVO MORTO\LUANA KAREN SAUER\CONTRATO COMPRA E VENDA.pdf | motivo=PDF sem texto extraível; pode ser escaneado
08/09/2026 09:45:11 | WARNING | PDF não indexado | arquivo=F:\Documentos\Rafael\4 - ARQUIVO MORTO\LUANA KAREN SAUER\FACHADA 2.pdf | motivo=PDF sem texto extraível; pode ser escaneado
08/09/2026 09:45:11 | WARNING | PDF não indexado | arquivo=F:\Documentos\Rafael\4 - ARQUIVO MORTO\LUANA KAREN SAUER\FACHADA Q.pdf | motivo=PDF sem texto extraível; pode ser escaneado
08/09/2026 09:45:12 | WARNING | PDF não indexado | arquivo=F:\Documentos\Rafael\4 - ARQUIVO MORTO\LUANA KAREN SAUER\TERMO DE COMPROMISSO REDESIM - HABITE-SE.pdf | motivo=PDF sem texto extraível; pode ser escaneado
08/09/2026 09:45:17 | WARNING | PDF não indexado | arquivo=F:\Documentos\Rafael\4 - ARQUIVO MORTO\LUCIANE FRANCIO - IDALI FRANCIO\INVENTARIO A4.pdf | motivo=PDF sem texto extraível; pode ser escaneado
08/09/2026 09:45:17 | INFO | Indexação em andamento | 4100 de 27964 PDFs
08/09/2026 09:45:21 | WARNING | PDF não indexado | arquivo=F:\Documentos\Rafael\4 - ARQUIVO MORTO\M. COSTA COMERCIO DE CALCADOS (Carmen Steffens)  (MAIKON)\CONTRATO DE LOCAÇÃO.pdf | motivo=PDF sem texto extraível; pode ser escaneado
08/09/2026 09:45:22 | WARNING | PDF não indexado | arquivo=F:\Documentos\Rafael\4 - ARQUIVO MORTO\M. COSTA COMERCIO DE CALCADOS (Carmen Steffens)  (MAIKON)\DOCUMENTO - MAIKON.pdf | motivo=PDF sem texto extraível; pode ser escaneado
08/09/2026 09:45:29 | WARNING | PDF não indexado | arquivo=F:\Documentos\Rafael\4 - ARQUIVO MORTO\M. COSTA COMERCIO DE CALCADOS (Carmen Steffens)  (MAIKON)\MAGNATA INDUSTRIA E COMERCIO DE CERVEJA\DOCUMENTOS CLEUDIR.pdf | motivo=PDF sem texto extraível; pode ser escaneado
08/09/2026 09:45:29 | WARNING | PDF não indexado | arquivo=F:\Documentos\Rafael\4 - ARQUIVO MORTO\M. COSTA COMERCIO DE CALCADOS (Carmen Steffens)  (MAIKON)\MAGNATA INDUSTRIA E COMERCIO DE CERVEJA\DOCUMENTOS DILCEU.pdf | motivo=PDF sem texto extraível; pode ser escaneado
08/09/2026 09:45:29 | WARNING | PDF não indexado | arquivo=F:\Documentos\Rafael\4 - ARQUIVO MORTO\M. COSTA COMERCIO DE CALCADOS (Carmen Steffens)  (MAIKON)\MAGNATA INDUSTRIA E COMERCIO DE CERVEJA\DOCUMENTOS VALDINEI.pdf | motivo=PDF sem texto extraível; pode ser escaneado
08/09/2026 09:45:30 | WARNING | PDF não indexado | arquivo=F:\Documentos\Rafael\4 - ARQUIVO MORTO\M. COSTA COMERCIO DE CALCADOS (Carmen Steffens)  (MAIKON)\MAGNATA INDUSTRIA E COMERCIO DE CERVEJA\MATRÍCULA 75.892.pdf | motivo=PDF sem texto extraível; pode ser escaneado
08/09/2026 09:45:32 | WARNING | PDF não indexado | arquivo=F:\Documentos\Rafael\4 - ARQUIVO MORTO\M. COSTA DA SILVA COMERCIO DE CALCADOS LTDA (CS Club) - BAIXADA\CONTRATO DE LOCAÇÃO.pdf | motivo=PDF sem texto extraível; pode ser escaneado
08/09/2026 09:45:33 | WARNING | PDF não indexado | arquivo=F:\Documentos\Rafael\4 - ARQUIVO MORTO\M. COSTA DA SILVA COMERCIO DE CALCADOS LTDA (CS Club) - BAIXADA\DOCUMENTO MAIKON.pdf | motivo=PDF sem texto extraível; pode ser escaneado
08/09/2026 09:45:34 | INFO | Indexação em andamento | 4200 de 27964 PDFs
08/09/2026 09:45:35 | WARNING | PDF não indexado | arquivo=F:\Documentos\Rafael\4 - ARQUIVO MORTO\M. S. BITTENCOURT E G.G. SORIANO\CONTRATO LOCAÇÃO.pdf | motivo=PDF sem texto extraível; pode ser escaneado
08/09/2026 09:45:36 | WARNING | PDF não indexado | arquivo=F:\Documentos\Rafael\4 - ARQUIVO MORTO\M. S. BITTENCOURT E G.G. SORIANO\DOCUMENTOS - GUILHERME.pdf | motivo=PDF sem texto extraível; pode ser escaneado
08/09/2026 09:45:36 | WARNING | PDF não indexado | arquivo=F:\Documentos\Rafael\4 - ARQUIVO MORTO\M. S. BITTENCOURT E G.G. SORIANO\DOCUMENTOS - MICAEL.pdf | motivo=PDF sem texto extraível; pode ser escaneado
08/09/2026 09:45:37 | WARNING | PDF não indexado | arquivo=F:\Documentos\Rafael\4 - ARQUIVO MORTO\M. S. BITTENCOURT E G.G. SORIANO\FOTOS.pdf | motivo=PDF sem texto extraível; pode ser escaneado
08/09/2026 09:45:37 | WARNING | PDF não indexado | arquivo=F:\Documentos\Rafael\4 - ARQUIVO MORTO\M. S. BITTENCOURT E G.G. SORIANO\TAC - 2023.pdf | motivo=PDF sem texto extraível; pode ser escaneado
08/09/2026 09:45:40 | WARNING | PDF não indexado | arquivo=F:\Documentos\Rafael\4 - ARQUIVO MORTO\MARACAJA BIOENERGIA LTDA\INSCRIÇÃO ESTADUAL\1 - FAC ASSINADA.pdf | motivo=PDF sem texto extraível; pode ser escaneado
08/09/2026 09:45:40 | WARNING | PDF não indexado | arquivo=F:\Documentos\Rafael\4 - ARQUIVO MORTO\MARACAJA BIOENERGIA LTDA\INSCRIÇÃO ESTADUAL\10 - CN PROTESTO - MARACAJA.pdf | motivo=PDF sem texto extraível; pode ser escaneado
08/09/2026 09:45:41 | WARNING | PDF não indexado | arquivo=F:\Documentos\Rafael\4 - ARQUIVO MORTO\MARACAJA BIOENERGIA LTDA\INSCRIÇÃO ESTADUAL\14 - BALANÇO SUNO.pdf | motivo=PDF sem texto extraível; pode ser escaneado
08/09/2026 09:45:41 | WARNING | PDF não indexado | arquivo=F:\Documentos\Rafael\4 - ARQUIVO MORTO\MARACAJA BIOENERGIA LTDA\INSCRIÇÃO ESTADUAL\2 - DOCUMENTOS CONTADOR - IRACI.pdf | motivo=PDF sem texto extraível; pode ser escaneado
08/09/2026 09:45:42 | WARNING | PDF não indexado | arquivo=F:\Documentos\Rafael\4 - ARQUIVO MORTO\MARACAJA BIOENERGIA LTDA\INSCRIÇÃO ESTADUAL\5 - LICENÇA PREVIA.pdf | motivo=PDF sem texto extraível; pode ser escaneado
08/09/2026 09:45:42 | WARNING | PDF não indexado | arquivo=F:\Documentos\Rafael\4 - ARQUIVO MORTO\MARACAJA BIOENERGIA LTDA\INSCRIÇÃO ESTADUAL\6 - CN INMETRO.pdf | motivo=PDF sem texto extraível; pode ser escaneado
08/09/2026 09:45:42 | WARNING | PDF não indexado | arquivo=F:\Documentos\Rafael\4 - ARQUIVO MORTO\MARACAJA BIOENERGIA LTDA\INSCRIÇÃO ESTADUAL\7 - PROJETO - PLANTA DE IMPLANTAÇÃO.pdf | motivo=PDF sem texto extraível; pode ser escaneado
08/09/2026 09:45:43 | WARNING | PDF não indexado | arquivo=F:\Documentos\Rafael\4 - ARQUIVO MORTO\MARACAJA BIOENERGIA LTDA\INSCRIÇÃO ESTADUAL\7 - PROJETO - PLANTA LOCALIZAÇÃO - Maracajá.pdf | motivo=PDF sem texto extraível; pode ser escaneado
08/09/2026 09:45:45 | WARNING | PDF não indexado | arquivo=F:\Documentos\Rafael\4 - ARQUIVO MORTO\MARACAJÁ AGROMERCANTIL\CONTRATO SOCIAL - 1º ALT.pdf | motivo=PDF sem texto extraível; pode ser escaneado
08/09/2026 09:45:45 | WARNING | PDF não indexado | arquivo=F:\Documentos\Rafael\4 - ARQUIVO MORTO\MARACAJÁ AGROMERCANTIL\PROTOCOLO SUSPENSÃO EXECUÇÃO FISCAL.pdf | motivo=PDF sem texto extraível; pode ser escaneado
08/09/2026 09:45:46 | WARNING | PDF não indexado | arquivo=F:\Documentos\Rafael\4 - ARQUIVO MORTO\MARIMBONDOS\ATA.pdf | motivo=PDF sem texto extraível; pode ser escaneado
08/09/2026 09:45:46 | WARNING | PDF não indexado | arquivo=F:\Documentos\Rafael\4 - ARQUIVO MORTO\MARIMBONDOS\DOC PRESIDENTEN ATUAL.pdf | motivo=PDF sem texto extraível; pode ser escaneado
08/09/2026 09:45:48 | INFO | Indexação em andamento | 4300 de 27964 PDFs
08/09/2026 09:45:49 | WARNING | PDF não indexado | arquivo=F:\Documentos\Rafael\4 - ARQUIVO MORTO\MARMOTEC MARMORES\Contrato de locação.pdf | motivo=PDF sem texto extraível; pode ser escaneado
08/09/2026 09:45:49 | WARNING | PDF não indexado | arquivo=F:\Documentos\Rafael\4 - ARQUIVO MORTO\MARMOTEC MARMORES\DOCUMENTOS IVAN.pdf | motivo=PDF sem texto extraível; pode ser escaneado
08/09/2026 09:45:49 | WARNING | PDF não indexado | arquivo=F:\Documentos\Rafael\4 - ARQUIVO MORTO\MARMOTEC MARMORES\HABITE-SE.pdf | motivo=PDF sem texto extraível; pode ser escaneado
08/09/2026 09:45:50 | WARNING | PDF não indexado | arquivo=F:\Documentos\Rafael\4 - ARQUIVO MORTO\MARMOTEC MARMORES\MATRICULA.pdf | motivo=PDF sem texto extraível; pode ser escaneado
08/09/2026 09:45:50 | WARNING | PDF não indexado | arquivo=F:\Documentos\Rafael\4 - ARQUIVO MORTO\MARMOTEC MARMORES\PROTOCOLO LO.pdf | motivo=PDF sem texto extraível; pode ser escaneado
08/09/2026 09:45:50 | WARNING | PDF não indexado | arquivo=F:\Documentos\Rafael\4 - ARQUIVO MORTO\MCA COMÉRCIO DE PEÇAS AGRÍCOLAS LTDA\CONTRATO SOCIAL - 4º ALT.pdf | motivo=PDF sem texto extraível; pode ser escaneado
08/09/2026 09:45:51 | WARNING | PDF não indexado | arquivo=F:\Documentos\Rafael\4 - ARQUIVO MORTO\MCA COMÉRCIO DE PEÇAS AGRÍCOLAS LTDA\Documentos ROSEMAR.pdf | motivo=PDF sem texto extraível; pode ser escaneado
08/09/2026 09:45:51 | WARNING | PDF não indexado | arquivo=F:\Documentos\Rafael\4 - ARQUIVO MORTO\MCA COMÉRCIO DE PEÇAS AGRÍCOLAS LTDA\FAC ASSINAD.pdf | motivo=PDF sem texto extraível; pode ser escaneado
08/09/2026 09:45:51 | WARNING | PDF não indexado | arquivo=F:\Documentos\Rafael\4 - ARQUIVO MORTO\MCA COMÉRCIO DE PEÇAS AGRÍCOLAS LTDA\FAC ASSINADA.pdf | motivo=PDF sem texto extraível; pode ser escaneado
08/09/2026 09:45:57 | WARNING | PDF não indexado | arquivo=F:\Documentos\Rafael\4 - ARQUIVO MORTO\MCA COMÉRCIO DE PEÇAS AGRÍCOLAS LTDA\MASSI AGROPECUARIA\CARTÓRIO\MATRÍCULAS INTEGRALIZADAS\25.559.pdf | motivo=PDF sem texto extraível; pode ser escaneado
08/09/2026 09:45:58 | WARNING | PDF não indexado | arquivo=F:\Documentos\Rafael\4 - ARQUIVO MORTO\MCA COMÉRCIO DE PEÇAS AGRÍCOLAS LTDA\MASSI AGROPECUARIA\CARTÓRIO\MATRÍCULAS INTEGRALIZADAS\25.562.pdf | motivo=PDF sem texto extraível; pode ser escaneado
08/09/2026 09:45:58 | WARNING | PDF não indexado | arquivo=F:\Documentos\Rafael\4 - ARQUIVO MORTO\MCA COMÉRCIO DE PEÇAS AGRÍCOLAS LTDA\MASSI AGROPECUARIA\CARTÓRIO\MATRÍCULAS INTEGRALIZADAS\51.282 - 51.284 - 51.285 - 51.286 - 51.287 - 52.753 - 52.755 - 54.073 - 56.307.pdf | motivo=PDF sem texto extraível; pode ser escaneado
08/09/2026 09:45:58 | WARNING | PDF não indexado | arquivo=F:\Documentos\Rafael\4 - ARQUIVO MORTO\MCA COMÉRCIO DE PEÇAS AGRÍCOLAS LTDA\MASSI AGROPECUARIA\CARTÓRIO\MATRÍCULAS INTEGRALIZADAS\56.306.pdf | motivo=PDF sem texto extraível; pode ser escaneado
08/09/2026 09:45:58 | WARNING | PDF não indexado | arquivo=F:\Documentos\Rafael\4 - ARQUIVO MORTO\MCA COMÉRCIO DE PEÇAS AGRÍCOLAS LTDA\MASSI AGROPECUARIA\CARTÓRIO\MATRÍCULAS INTEGRALIZADAS\64.538.pdf | motivo=PDF sem texto extraível; pode ser escaneado
08/09/2026 09:45:58 | WARNING | PDF não indexado | arquivo=F:\Documentos\Rafael\4 - ARQUIVO MORTO\MCA COMÉRCIO DE PEÇAS AGRÍCOLAS LTDA\MASSI AGROPECUARIA\CARTÓRIO\MATRÍCULAS INTEGRALIZADAS\64.539.pdf | motivo=PDF sem texto extraível; pode ser escaneado
08/09/2026 09:45:59 | WARNING | PDF não indexado | arquivo=F:\Documentos\Rafael\4 - ARQUIVO MORTO\MCA COMÉRCIO DE PEÇAS AGRÍCOLAS LTDA\MASSI AGROPECUARIA\CARTÓRIO\SINOP\REQUERIMENTO SANTA CARMEM.pdf | motivo=PDF sem texto extraível; pode ser escaneado
08/09/2026 09:46:08 | WARNING | PDF não indexado | arquivo=F:\Documentos\Rafael\4 - ARQUIVO MORTO\MCA COMÉRCIO DE PEÇAS AGRÍCOLAS LTDA\MASSI AGROPECUARIA\CONTRATOS DE COMPOSSE-PARCERIA\Composse - Massi Agropecuária x Argino x Leoclides x Ivan x Luciano x Sorriso - ASSINADO.pdf | motivo=PDF sem texto extraível; pode ser escaneado
08/09/2026 09:46:10 | WARNING | PDF não indexado | arquivo=F:\Documentos\Rafael\4 - ARQUIVO MORTO\MCA COMÉRCIO DE PEÇAS AGRÍCOLAS LTDA\MASSI AGROPECUARIA\CONTRATOS DE COMPOSSE-PARCERIA\Composse - Massi Agropecuária x Roberta x Simone - Santa Carmem - ASSINADO.pdf | motivo=PDF sem texto extraível; pode ser escaneado
08/09/2026 09:46:12 | WARNING | PDF não indexado | arquivo=F:\Documentos\Rafael\4 - ARQUIVO MORTO\MCA COMÉRCIO DE PEÇAS AGRÍCOLAS LTDA\MASSI AGROPECUARIA\CONTRATOS DE COMPOSSE-PARCERIA\Contrato Parceria - Massi Agrop x Argino x Leoclides x Ivan x Luciano - ASSINADO.pdf | motivo=PDF sem texto extraível; pode ser escaneado
08/09/2026 09:46:13 | WARNING | PDF não indexado | arquivo=F:\Documentos\Rafael\4 - ARQUIVO MORTO\MCA COMÉRCIO DE PEÇAS AGRÍCOLAS LTDA\MASSI AGROPECUARIA\CONTRATOS DE COMPOSSE-PARCERIA\Contrato Parceria - Massi Agrop x Roberta e Simone - ASSINADO.pdf | motivo=PDF sem texto extraível; pode ser escaneado
08/09/2026 09:46:14 | WARNING | PDF não indexado | arquivo=F:\Documentos\Rafael\4 - ARQUIVO MORTO\MCA COMÉRCIO DE PEÇAS AGRÍCOLAS LTDA\MASSI AGROPECUARIA\DOCUMENTOS SÓCIOS\DOCUMENTOS SOCIOS___ARGINO BEDIN.pdf | motivo=PDF sem texto extraível; pode ser escaneado
08/09/2026 09:46:14 | WARNING | PDF não indexado | arquivo=F:\Documentos\Rafael\4 - ARQUIVO MORTO\MCA COMÉRCIO DE PEÇAS AGRÍCOLAS LTDA\MASSI AGROPECUARIA\DOCUMENTOS SÓCIOS\DOCUMENTOS SOCIOS___IVAN BEDIN.pdf | motivo=PDF sem texto extraível; pode ser escaneado
08/09/2026 09:46:14 | WARNING | PDF não indexado | arquivo=F:\Documentos\Rafael\4 - ARQUIVO MORTO\MCA COMÉRCIO DE PEÇAS AGRÍCOLAS LTDA\MASSI AGROPECUARIA\DOCUMENTOS SÓCIOS\DOCUMENTOS SOCIOS___LEOCLIDES BEDIN.pdf | motivo=PDF sem texto extraível; pode ser escaneado
08/09/2026 09:46:15 | WARNING | PDF não indexado | arquivo=F:\Documentos\Rafael\4 - ARQUIVO MORTO\MCA COMÉRCIO DE PEÇAS AGRÍCOLAS LTDA\MASSI AGROPECUARIA\DOCUMENTOS SÓCIOS\DOCUMENTOS SOCIOS___LUCIANO BEDIN.pdf | motivo=PDF sem texto extraível; pode ser escaneado
08/09/2026 09:46:15 | WARNING | PDF não indexado | arquivo=F:\Documentos\Rafael\4 - ARQUIVO MORTO\MCA COMÉRCIO DE PEÇAS AGRÍCOLAS LTDA\MASSI AGROPECUARIA\DOCUMENTOS SÓCIOS\DOCUMENTOS SOCIOS___ROBERTA BEDIN.pdf | motivo=PDF sem texto extraível; pode ser escaneado
08/09/2026 09:46:15 | WARNING | PDF não indexado | arquivo=F:\Documentos\Rafael\4 - ARQUIVO MORTO\MCA COMÉRCIO DE PEÇAS AGRÍCOLAS LTDA\MASSI AGROPECUARIA\DOCUMENTOS SÓCIOS\DOCUMENTOS SOCIOS___SIMONE BEDIN.pdf | motivo=PDF sem texto extraível; pode ser escaneado
08/09/2026 09:46:15 | WARNING | PDF não indexado | arquivo=F:\Documentos\Rafael\4 - ARQUIVO MORTO\MCA COMÉRCIO DE PEÇAS AGRÍCOLAS LTDA\MASSI AGROPECUARIA\INSCRIÇÃO ESTADUAL\CONRTATO COMODATO.pdf | motivo=PDF sem texto extraível; pode ser escaneado
08/09/2026 09:46:16 | WARNING | PDF não indexado | arquivo=F:\Documentos\Rafael\4 - ARQUIVO MORTO\MCA COMÉRCIO DE PEÇAS AGRÍCOLAS LTDA\MASSI AGROPECUARIA\INSCRIÇÃO ESTADUAL\DOCUMENTOS SOCIOS___ARGINO BEDIN.pdf | motivo=PDF sem texto extraível; pode ser escaneado
08/09/2026 09:46:16 | WARNING | PDF não indexado | arquivo=F:\Documentos\Rafael\4 - ARQUIVO MORTO\MCA COMÉRCIO DE PEÇAS AGRÍCOLAS LTDA\MASSI AGROPECUARIA\INSCRIÇÃO ESTADUAL\DOCUMENTOS SOCIOS___IVAN BEDIN.pdf | motivo=PDF sem texto extraível; pode ser escaneado
08/09/2026 09:46:16 | WARNING | PDF não indexado | arquivo=F:\Documentos\Rafael\4 - ARQUIVO MORTO\MCA COMÉRCIO DE PEÇAS AGRÍCOLAS LTDA\MASSI AGROPECUARIA\INSCRIÇÃO ESTADUAL\DOCUMENTOS SOCIOS___LEOCLIDES BEDIN.pdf | motivo=PDF sem texto extraível; pode ser escaneado
08/09/2026 09:46:16 | WARNING | PDF não indexado | arquivo=F:\Documentos\Rafael\4 - ARQUIVO MORTO\MCA COMÉRCIO DE PEÇAS AGRÍCOLAS LTDA\MASSI AGROPECUARIA\INSCRIÇÃO ESTADUAL\DOCUMENTOS SOCIOS___LUCIANO BEDIN.pdf | motivo=PDF sem texto extraível; pode ser escaneado
08/09/2026 09:46:16 | WARNING | PDF não indexado | arquivo=F:\Documentos\Rafael\4 - ARQUIVO MORTO\MCA COMÉRCIO DE PEÇAS AGRÍCOLAS LTDA\MASSI AGROPECUARIA\INSCRIÇÃO ESTADUAL\DOCUMENTOS SOCIOS___ROBERTA BEDIN.pdf | motivo=PDF sem texto extraível; pode ser escaneado
08/09/2026 09:46:16 | WARNING | PDF não indexado | arquivo=F:\Documentos\Rafael\4 - ARQUIVO MORTO\MCA COMÉRCIO DE PEÇAS AGRÍCOLAS LTDA\MASSI AGROPECUARIA\INSCRIÇÃO ESTADUAL\DOCUMENTOS SOCIOS___SIMONE BEDIN.pdf | motivo=PDF sem texto extraível; pode ser escaneado
08/09/2026 09:46:16 | INFO | Indexação em andamento | 4400 de 27964 PDFs
08/09/2026 09:46:16 | WARNING | PDF não indexado | arquivo=F:\Documentos\Rafael\4 - ARQUIVO MORTO\MCA COMÉRCIO DE PEÇAS AGRÍCOLAS LTDA\MASSI AGROPECUARIA\INSCRIÇÃO ESTADUAL\FAC ASSINADA.pdf | motivo=PDF sem texto extraível; pode ser escaneado
08/09/2026 09:46:17 | WARNING | PDF não indexado | arquivo=F:\Documentos\Rafael\4 - ARQUIVO MORTO\MCA COMÉRCIO DE PEÇAS AGRÍCOLAS LTDA\MASSI AGROPECUARIA\INSCRIÇÃO ESTADUAL\Matricila 40961.pdf | motivo=PDF sem texto extraível; pode ser escaneado
08/09/2026 09:46:17 | WARNING | PDF não indexado | arquivo=F:\Documentos\Rafael\4 - ARQUIVO MORTO\MCA COMÉRCIO DE PEÇAS AGRÍCOLAS LTDA\MASSI AGROPECUARIA\INSCRIÇÃO ESTADUAL - FILIAL\CONTRATO DE COMODATO.pdf | motivo=PDF sem texto extraível; pode ser escaneado
08/09/2026 09:46:17 | WARNING | PDF não indexado | arquivo=F:\Documentos\Rafael\4 - ARQUIVO MORTO\MCA COMÉRCIO DE PEÇAS AGRÍCOLAS LTDA\MASSI AGROPECUARIA\INSCRIÇÃO ESTADUAL - FILIAL\FAC ASSINADA.pdf | motivo=PDF sem texto extraível; pode ser escaneado
08/09/2026 09:46:17 | WARNING | PDF não indexado | arquivo=F:\Documentos\Rafael\4 - ARQUIVO MORTO\MCA COMÉRCIO DE PEÇAS AGRÍCOLAS LTDA\MASSI AGROPECUARIA\INSCRIÇÃO ESTADUAL - FILIAL\Matricula 30177.pdf | motivo=PDF sem texto extraível; pode ser escaneado
08/09/2026 09:46:17 | WARNING | PDF não indexado | arquivo=F:\Documentos\Rafael\4 - ARQUIVO MORTO\MCA COMÉRCIO DE PEÇAS AGRÍCOLAS LTDA\MASSI AGROPECUARIA\INSCRIÇÃO ESTADUAL - FILIAL\TERMO DE OPÇÃO PARA REALIZAÇÃO DE OPERAÇÃO COM DIFERIMENTO DO ICMS.pdf | motivo=PDF sem texto extraível; pode ser escaneado
08/09/2026 09:46:18 | WARNING | PDF não indexado | arquivo=F:\Documentos\Rafael\4 - ARQUIVO MORTO\MCA COMÉRCIO DE PEÇAS AGRÍCOLAS LTDA\MASSI AGROPECUARIA\Matric SJ 42778.pdf | motivo=PDF sem texto extraível; pode ser escaneado
08/09/2026 09:46:18 | WARNING | PDF não indexado | arquivo=F:\Documentos\Rafael\4 - ARQUIVO MORTO\MCA COMÉRCIO DE PEÇAS AGRÍCOLAS LTDA\MASSI AGROPECUARIA\Matricula 30176.pdf | motivo=PDF sem texto extraível; pode ser escaneado
08/09/2026 09:46:18 | WARNING | PDF não indexado | arquivo=F:\Documentos\Rafael\4 - ARQUIVO MORTO\MCA COMÉRCIO DE PEÇAS AGRÍCOLAS LTDA\MASSI AGROPECUARIA\Matricula 30177.pdf | motivo=PDF sem texto extraível; pode ser escaneado
08/09/2026 09:46:19 | WARNING | PDF não indexado | arquivo=F:\Documentos\Rafael\4 - ARQUIVO MORTO\MCA COMÉRCIO DE PEÇAS AGRÍCOLAS LTDA\MASSI AGROPECUARIA\Matricula 30178.pdf | motivo=PDF sem texto extraível; pode ser escaneado
08/09/2026 09:46:19 | WARNING | PDF não indexado | arquivo=F:\Documentos\Rafael\4 - ARQUIVO MORTO\MCA COMÉRCIO DE PEÇAS AGRÍCOLAS LTDA\MASSI AGROPECUARIA\Matricula 64589.pdf | motivo=PDF sem texto extraível; pode ser escaneado
08/09/2026 09:46:19 | WARNING | PDF não indexado | arquivo=F:\Documentos\Rafael\4 - ARQUIVO MORTO\MCA COMÉRCIO DE PEÇAS AGRÍCOLAS LTDA\MASSI AGROPECUARIA\MATRÍCULA 64.028.pdf | motivo=PDF sem texto extraível; pode ser escaneado
08/09/2026 09:46:19 | WARNING | PDF não indexado | arquivo=F:\Documentos\Rafael\4 - ARQUIVO MORTO\MCA COMÉRCIO DE PEÇAS AGRÍCOLAS LTDA\MASSI AGROPECUARIA\MATRÍCULA 64.060.pdf | motivo=PDF sem texto extraível; pode ser escaneado
08/09/2026 09:46:19 | WARNING | PDF não indexado | arquivo=F:\Documentos\Rafael\4 - ARQUIVO MORTO\MCA COMÉRCIO DE PEÇAS AGRÍCOLAS LTDA\MASSI AGROPECUARIA\MATRÍCULA 64.151.pdf | motivo=PDF sem texto extraível; pode ser escaneado
08/09/2026 09:46:29 | WARNING | PDF não indexado | arquivo=F:\Documentos\Rafael\4 - ARQUIVO MORTO\MD LABORATORIO\DOCUMENTO SOCIO - CERTIDÃO CASAMENTO.pdf | motivo=PDF sem texto extraível; pode ser escaneado
08/09/2026 09:46:29 | WARNING | PDF não indexado | arquivo=F:\Documentos\Rafael\4 - ARQUIVO MORTO\MD LABORATORIO\DOCUMENTO SOCIO - PEDRO.pdf | motivo=PDF sem texto extraível; pode ser escaneado
08/09/2026 09:46:30 | WARNING | PDF não indexado | arquivo=F:\Documentos\Rafael\4 - ARQUIVO MORTO\MD LABORATORIO\HABITE-SE_096_2014.pdf | motivo=PDF sem texto extraível; pode ser escaneado
08/09/2026 09:46:30 | WARNING | PDF não indexado | arquivo=F:\Documentos\Rafael\4 - ARQUIVO MORTO\MD LABORATORIO\RELATORIO FOTOGRAFICO.pdf | motivo=PDF sem texto extraível; pode ser escaneado
08/09/2026 09:46:31 | WARNING | PDF não indexado | arquivo=F:\Documentos\Rafael\4 - ARQUIVO MORTO\MERCALLI\ALVARA 2018.pdf | motivo=PDF sem texto extraível; pode ser escaneado
08/09/2026 09:46:31 | WARNING | PDF não indexado | arquivo=F:\Documentos\Rafael\4 - ARQUIVO MORTO\MERCALLI\ANEXO.pdf | motivo=PDF sem texto extraível; pode ser escaneado
08/09/2026 09:46:31 | WARNING | PDF não indexado | arquivo=F:\Documentos\Rafael\4 - ARQUIVO MORTO\MERCALLI\anexo1.pdf | motivo=PDF sem texto extraível; pode ser escaneado
08/09/2026 09:46:31 | WARNING | PDF não indexado | arquivo=F:\Documentos\Rafael\4 - ARQUIVO MORTO\MERCALLI\CONTRATO DE ALUGUEL NOVO.pdf | motivo=PDF sem texto extraível; pode ser escaneado
08/09/2026 09:46:31 | WARNING | PDF não indexado | arquivo=F:\Documentos\Rafael\4 - ARQUIVO MORTO\MERCALLI\CONTRATO DE ALUGUEL.pdf | motivo=PDF sem texto extraível; pode ser escaneado
08/09/2026 09:46:31 | WARNING | PDF não indexado | arquivo=F:\Documentos\Rafael\4 - ARQUIVO MORTO\MERCALLI\CONTRATO SOCIAL - 3º ALT.pdf | motivo=PDF sem texto extraível; pode ser escaneado
08/09/2026 09:46:32 | WARNING | PDF não indexado | arquivo=F:\Documentos\Rafael\4 - ARQUIVO MORTO\MERCALLI\DOCUMENTOS MAERCIO.pdf | motivo=PDF sem texto extraível; pode ser escaneado
08/09/2026 09:46:32 | WARNING | PDF não indexado | arquivo=F:\Documentos\Rafael\4 - ARQUIVO MORTO\MERCALLI\ESCRITURA DE COMPRA E VENDA.pdf | motivo=PDF sem texto extraível; pode ser escaneado
08/09/2026 09:46:32 | WARNING | PDF não indexado | arquivo=F:\Documentos\Rafael\4 - ARQUIVO MORTO\MERCALLI\FAC ASSINADA.pdf | motivo=PDF sem texto extraível; pode ser escaneado
08/09/2026 09:46:32 | WARNING | PDF não indexado | arquivo=F:\Documentos\Rafael\4 - ARQUIVO MORTO\MERCALLI\FAC REATIVAÇÃO.pdf | motivo=PDF sem texto extraível; pode ser escaneado
08/09/2026 09:46:32 | WARNING | PDF não indexado | arquivo=F:\Documentos\Rafael\4 - ARQUIVO MORTO\MERCALLI\FOTOS ESTABELECIMENTO.pdf | motivo=PDF sem texto extraível; pode ser escaneado
08/09/2026 09:46:33 | WARNING | PDF não indexado | arquivo=F:\Documentos\Rafael\4 - ARQUIVO MORTO\MERCALLI\REQUERIMENTO ALVARÁ.pdf | motivo=PDF sem texto extraível; pode ser escaneado
08/09/2026 09:46:34 | WARNING | PDF não indexado | arquivo=F:\Documentos\Rafael\4 - ARQUIVO MORTO\MINERADORA TAPAJÓS\CONTRATO SOCIAL - 2º ALT - Mineradora.pdf | motivo=PDF sem texto extraível; pode ser escaneado
08/09/2026 09:46:35 | WARNING | PDF não indexado | arquivo=F:\Documentos\Rafael\4 - ARQUIVO MORTO\MINERADORA TAPAJÓS\CONTRATO SOCIAL - CONSTITUIÇÃO - Top Tapajos.pdf | motivo=PDF sem texto extraível; pode ser escaneado
08/09/2026 09:46:35 | WARNING | PDF não indexado | arquivo=F:\Documentos\Rafael\4 - ARQUIVO MORTO\MINERADORA TAPAJÓS\DECLARAÇÃO DE EMPRESA MINERADORA TAPAJÓS.pdf | motivo=PDF sem texto extraível; pode ser escaneado
08/09/2026 09:46:35 | WARNING | PDF não indexado | arquivo=F:\Documentos\Rafael\4 - ARQUIVO MORTO\MINERADORA TAPAJÓS\Documentos Marcia.pdf | motivo=PDF sem texto extraível; pode ser escaneado
08/09/2026 09:46:35 | WARNING | PDF não indexado | arquivo=F:\Documentos\Rafael\4 - ARQUIVO MORTO\MINERADORA TAPAJÓS\MATRÍCULA DE ADMINISTRAÇÃO DE ARMAZÉM GERAL.pdf | motivo=PDF sem texto extraível; pode ser escaneado
08/09/2026 09:46:35 | WARNING | PDF não indexado | arquivo=F:\Documentos\Rafael\4 - ARQUIVO MORTO\MINERADORA TAPAJÓS\REGULAMENTO INTERNO DO ARMAZENAMENTO MINERADORA TAPAJÓS.pdf | motivo=PDF sem texto extraível; pode ser escaneado
08/09/2026 09:46:36 | WARNING | PDF não indexado | arquivo=F:\Documentos\Rafael\4 - ARQUIVO MORTO\MORAES E MORAES\CONTRATO LOCAÇÃO.pdf | motivo=PDF sem texto extraível; pode ser escaneado
08/09/2026 09:46:37 | WARNING | PDF não indexado | arquivo=F:\Documentos\Rafael\4 - ARQUIVO MORTO\MORAES E MORAES\DOCUMENTOS ISRAEL.pdf | motivo=PDF sem texto extraível; pode ser escaneado
08/09/2026 09:46:37 | WARNING | PDF não indexado | arquivo=F:\Documentos\Rafael\4 - ARQUIVO MORTO\MORAES E MORAES\DOCUMENTOS MATEUS.pdf | motivo=PDF sem texto extraível; pode ser escaneado
08/09/2026 09:46:37 | WARNING | PDF não indexado | arquivo=F:\Documentos\Rafael\4 - ARQUIVO MORTO\MORAES E MORAES\FOTO.pdf | motivo=PDF sem texto extraível; pode ser escaneado
08/09/2026 09:46:37 | INFO | Indexação em andamento | 4500 de 27964 PDFs
08/09/2026 09:46:37 | WARNING | PDF não indexado | arquivo=F:\Documentos\Rafael\4 - ARQUIVO MORTO\MORAES E MORAES\PROTOCOLO BOMBEIRO.pdf | motivo=PDF sem texto extraível; pode ser escaneado
08/09/2026 09:46:37 | WARNING | PDF não indexado | arquivo=F:\Documentos\Rafael\4 - ARQUIVO MORTO\MORAES E MORAES\TERMO REDESIM.pdf | motivo=PDF sem texto extraível; pode ser escaneado
08/09/2026 09:46:39 | WARNING | PDF não indexado | arquivo=F:\Documentos\Rafael\4 - ARQUIVO MORTO\MUNDO VERDE\ALVARA BOMBEIRO.pdf | motivo=PDF sem texto extraível; pode ser escaneado
08/09/2026 09:46:39 | WARNING | PDF não indexado | arquivo=F:\Documentos\Rafael\4 - ARQUIVO MORTO\MUNDO VERDE\ALVARÁ 2017.pdf | motivo=PDF sem texto extraível; pode ser escaneado
08/09/2026 09:46:40 | WARNING | PDF não indexado | arquivo=F:\Documentos\Rafael\4 - ARQUIVO MORTO\MUNDO VERDE\CONTRATO LOCAÇÃO.pdf | motivo=PDF sem texto extraível; pode ser escaneado
08/09/2026 09:46:40 | WARNING | PDF não indexado | arquivo=F:\Documentos\Rafael\4 - ARQUIVO MORTO\MUNDO VERDE\CONTRATO SOCIAL - 1º ALT.pdf | motivo=PDF sem texto extraível; pode ser escaneado
08/09/2026 09:46:41 | WARNING | PDF não indexado | arquivo=F:\Documentos\Rafael\4 - ARQUIVO MORTO\MUNDO VERDE\DOCUMENTO DOS SOCIOS.pdf | motivo=PDF sem texto extraível; pode ser escaneado
08/09/2026 09:46:41 | WARNING | PDF não indexado | arquivo=F:\Documentos\Rafael\4 - ARQUIVO MORTO\MUNDO VERDE\DOCUMENTOS WANDERLEY JUNIOR.pdf | motivo=PDF sem texto extraível; pode ser escaneado
08/09/2026 09:46:41 | WARNING | PDF não indexado | arquivo=F:\Documentos\Rafael\4 - ARQUIVO MORTO\MUNDO VERDE\DOCUMENTOS WANDERLEY.pdf | motivo=PDF sem texto extraível; pode ser escaneado
08/09/2026 09:46:41 | WARNING | PDF não indexado | arquivo=F:\Documentos\Rafael\4 - ARQUIVO MORTO\MUNDO VERDE\FOTOS.pdf | motivo=PDF sem texto extraível; pode ser escaneado
08/09/2026 09:46:42 | WARNING | PDF não indexado | arquivo=F:\Documentos\Rafael\4 - ARQUIVO MORTO\MUNDO VERDE\MATRÍCULA.pdf | motivo=PDF sem texto extraível; pode ser escaneado
08/09/2026 09:46:43 | WARNING | PDF não indexado | arquivo=F:\Documentos\Rafael\4 - ARQUIVO MORTO\N L TURISMO\ALVARÁ BOMBEIROS.pdf | motivo=PDF sem texto extraível; pode ser escaneado
08/09/2026 09:46:44 | WARNING | PDF não indexado | arquivo=F:\Documentos\Rafael\4 - ARQUIVO MORTO\N L TURISMO\CONTRATO DE ALUGUEL.pdf | motivo=PDF sem texto extraível; pode ser escaneado
08/09/2026 09:46:44 | WARNING | PDF não indexado | arquivo=F:\Documentos\Rafael\4 - ARQUIVO MORTO\N L TURISMO\DOCUMENTOS SOCIO - NEIMARA.pdf | motivo=PDF sem texto extraível; pode ser escaneado
08/09/2026 09:46:44 | WARNING | PDF não indexado | arquivo=F:\Documentos\Rafael\4 - ARQUIVO MORTO\N L TURISMO\ENQUADRAMENTO SIMPLES.pdf | motivo=PDF sem texto extraível; pode ser escaneado
08/09/2026 09:46:45 | WARNING | PDF não indexado | arquivo=F:\Documentos\Rafael\4 - ARQUIVO MORTO\N L TURISMO\FOTOS.pdf | motivo=PDF sem texto extraível; pode ser escaneado
08/09/2026 09:46:45 | WARNING | PDF não indexado | arquivo=F:\Documentos\Rafael\4 - ARQUIVO MORTO\N L TURISMO\HABITE-SE.pdf | motivo=PDF sem texto extraível; pode ser escaneado
08/09/2026 09:46:49 | WARNING | PDF não indexado | arquivo=F:\Documentos\Rafael\4 - ARQUIVO MORTO\N. G. TRANSPORTES LTDA\CONTRATO DE LOCAÇÃO.pdf | motivo=PDF sem texto extraível; pode ser escaneado
08/09/2026 09:46:52 | WARNING | PDF não indexado | arquivo=F:\Documentos\Rafael\4 - ARQUIVO MORTO\N. G. TRANSPORTES LTDA\DOCUMENTOS SOCIO - NEIMARA.pdf | motivo=PDF sem texto extraível; pode ser escaneado
08/09/2026 09:46:52 | WARNING | PDF não indexado | arquivo=F:\Documentos\Rafael\4 - ARQUIVO MORTO\N. G. TRANSPORTES LTDA\MATRICULA ENDEREÇO NOVO.pdf | motivo=PDF sem texto extraível; pode ser escaneado
08/09/2026 09:46:52 | INFO | Indexação em andamento | 4600 de 27964 PDFs
08/09/2026 09:46:53 | WARNING | PDF não indexado | arquivo=F:\Documentos\Rafael\4 - ARQUIVO MORTO\NONO ORELIO TRANSPORTES\CONTRATO DE LOCAÇÃO.pdf | motivo=PDF sem texto extraível; pode ser escaneado
08/09/2026 09:46:54 | WARNING | PDF não indexado | arquivo=F:\Documentos\Rafael\4 - ARQUIVO MORTO\NONO ORELIO TRANSPORTES\DECLARAÇÃO VIGILANCIA.pdf | motivo=PDF sem texto extraível; pode ser escaneado
08/09/2026 09:46:54 | WARNING | PDF não indexado | arquivo=F:\Documentos\Rafael\4 - ARQUIVO MORTO\NONO ORELIO TRANSPORTES\DOCUMENTOS GABRIEL.pdf | motivo=PDF sem texto extraível; pode ser escaneado
08/09/2026 09:46:54 | WARNING | PDF não indexado | arquivo=F:\Documentos\Rafael\4 - ARQUIVO MORTO\NONO ORELIO TRANSPORTES\Documentos Paulo Henrique.pdf | motivo=PDF sem texto extraível; pode ser escaneado
08/09/2026 09:46:54 | WARNING | PDF não indexado | arquivo=F:\Documentos\Rafael\4 - ARQUIVO MORTO\NONO ORELIO TRANSPORTES\FOTOS.pdf | motivo=PDF sem texto extraível; pode ser escaneado
08/09/2026 09:46:54 | WARNING | PDF não indexado | arquivo=F:\Documentos\Rafael\4 - ARQUIVO MORTO\NONO ORELIO TRANSPORTES\MATRÍCULA.pdf | motivo=PDF sem texto extraível; pode ser escaneado
08/09/2026 09:46:55 | WARNING | PDF não indexado | arquivo=F:\Documentos\Rafael\4 - ARQUIVO MORTO\NONO ORELIO TRANSPORTES\TERMO REDESIM.pdf | motivo=PDF sem texto extraível; pode ser escaneado
08/09/2026 09:47:03 | WARNING | PDF não indexado | arquivo=F:\Documentos\Rafael\4 - ARQUIVO MORTO\O. MONTAGNA\CONTRATO SOCIAL - 6ª ALT.pdf | motivo=PDF sem texto extraível; pode ser escaneado
08/09/2026 09:47:04 | WARNING | PDF não indexado | arquivo=F:\Documentos\Rafael\4 - ARQUIVO MORTO\O. MONTAGNA\CONTRATO SOCIAL - 7ª ALT.pdf | motivo=PDF sem texto extraível; pode ser escaneado
08/09/2026 09:47:05 | WARNING | PDF não indexado | arquivo=F:\Documentos\Rafael\4 - ARQUIVO MORTO\O. MONTAGNA\CONTRATO SOCIAL - CONSTITUIÇÃO.pdf | motivo=PDF sem texto extraível; pode ser escaneado
08/09/2026 09:47:07 | WARNING | PDF não indexado | arquivo=F:\Documentos\Rafael\4 - ARQUIVO MORTO\O. MONTAGNA\DADOS IMOBILIARIOS.pdf | motivo=PDF sem texto extraível; pode ser escaneado
08/09/2026 09:47:07 | WARNING | PDF não indexado | arquivo=F:\Documentos\Rafael\4 - ARQUIVO MORTO\O. MONTAGNA\DOCUMENTOS - ELIDE.pdf | motivo=PDF sem texto extraível; pode ser escaneado
08/09/2026 09:47:07 | WARNING | PDF não indexado | arquivo=F:\Documentos\Rafael\4 - ARQUIVO MORTO\O. MONTAGNA\DOCUMENTOS - OSMAR.pdf | motivo=PDF sem texto extraível; pode ser escaneado
08/09/2026 09:47:07 | WARNING | PDF não indexado | arquivo=F:\Documentos\Rafael\4 - ARQUIVO MORTO\O. MONTAGNA\DOCUMENTOS - REGIS.pdf | motivo=PDF sem texto extraível; pode ser escaneado
08/09/2026 09:47:07 | WARNING | PDF não indexado | arquivo=F:\Documentos\Rafael\4 - ARQUIVO MORTO\O. MONTAGNA\DOCUMENTOS - RICARDO.pdf | motivo=PDF sem texto extraível; pode ser escaneado
08/09/2026 09:47:07 | WARNING | PDF não indexado | arquivo=F:\Documentos\Rafael\4 - ARQUIVO MORTO\O. MONTAGNA\FILIAL 01 - LUCAS DO RIO VERDE\ALVARA 2018.pdf | motivo=PDF sem texto extraível; pode ser escaneado
08/09/2026 09:47:07 | WARNING | PDF não indexado | arquivo=F:\Documentos\Rafael\4 - ARQUIVO MORTO\O. MONTAGNA\FILIAL 01 - LUCAS DO RIO VERDE\ALVARA BOMBEIRO.pdf | motivo=PDF sem texto extraível; pode ser escaneado
08/09/2026 09:47:07 | WARNING | PDF não indexado | arquivo=F:\Documentos\Rafael\4 - ARQUIVO MORTO\O. MONTAGNA\FILIAL 01 - LUCAS DO RIO VERDE\ALVARÁ BOMBEIROS - FILIAL LRV.pdf | motivo=PDF sem texto extraível; pode ser escaneado
08/09/2026 09:47:07 | WARNING | PDF não indexado | arquivo=F:\Documentos\Rafael\4 - ARQUIVO MORTO\O. MONTAGNA\FILIAL 01 - LUCAS DO RIO VERDE\FAC ALVARÁ.pdf | motivo=PDF sem texto extraível; pode ser escaneado
08/09/2026 09:47:07 | WARNING | PDF não indexado | arquivo=F:\Documentos\Rafael\4 - ARQUIVO MORTO\O. MONTAGNA\FILIAL 02 - SORRISO - PESADA\ALVARÁ DOS BOMBEIROS.pdf | motivo=PDF sem texto extraível; pode ser escaneado
08/09/2026 09:47:07 | WARNING | PDF não indexado | arquivo=F:\Documentos\Rafael\4 - ARQUIVO MORTO\O. MONTAGNA\FILIAL 02 - SORRISO - PESADA\FAC ASSINADA.pdf | motivo=PDF sem texto extraível; pode ser escaneado
08/09/2026 09:47:08 | WARNING | PDF não indexado | arquivo=F:\Documentos\Rafael\4 - ARQUIVO MORTO\O. MONTAGNA\FILIAL 02 - SORRISO - PESADA\FOTOS FILIAL SORRISO.pdf | motivo=PDF sem texto extraível; pode ser escaneado
08/09/2026 09:47:08 | WARNING | PDF não indexado | arquivo=F:\Documentos\Rafael\4 - ARQUIVO MORTO\O. MONTAGNA\FILIAL 02 - SORRISO - PESADA\MATRICULA FILIAL SORRISO 2.pdf | motivo=PDF sem texto extraível; pode ser escaneado
08/09/2026 09:47:08 | WARNING | PDF não indexado | arquivo=F:\Documentos\Rafael\4 - ARQUIVO MORTO\O. MONTAGNA\FILIAL 03 - NOVA MUTUM\CERTIDÃO CONSULTA PREVIA.pdf | motivo=PDF sem texto extraível; pode ser escaneado
08/09/2026 09:47:08 | WARNING | PDF não indexado | arquivo=F:\Documentos\Rafael\4 - ARQUIVO MORTO\O. MONTAGNA\FILIAL 03 - NOVA MUTUM\CERTIDÃO SAMA.pdf | motivo=PDF sem texto extraível; pode ser escaneado
08/09/2026 09:47:08 | WARNING | PDF não indexado | arquivo=F:\Documentos\Rafael\4 - ARQUIVO MORTO\O. MONTAGNA\FILIAL 03 - NOVA MUTUM\FAC ASSINADA.pdf | motivo=PDF sem texto extraível; pode ser escaneado
08/09/2026 09:47:08 | WARNING | PDF não indexado | arquivo=F:\Documentos\Rafael\4 - ARQUIVO MORTO\O. MONTAGNA\FILIAL 03 - NOVA MUTUM\HABITE-SE.pdf | motivo=PDF sem texto extraível; pode ser escaneado
08/09/2026 09:47:08 | INFO | Indexação em andamento | 4700 de 27964 PDFs
08/09/2026 09:47:09 | WARNING | PDF não indexado | arquivo=F:\Documentos\Rafael\4 - ARQUIVO MORTO\O. MONTAGNA\FILIAL 04 - ARENAPOLIS\CONTRATO DE ALUGUEL E MATRÍCULA.pdf | motivo=PDF sem texto extraível; pode ser escaneado
08/09/2026 09:47:09 | WARNING | PDF não indexado | arquivo=F:\Documentos\Rafael\4 - ARQUIVO MORTO\O. MONTAGNA\FILIAL 04 - ARENAPOLIS\FOTOS.pdf | motivo=PDF sem texto extraível; pode ser escaneado
08/09/2026 09:47:10 | WARNING | PDF não indexado | arquivo=F:\Documentos\Rafael\4 - ARQUIVO MORTO\O. MONTAGNA\FILIAL 06 - SORRISO\FOTOS.pdf | motivo=PDF sem texto extraível; pode ser escaneado
08/09/2026 09:47:10 | WARNING | PDF não indexado | arquivo=F:\Documentos\Rafael\4 - ARQUIVO MORTO\O. MONTAGNA\FILIAL 06 - SORRISO\HABITE-SE MATRIZ.pdf | motivo=PDF sem texto extraível; pode ser escaneado
08/09/2026 09:47:10 | WARNING | PDF não indexado | arquivo=F:\Documentos\Rafael\4 - ARQUIVO MORTO\O. MONTAGNA\FILIAL 06 - SORRISO\MATRÍCULA.pdf | motivo=PDF sem texto extraível; pode ser escaneado
08/09/2026 09:47:10 | WARNING | PDF não indexado | arquivo=F:\Documentos\Rafael\4 - ARQUIVO MORTO\O. MONTAGNA\FILIAL 06 - SORRISO\TAC 2024.pdf | motivo=PDF sem texto extraível; pode ser escaneado
08/09/2026 09:47:10 | WARNING | PDF não indexado | arquivo=F:\Documentos\Rafael\4 - ARQUIVO MORTO\O. MONTAGNA\MATRIZ - SORRISO\ALVARÁ 2018.pdf | motivo=PDF sem texto extraível; pode ser escaneado
08/09/2026 09:47:10 | WARNING | PDF não indexado | arquivo=F:\Documentos\Rafael\4 - ARQUIVO MORTO\O. MONTAGNA\MATRIZ - SORRISO\FAC ASSINADA.pdf | motivo=PDF sem texto extraível; pode ser escaneado
08/09/2026 09:47:10 | WARNING | PDF não indexado | arquivo=F:\Documentos\Rafael\4 - ARQUIVO MORTO\O. MONTAGNA\MATRIZ - SORRISO\FOTOS MATRIZ.pdf | motivo=PDF sem texto extraível; pode ser escaneado
08/09/2026 09:47:10 | WARNING | PDF não indexado | arquivo=F:\Documentos\Rafael\4 - ARQUIVO MORTO\O. MONTAGNA\MATRIZ - SORRISO\HABITE-SE MATRIZ.pdf | motivo=PDF sem texto extraível; pode ser escaneado
08/09/2026 09:47:11 | WARNING | PDF não indexado | arquivo=F:\Documentos\Rafael\4 - ARQUIVO MORTO\O. MONTAGNA\MATRIZ - SORRISO\MATRICULA 54.515.pdf | motivo=PDF sem texto extraível; pode ser escaneado
08/09/2026 09:47:11 | WARNING | PDF não indexado | arquivo=F:\Documentos\Rafael\4 - ARQUIVO MORTO\O. MONTAGNA\MATRIZ - SORRISO\MATRICULA.pdf | motivo=PDF sem texto extraível; pode ser escaneado
08/09/2026 09:47:12 | WARNING | PDF não indexado | arquivo=F:\Documentos\Rafael\4 - ARQUIVO MORTO\O. MONTAGNA\MATRIZ - SORRISO\TAC - 2023.pdf | motivo=PDF sem texto extraível; pode ser escaneado
08/09/2026 09:47:17 | WARNING | PDF não indexado | arquivo=F:\Documentos\Rafael\4 - ARQUIVO MORTO\O. MONTAGNA\PROTOCOLO - Osmar Montagna (Auto Peças União).pdf | motivo=PDF sem texto extraível; pode ser escaneado
08/09/2026 09:47:17 | WARNING | PDF não indexado | arquivo=F:\Documentos\Rafael\4 - ARQUIVO MORTO\P. E. D. BARRAGAN E Y. R. C. DOS SANTOS LTDA\ALVARA BOMBEIROS.pdf | motivo=PDF sem texto extraível; pode ser escaneado
08/09/2026 09:47:19 | WARNING | PDF não indexado | arquivo=F:\Documentos\Rafael\4 - ARQUIVO MORTO\P. E. D. BARRAGAN E Y. R. C. DOS SANTOS LTDA\CONTRATO DE LOCAÇÃO.pdf | motivo=PDF sem texto extraível; pode ser escaneado
08/09/2026 09:47:20 | WARNING | PDF não indexado | arquivo=F:\Documentos\Rafael\4 - ARQUIVO MORTO\P. E. D. BARRAGAN E Y. R. C. DOS SANTOS LTDA\DOCUMENTOS PETER.pdf | motivo=PDF sem texto extraível; pode ser escaneado
08/09/2026 09:47:20 | WARNING | PDF não indexado | arquivo=F:\Documentos\Rafael\4 - ARQUIVO MORTO\P. E. D. BARRAGAN E Y. R. C. DOS SANTOS LTDA\DOCUMENTOS YURI.pdf | motivo=PDF sem texto extraível; pode ser escaneado
08/09/2026 09:47:20 | WARNING | PDF não indexado | arquivo=F:\Documentos\Rafael\4 - ARQUIVO MORTO\P. E. D. BARRAGAN E Y. R. C. DOS SANTOS LTDA\FOTOS.pdf | motivo=PDF sem texto extraível; pode ser escaneado
08/09/2026 09:47:20 | WARNING | PDF não indexado | arquivo=F:\Documentos\Rafael\4 - ARQUIVO MORTO\P. E. D. BARRAGAN E Y. R. C. DOS SANTOS LTDA\HABITE-SE.pdf | motivo=PDF sem texto extraível; pode ser escaneado
08/09/2026 09:47:20 | WARNING | PDF não indexado | arquivo=F:\Documentos\Rafael\4 - ARQUIVO MORTO\P. O. COMÉRCIO DE COMBUSTÍVEIS E LUBRIFICANTES LTDA\DISTRATO SOCIAL - P. O. COM. DE COMB. E LUBRIF. LTDA.pdf | motivo=PDF sem texto extraível; pode ser escaneado
08/09/2026 09:47:21 | INFO | Indexação em andamento | 4800 de 27964 PDFs
08/09/2026 09:47:21 | WARNING | PDF não indexado | arquivo=F:\Documentos\Rafael\4 - ARQUIVO MORTO\PANTANAL PESCADOS\CONSTITUIÇÃO\DOCUMENTOS IRACI.pdf | motivo=PDF sem texto extraível; pode ser escaneado
08/09/2026 09:47:21 | WARNING | PDF não indexado | arquivo=F:\Documentos\Rafael\4 - ARQUIVO MORTO\PANTANAL PESCADOS\CONSTITUIÇÃO\DOCUMENTOS VALENTIN.pdf | motivo=PDF sem texto extraível; pode ser escaneado
08/09/2026 09:47:23 | WARNING | PDF não indexado | arquivo=F:\Documentos\Rafael\4 - ARQUIVO MORTO\PANTANAL PESCADOS\Documentos - VALENTIN.pdf | motivo=PDF sem texto extraível; pode ser escaneado
08/09/2026 09:47:23 | WARNING | PDF não indexado | arquivo=F:\Documentos\Rafael\4 - ARQUIVO MORTO\PANTANAL PESCADOS\DOCUMENTOS IRACI.pdf | motivo=PDF sem texto extraível; pode ser escaneado
08/09/2026 09:47:23 | WARNING | PDF não indexado | arquivo=F:\Documentos\Rafael\4 - ARQUIVO MORTO\PARAGUAI TINTAS\2ª ALT - PARAGUAI TINTAS..pdf | motivo=PDF sem texto extraível; pode ser escaneado
08/09/2026 09:47:23 | WARNING | PDF não indexado | arquivo=F:\Documentos\Rafael\4 - ARQUIVO MORTO\PARAGUAI TINTAS\Documentos PORFÍRIO.pdf | motivo=PDF sem texto extraível; pode ser escaneado
08/09/2026 09:47:23 | WARNING | PDF não indexado | arquivo=F:\Documentos\Rafael\4 - ARQUIVO MORTO\PARAGUAI TINTAS\Documentos VERA.pdf | motivo=PDF sem texto extraível; pode ser escaneado
08/09/2026 09:47:24 | WARNING | PDF não indexado | arquivo=F:\Documentos\Rafael\4 - ARQUIVO MORTO\PARAGUAI TINTAS\TERMO FIEL DEPOSITARIO.pdf | motivo=PDF sem texto extraível; pode ser escaneado
08/09/2026 09:47:28 | WARNING | PDF não indexado | arquivo=F:\Documentos\Rafael\4 - ARQUIVO MORTO\PARTICIPAÇÕES ESTRELA DE FOGO\CONSTITUIÇÃO\~$NTRATO SOCIAL__CONSTITUICAO.pdf | motivo=PdfStreamError: Stream has ended unexpectedly
08/09/2026 09:47:33 | WARNING | PDF não indexado | arquivo=F:\Documentos\Rafael\4 - ARQUIVO MORTO\PARTICIPAÇÕES ESTRELA DE FOGO\DEFESA CRA\Doc. 4 - AUTO DE INFRAÇÃO CRA.pdf | motivo=PDF sem texto extraível; pode ser escaneado
08/09/2026 09:47:33 | WARNING | PDF não indexado | arquivo=F:\Documentos\Rafael\4 - ARQUIVO MORTO\PARTICIPAÇÕES ESTRELA DE FOGO\DOCUMENTOS EDUARDO.pdf | motivo=PDF sem texto extraível; pode ser escaneado
08/09/2026 09:47:33 | WARNING | PDF não indexado | arquivo=F:\Documentos\Rafael\4 - ARQUIVO MORTO\PARTICIPAÇÕES ESTRELA DE FOGO\DOCUMENTOS LUIZ CARLOS.pdf | motivo=PDF sem texto extraível; pode ser escaneado
08/09/2026 09:47:33 | WARNING | PDF não indexado | arquivo=F:\Documentos\Rafael\4 - ARQUIVO MORTO\PARTICIPAÇÕES ESTRELA DE FOGO\DOCUMENTOS MILENE.pdf | motivo=PDF sem texto extraível; pode ser escaneado
08/09/2026 09:47:33 | WARNING | PDF não indexado | arquivo=F:\Documentos\Rafael\4 - ARQUIVO MORTO\PARTICIPAÇÕES ESTRELA DE FOGO\DOCUMENTOS SALETE.pdf | motivo=PDF sem texto extraível; pode ser escaneado
08/09/2026 09:47:37 | WARNING | PDF não indexado | arquivo=F:\Documentos\Rafael\4 - ARQUIVO MORTO\PICCOLI PEDRAS\DOCUMENTOS GABRIEL.pdf | motivo=PDF sem texto extraível; pode ser escaneado
08/09/2026 09:47:38 | WARNING | PDF não indexado | arquivo=F:\Documentos\Rafael\4 - ARQUIVO MORTO\PICCOLI PEDRAS MINERAÇÃO LTDA\Distrato Social.pdf | motivo=PDF sem texto extraível; pode ser escaneado
08/09/2026 09:47:38 | WARNING | PDF não indexado | arquivo=F:\Documentos\Rafael\4 - ARQUIVO MORTO\PICCOLI PEDRAS MINERAÇÃO LTDA\Documentos GUSTAVO.pdf | motivo=PDF sem texto extraível; pode ser escaneado
08/09/2026 09:47:38 | INFO | Indexação em andamento | 4900 de 27964 PDFs
08/09/2026 09:47:38 | WARNING | PDF não indexado | arquivo=F:\Documentos\Rafael\4 - ARQUIVO MORTO\PICCOLI PEDRAS MINERAÇÃO LTDA\Termo de Fiel Depositário.pdf | motivo=PDF sem texto extraível; pode ser escaneado
08/09/2026 09:47:39 | WARNING | PDF não indexado | arquivo=F:\Documentos\Rafael\4 - ARQUIVO MORTO\PLAMAK\CONTRATO SOCIAL - 3º ALT.pdf | motivo=PDF sem texto extraível; pode ser escaneado
08/09/2026 09:47:39 | WARNING | PDF não indexado | arquivo=F:\Documentos\Rafael\4 - ARQUIVO MORTO\PLAMAK\CONTRATO SOCIAL - 4º ALT.pdf | motivo=PDF sem texto extraível; pode ser escaneado
08/09/2026 09:47:41 | WARNING | PDF não indexado | arquivo=F:\Documentos\Rafael\4 - ARQUIVO MORTO\PLAMAK\FAC ASSINADA.pdf | motivo=PDF sem texto extraível; pode ser escaneado
08/09/2026 09:47:43 | WARNING | PDF não indexado | arquivo=F:\Documentos\Rafael\4 - ARQUIVO MORTO\PLANTIVA INSUMOS\DIFERIMENTO ICMS\4 - TERMO DE OPÇÃO - LIVRO REGISTRO assinado.pdf | motivo=PDF sem texto extraível; pode ser escaneado
08/09/2026 09:47:43 | WARNING | PDF não indexado | arquivo=F:\Documentos\Rafael\4 - ARQUIVO MORTO\PLANTIVA INSUMOS\DIFERIMENTO ICMS\5 - CAPA LIVRO DE REGISTRO.pdf | motivo=PDF sem texto extraível; pode ser escaneado
08/09/2026 09:47:43 | WARNING | PDF não indexado | arquivo=F:\Documentos\Rafael\4 - ARQUIVO MORTO\PLANTIVA INSUMOS\DOCUMENTOS GUSTAVO.pdf | motivo=PDF sem texto extraível; pode ser escaneado
08/09/2026 09:47:43 | WARNING | PDF não indexado | arquivo=F:\Documentos\Rafael\4 - ARQUIVO MORTO\PLANTIVA INSUMOS\DOCUMENTOS SOCIO - ARILTON.pdf | motivo=PDF sem texto extraível; pode ser escaneado
08/09/2026 09:47:43 | WARNING | PDF não indexado | arquivo=F:\Documentos\Rafael\4 - ARQUIVO MORTO\PLANTIVA INSUMOS\FOTOS.pdf | motivo=PDF sem texto extraível; pode ser escaneado
08/09/2026 09:47:44 | WARNING | PDF não indexado | arquivo=F:\Documentos\Rafael\4 - ARQUIVO MORTO\PLANTIVA INSUMOS\HABITE-SE.pdf | motivo=PDF sem texto extraível; pode ser escaneado
08/09/2026 09:47:44 | WARNING | PDF não indexado | arquivo=F:\Documentos\Rafael\4 - ARQUIVO MORTO\PLANTIVA INSUMOS\PROTOCOLO LO.pdf | motivo=PDF sem texto extraível; pode ser escaneado
08/09/2026 09:47:47 | WARNING | PDF não indexado | arquivo=F:\Documentos\Rafael\4 - ARQUIVO MORTO\QUEIROZ & TREVISAN LTDA\CONTRATO COMPRA E VENDA TERRENO.pdf | motivo=PDF sem texto extraível; pode ser escaneado
08/09/2026 09:47:47 | WARNING | PDF não indexado | arquivo=F:\Documentos\Rafael\4 - ARQUIVO MORTO\QUEIROZ & TREVISAN LTDA\CONTRATO DE LOCAÇÃO - PROCURAÇÃO.pdf | motivo=PDF sem texto extraível; pode ser escaneado
08/09/2026 09:47:47 | WARNING | PDF não indexado | arquivo=F:\Documentos\Rafael\4 - ARQUIVO MORTO\QUEIROZ & TREVISAN LTDA\CONTRATO DE LOCAÇÃO.pdf | motivo=PDF sem texto extraível; pode ser escaneado
08/09/2026 09:47:48 | WARNING | PDF não indexado | arquivo=F:\Documentos\Rafael\4 - ARQUIVO MORTO\QUEIROZ & TREVISAN LTDA\DOCUMENTO DIELE.pdf | motivo=PDF sem texto extraível; pode ser escaneado
08/09/2026 09:47:48 | WARNING | PDF não indexado | arquivo=F:\Documentos\Rafael\4 - ARQUIVO MORTO\QUEIROZ & TREVISAN LTDA\DOCUMENTO JULIO.pdf | motivo=PDF sem texto extraível; pode ser escaneado
08/09/2026 09:47:48 | WARNING | PDF não indexado | arquivo=F:\Documentos\Rafael\4 - ARQUIVO MORTO\QUEIROZ & TREVISAN LTDA\INSCRIÇÃO MUNICIPAL\aluguel.pdf | motivo=PDF sem texto extraível; pode ser escaneado
08/09/2026 09:47:48 | WARNING | PDF não indexado | arquivo=F:\Documentos\Rafael\4 - ARQUIVO MORTO\QUEIROZ & TREVISAN LTDA\INSCRIÇÃO MUNICIPAL\DECLARAÇÃO TAC.pdf | motivo=PDF sem texto extraível; pode ser escaneado
08/09/2026 09:47:48 | WARNING | PDF não indexado | arquivo=F:\Documentos\Rafael\4 - ARQUIVO MORTO\QUEIROZ & TREVISAN LTDA\INSCRIÇÃO MUNICIPAL\REQUERIMENTO ALVARÁ.pdf | motivo=PDF sem texto extraível; pode ser escaneado
08/09/2026 09:47:49 | WARNING | PDF não indexado | arquivo=F:\Documentos\Rafael\4 - ARQUIVO MORTO\QUEIROZ & TREVISAN LTDA\PROTOCOLO VIGILANCIA SANITARIA.pdf | motivo=PDF sem texto extraível; pode ser escaneado
08/09/2026 09:47:57 | WARNING | PDF não indexado | arquivo=F:\Documentos\Rafael\4 - ARQUIVO MORTO\QUEIROZ & TREVISAN LTDA\VIGILANCIA SANITARIA\CARTEIRA PROFISSIONAL RESPONSÁVEL.pdf | motivo=PDF sem texto extraível; pode ser escaneado
08/09/2026 09:48:01 | WARNING | PDF não indexado | arquivo=F:\Documentos\Rafael\4 - ARQUIVO MORTO\QUEIROZ & TREVISAN LTDA\VIGILANCIA SANITARIA\~$RMULÁRIO - Infomrações relevantes a vigilancia sobre a prestacao de servicos.pdf | motivo=PdfStreamError: Stream has ended unexpectedly
08/09/2026 09:48:02 | INFO | Indexação em andamento | 5000 de 27964 PDFs
08/09/2026 09:48:04 | WARNING | PDF não indexado | arquivo=F:\Documentos\Rafael\4 - ARQUIVO MORTO\RD ARMAZÉNS GERAIS\BOMBEIRO.pdf | motivo=PDF sem texto extraível; pode ser escaneado
08/09/2026 09:48:04 | WARNING | PDF não indexado | arquivo=F:\Documentos\Rafael\4 - ARQUIVO MORTO\RD ARMAZÉNS GERAIS\CONTRATO SOCIAL - 1ª ALT.pdf | motivo=PDF sem texto extraível; pode ser escaneado
08/09/2026 09:48:04 | WARNING | PDF não indexado | arquivo=F:\Documentos\Rafael\4 - ARQUIVO MORTO\RD ARMAZÉNS GERAIS\CONTRATO SOCIAL - CONSTITUIÇÃO.pdf | motivo=PDF sem texto extraível; pode ser escaneado
08/09/2026 09:48:04 | WARNING | PDF não indexado | arquivo=F:\Documentos\Rafael\4 - ARQUIVO MORTO\RD ARMAZÉNS GERAIS\DOCUMENTOS - CAROLINE.pdf | motivo=PDF sem texto extraível; pode ser escaneado
08/09/2026 09:48:05 | WARNING | PDF não indexado | arquivo=F:\Documentos\Rafael\4 - ARQUIVO MORTO\RD ARMAZÉNS GERAIS\LO.pdf | motivo=PDF sem texto extraível; pode ser escaneado
08/09/2026 09:48:05 | WARNING | PDF não indexado | arquivo=F:\Documentos\Rafael\4 - ARQUIVO MORTO\RD ARMAZÉNS GERAIS\MATRÍCULA 33.965.pdf | motivo=PDF sem texto extraível; pode ser escaneado
08/09/2026 09:48:05 | WARNING | PDF não indexado | arquivo=F:\Documentos\Rafael\4 - ARQUIVO MORTO\RD ARMAZÉNS GERAIS\SUSPENSÃO INSCRIÇÃO ESTADUAL\LIVRO TERMO DE OCORRENCIA.pdf | motivo=PDF sem texto extraível; pode ser escaneado
08/09/2026 09:48:05 | WARNING | PDF não indexado | arquivo=F:\Documentos\Rafael\4 - ARQUIVO MORTO\RD ARMAZÉNS GERAIS\SUSPENSÃO INSCRIÇÃO ESTADUAL\TERMO DE CIÊNCIA, RESPONSABILIDADE E FIEL DEPOSITÁRIO.pdf | motivo=PDF sem texto extraível; pode ser escaneado
08/09/2026 09:48:07 | WARNING | PDF não indexado | arquivo=F:\Documentos\Rafael\4 - ARQUIVO MORTO\RD COMERCIO\ALVARÁ BOMBEIRO.pdf | motivo=PDF sem texto extraível; pode ser escaneado
08/09/2026 09:48:14 | WARNING | PDF não indexado | arquivo=F:\Documentos\Rafael\4 - ARQUIVO MORTO\RD COMERCIO\BLOQUEIO COTAS DILCEU - LIBERAÇÃO\Liminar bloqueio de bens.pdf | motivo=PDF sem texto extraível; pode ser escaneado
08/09/2026 09:48:14 | WARNING | PDF não indexado | arquivo=F:\Documentos\Rafael\4 - ARQUIVO MORTO\RD COMERCIO\BLOQUEIO COTAS DILCEU - LIBERAÇÃO\Ofício para desbloqueio - resposta.pdf | motivo=PDF sem texto extraível; pode ser escaneado
08/09/2026 09:48:14 | WARNING | PDF não indexado | arquivo=F:\Documentos\Rafael\4 - ARQUIVO MORTO\RD COMERCIO\BLOQUEIO COTAS DILCEU - LIBERAÇÃO\Ofício para desbloqueio.pdf | motivo=PDF sem texto extraível; pode ser escaneado
08/09/2026 09:48:17 | WARNING | PDF não indexado | arquivo=F:\Documentos\Rafael\4 - ARQUIVO MORTO\RD COMERCIO\DIFERIMENTO FERTILIZANTES\LIVRO TERMO DE OCORRENCIAS.pdf | motivo=PDF sem texto extraível; pode ser escaneado
08/09/2026 09:48:17 | WARNING | PDF não indexado | arquivo=F:\Documentos\Rafael\4 - ARQUIVO MORTO\RD COMERCIO\FOTO.pdf | motivo=PDF sem texto extraível; pode ser escaneado
08/09/2026 09:48:18 | WARNING | PDF não indexado | arquivo=F:\Documentos\Rafael\4 - ARQUIVO MORTO\RD COMERCIO\HABITE-SE.pdf | motivo=PDF sem texto extraível; pode ser escaneado
08/09/2026 09:48:18 | WARNING | PDF não indexado | arquivo=F:\Documentos\Rafael\4 - ARQUIVO MORTO\RD COMERCIO\LICENÇA DE OPERAÇÃO.pdf | motivo=PDF sem texto extraível; pode ser escaneado
08/09/2026 09:48:32 | INFO | Indexação em andamento | 5100 de 27964 PDFs
08/09/2026 09:48:36 | WARNING | PDF não indexado | arquivo=F:\Documentos\Rafael\4 - ARQUIVO MORTO\ROSSIL\CONTRATO SOCIAL - 3º ALT.pdf | motivo=PDF sem texto extraível; pode ser escaneado
08/09/2026 09:48:38 | WARNING | PDF não indexado | arquivo=F:\Documentos\Rafael\4 - ARQUIVO MORTO\ROVARIS ARMAZÉM - PARÁ\LAUDO TÉCNICO.pdf | motivo=PDF sem texto extraível; pode ser escaneado
08/09/2026 09:48:40 | WARNING | PDF não indexado | arquivo=F:\Documentos\Rafael\4 - ARQUIVO MORTO\ROYAL AGRO\CONTRATO DE LOCAÇÃO - ADITIVO.pdf | motivo=PDF sem texto extraível; pode ser escaneado
08/09/2026 09:48:40 | WARNING | PDF não indexado | arquivo=F:\Documentos\Rafael\4 - ARQUIVO MORTO\ROYAL AGRO\CONTRATO DE LOCAÇÃO.PDF | motivo=PDF sem texto extraível; pode ser escaneado
08/09/2026 09:48:40 | WARNING | PDF não indexado | arquivo=F:\Documentos\Rafael\4 - ARQUIVO MORTO\ROYAL AGRO\CREDENCIAMENTO EXPORTAÇÃO - EMPRESA DE OUTRO ESTADO\FILIAL PARANAGUA\CADASTRO INSCRIÇÃO\Doc. 12 - PGTO - GUIA SEFAZ _ FILIAL PR.pdf | motivo=PDF sem texto extraível; pode ser escaneado
08/09/2026 09:48:40 | WARNING | PDF não indexado | arquivo=F:\Documentos\Rafael\4 - ARQUIVO MORTO\ROYAL AGRO\CREDENCIAMENTO EXPORTAÇÃO - EMPRESA DE OUTRO ESTADO\FILIAL PARANAGUA\CADASTRO INSCRIÇÃO\Doc. 2 - REQUERIMENTO - CCAD-SUIRP - FILIAL PR.pdf | motivo=PDF sem texto extraível; pode ser escaneado
08/09/2026 09:48:42 | WARNING | PDF não indexado | arquivo=F:\Documentos\Rafael\4 - ARQUIVO MORTO\ROYAL AGRO\CREDENCIAMENTO EXPORTAÇÃO - EMPRESA DE OUTRO ESTADO\FILIAL PARANAGUA\CADASTRO INSCRIÇÃO\Doc. 4 - FICHA CADASTRAL - FILIAL PR.pdf | motivo=PDF sem texto extraível; pode ser escaneado
08/09/2026 09:48:42 | WARNING | PDF não indexado | arquivo=F:\Documentos\Rafael\4 - ARQUIVO MORTO\ROYAL AGRO\CREDENCIAMENTO EXPORTAÇÃO - EMPRESA DE OUTRO ESTADO\FILIAL PARANAGUA\CADASTRO INSCRIÇÃO\Doc. 5 - PROCURAÇÃO IRACI.pdf | motivo=PDF sem texto extraível; pode ser escaneado
08/09/2026 09:48:42 | WARNING | PDF não indexado | arquivo=F:\Documentos\Rafael\4 - ARQUIVO MORTO\ROYAL AGRO\CREDENCIAMENTO EXPORTAÇÃO - EMPRESA DE OUTRO ESTADO\FILIAL PARANAGUA\CADASTRO INSCRIÇÃO\Doc. 6 - DOCUMENTOS IRACI.pdf | motivo=PDF sem texto extraível; pode ser escaneado
08/09/2026 09:48:44 | WARNING | PDF não indexado | arquivo=F:\Documentos\Rafael\4 - ARQUIVO MORTO\ROYAL AGRO\CREDENCIAMENTO EXPORTAÇÃO - EMPRESA DE OUTRO ESTADO\FILIAL PARANAGUA\CREDENCIAMENTO EXPORTAÇÃO\Doc. 1 - REQUERIMENTO - CREDENCIAMENTO EXPORTAÇÃO - PR.pdf | motivo=PDF sem texto extraível; pode ser escaneado
08/09/2026 09:48:44 | WARNING | PDF não indexado | arquivo=F:\Documentos\Rafael\4 - ARQUIVO MORTO\ROYAL AGRO\CREDENCIAMENTO EXPORTAÇÃO - EMPRESA DE OUTRO ESTADO\FILIAL PARANAGUA\CREDENCIAMENTO EXPORTAÇÃO\Doc. 10 - EXTRATO ICMS.pdf | motivo=PDF sem texto extraível; pode ser escaneado
08/09/2026 09:48:44 | WARNING | PDF não indexado | arquivo=F:\Documentos\Rafael\4 - ARQUIVO MORTO\ROYAL AGRO\CREDENCIAMENTO EXPORTAÇÃO - EMPRESA DE OUTRO ESTADO\FILIAL PARANAGUA\CREDENCIAMENTO EXPORTAÇÃO\Doc. 11 - PROCURAÇÃO IRACI.pdf | motivo=PDF sem texto extraível; pode ser escaneado
08/09/2026 09:48:44 | WARNING | PDF não indexado | arquivo=F:\Documentos\Rafael\4 - ARQUIVO MORTO\ROYAL AGRO\CREDENCIAMENTO EXPORTAÇÃO - EMPRESA DE OUTRO ESTADO\FILIAL PARANAGUA\CREDENCIAMENTO EXPORTAÇÃO\Doc. 12 - DOCUMENTOS IRACI.pdf | motivo=PDF sem texto extraível; pode ser escaneado
08/09/2026 09:48:46 | WARNING | PDF não indexado | arquivo=F:\Documentos\Rafael\4 - ARQUIVO MORTO\ROYAL AGRO\CREDENCIAMENTO EXPORTAÇÃO - EMPRESA DE OUTRO ESTADO\FILIAL PARANAGUA\CREDENCIAMENTO EXPORTAÇÃO\Doc. 5 - REQUERIMENTO - CREDENCIAMENTO INSCRIÇÃO - PR.pdf | motivo=PDF sem texto extraível; pode ser escaneado
08/09/2026 09:48:48 | WARNING | PDF não indexado | arquivo=F:\Documentos\Rafael\4 - ARQUIVO MORTO\ROYAL AGRO\CREDENCIAMENTO EXPORTAÇÃO - EMPRESA DE OUTRO ESTADO\FILIAL SAO PAULO\CADASTRO INSCRIÇÃO ESTADUAL\Doc. 12 - PGTO - GUIA SEFAZ _ FILIAL SP.pdf | motivo=PDF sem texto extraível; pode ser escaneado
08/09/2026 09:48:48 | WARNING | PDF não indexado | arquivo=F:\Documentos\Rafael\4 - ARQUIVO MORTO\ROYAL AGRO\CREDENCIAMENTO EXPORTAÇÃO - EMPRESA DE OUTRO ESTADO\FILIAL SAO PAULO\CADASTRO INSCRIÇÃO ESTADUAL\Doc. 2 - REQUERIMENTO CCAD - SUIRP - FILIAL SP.pdf | motivo=PDF sem texto extraível; pode ser escaneado
08/09/2026 09:48:49 | WARNING | PDF não indexado | arquivo=F:\Documentos\Rafael\4 - ARQUIVO MORTO\ROYAL AGRO\CREDENCIAMENTO EXPORTAÇÃO - EMPRESA DE OUTRO ESTADO\FILIAL SAO PAULO\CADASTRO INSCRIÇÃO ESTADUAL\Doc. 4 - FICHA CADASTRAL - FILIAL SP.pdf | motivo=PDF sem texto extraível; pode ser escaneado
08/09/2026 09:48:49 | WARNING | PDF não indexado | arquivo=F:\Documentos\Rafael\4 - ARQUIVO MORTO\ROYAL AGRO\CREDENCIAMENTO EXPORTAÇÃO - EMPRESA DE OUTRO ESTADO\FILIAL SAO PAULO\CADASTRO INSCRIÇÃO ESTADUAL\Doc. 5 - PROCURAÇÃO IRACI.pdf | motivo=PDF sem texto extraível; pode ser escaneado
08/09/2026 09:48:49 | WARNING | PDF não indexado | arquivo=F:\Documentos\Rafael\4 - ARQUIVO MORTO\ROYAL AGRO\CREDENCIAMENTO EXPORTAÇÃO - EMPRESA DE OUTRO ESTADO\FILIAL SAO PAULO\CADASTRO INSCRIÇÃO ESTADUAL\Doc. 6 - DOCUMENTOS IRACI.pdf | motivo=PDF sem texto extraível; pode ser escaneado
08/09/2026 09:48:51 | INFO | Indexação em andamento | 5200 de 27964 PDFs
08/09/2026 09:48:51 | WARNING | PDF não indexado | arquivo=F:\Documentos\Rafael\4 - ARQUIVO MORTO\ROYAL AGRO\CREDENCIAMENTO EXPORTAÇÃO - EMPRESA DE OUTRO ESTADO\FILIAL SAO PAULO\CREDENCIAMENTO EXPORTAÇÃO\Doc. 1 - REQUERIMENTO - CREDENCIAMENTO EXPORTAÇÃO - SP.pdf | motivo=PDF sem texto extraível; pode ser escaneado
08/09/2026 09:48:51 | WARNING | PDF não indexado | arquivo=F:\Documentos\Rafael\4 - ARQUIVO MORTO\ROYAL AGRO\CREDENCIAMENTO EXPORTAÇÃO - EMPRESA DE OUTRO ESTADO\FILIAL SAO PAULO\CREDENCIAMENTO EXPORTAÇÃO\Doc. 10 - EXTRATO ICMS.pdf | motivo=PDF sem texto extraível; pode ser escaneado
08/09/2026 09:48:52 | WARNING | PDF não indexado | arquivo=F:\Documentos\Rafael\4 - ARQUIVO MORTO\ROYAL AGRO\CREDENCIAMENTO EXPORTAÇÃO - EMPRESA DE OUTRO ESTADO\FILIAL SAO PAULO\CREDENCIAMENTO EXPORTAÇÃO\Doc. 11 - PROCURAÇÃO IRACI.pdf | motivo=PDF sem texto extraível; pode ser escaneado
08/09/2026 09:48:52 | WARNING | PDF não indexado | arquivo=F:\Documentos\Rafael\4 - ARQUIVO MORTO\ROYAL AGRO\CREDENCIAMENTO EXPORTAÇÃO - EMPRESA DE OUTRO ESTADO\FILIAL SAO PAULO\CREDENCIAMENTO EXPORTAÇÃO\Doc. 12 - DOCUMENTOS IRACI.pdf | motivo=PDF sem texto extraível; pode ser escaneado
08/09/2026 09:48:53 | WARNING | PDF não indexado | arquivo=F:\Documentos\Rafael\4 - ARQUIVO MORTO\ROYAL AGRO\CREDENCIAMENTO EXPORTAÇÃO - EMPRESA DE OUTRO ESTADO\FILIAL SAO PAULO\CREDENCIAMENTO EXPORTAÇÃO\Doc. 5 - REQUERIMENTO - CREDENCIAMENTO INSCRIÇÃO - SP.pdf | motivo=PDF sem texto extraível; pode ser escaneado
08/09/2026 09:48:53 | WARNING | PDF não indexado | arquivo=F:\Documentos\Rafael\4 - ARQUIVO MORTO\ROYAL AGRO\CREDENCIAMENTO EXPORTAÇÃO - EMPRESA DE OUTRO ESTADO\PROCURAÇÃO.pdf | motivo=PDF sem texto extraível; pode ser escaneado
08/09/2026 09:48:54 | WARNING | PDF não indexado | arquivo=F:\Documentos\Rafael\4 - ARQUIVO MORTO\ROYAL AGRO\CREDENCIMENTO EXPORTAÇÃO\Doc. 4 - REQUERIMENTO SEFAZ.pdf | motivo=PDF sem texto extraível; pode ser escaneado
08/09/2026 09:48:55 | WARNING | PDF não indexado | arquivo=F:\Documentos\Rafael\4 - ARQUIVO MORTO\ROYAL AGRO\DIFERIMENTO SEGUNDA OPERAÇÃO\Doc. 1 - TERMO DE OPÇÃO PARA REALIZAÇÃO DE OPERAÇÃO.pdf | motivo=PDF sem texto extraível; pode ser escaneado
08/09/2026 09:48:55 | WARNING | PDF não indexado | arquivo=F:\Documentos\Rafael\4 - ARQUIVO MORTO\ROYAL AGRO\DIFERIMENTO SEGUNDA OPERAÇÃO\Doc. 2 - SOLICITAÇÃO RETROAGIMENTO ICMS.pdf | motivo=PDF sem texto extraível; pode ser escaneado
08/09/2026 09:48:55 | WARNING | PDF não indexado | arquivo=F:\Documentos\Rafael\4 - ARQUIVO MORTO\ROYAL AGRO\DIFERIMENTO SEGUNDA OPERAÇÃO\Doc. 4 - LIVRO TERMO DE OCORRENCIAS.pdf | motivo=PDF sem texto extraível; pode ser escaneado
08/09/2026 09:48:55 | WARNING | PDF não indexado | arquivo=F:\Documentos\Rafael\4 - ARQUIVO MORTO\ROYAL AGRO\DIFERIMENTO SEGUNDA OPERAÇÃO\Livro de ocorrências Cuiabá.pdf | motivo=PDF sem texto extraível; pode ser escaneado
08/09/2026 09:48:56 | WARNING | PDF não indexado | arquivo=F:\Documentos\Rafael\4 - ARQUIVO MORTO\ROYAL AGRO\FALE COM O SECRETÁRIO - EXPORTAÇÃO E FETHAB\Doc. 10 - PROCURAÇÃO.pdf | motivo=PDF sem texto extraível; pode ser escaneado
08/09/2026 09:48:57 | WARNING | PDF não indexado | arquivo=F:\Documentos\Rafael\4 - ARQUIVO MORTO\ROYAL AGRO\FALE COM O SECRETÁRIO - EXPORTAÇÃO E FETHAB\Doc. 4 - REQUERIMENTO SEFAZ.pdf | motivo=PDF sem texto extraível; pode ser escaneado
08/09/2026 09:48:58 | WARNING | PDF não indexado | arquivo=F:\Documentos\Rafael\4 - ARQUIVO MORTO\ROYAL AGRO\FALE COM O SECRETÁRIO - EXPORTAÇÃO E FETHAB\Doc. 6 - TERMO FETHAB - MILHO.pdf | motivo=PDF sem texto extraível; pode ser escaneado
08/09/2026 09:48:58 | WARNING | PDF não indexado | arquivo=F:\Documentos\Rafael\4 - ARQUIVO MORTO\ROYAL AGRO\FALE COM O SECRETÁRIO - EXPORTAÇÃO E FETHAB\Doc. 7 - TERMO FETHAB - SOJA.pdf | motivo=PDF sem texto extraível; pode ser escaneado
08/09/2026 09:48:59 | WARNING | PDF não indexado | arquivo=F:\Documentos\Rafael\4 - ARQUIVO MORTO\ROYAL AGRO\FALE COM O SECRETÁRIO - RENOVAÇÃO EXPORTAÇÃO\Doc. 4 - Procuração.pdf | motivo=PDF sem texto extraível; pode ser escaneado
08/09/2026 09:49:04 | WARNING | PDF não indexado | arquivo=F:\Documentos\Rafael\4 - ARQUIVO MORTO\ROYAL AGRO\FALE COM O SECRETÁRIO - RENOVAÇÃO EXPORTAÇÃO\FALE COM SECRETARIO ROYAL - DEFERIDO\Doc. 10 - PROCURAÇÃO.pdf | motivo=PDF sem texto extraível; pode ser escaneado
08/09/2026 09:49:05 | WARNING | PDF não indexado | arquivo=F:\Documentos\Rafael\4 - ARQUIVO MORTO\ROYAL AGRO\FALE COM O SECRETÁRIO - RENOVAÇÃO EXPORTAÇÃO\FALE COM SECRETARIO ROYAL - DEFERIDO\Doc. 4 - REQUERIMENTO SEFAZ.pdf | motivo=PDF sem texto extraível; pode ser escaneado
08/09/2026 09:49:05 | WARNING | PDF não indexado | arquivo=F:\Documentos\Rafael\4 - ARQUIVO MORTO\ROYAL AGRO\FALE COM O SECRETÁRIO - RENOVAÇÃO EXPORTAÇÃO\FALE COM SECRETARIO ROYAL - DEFERIDO\Doc. 6 - TERMO FETHAB - MILHO.pdf | motivo=PDF sem texto extraível; pode ser escaneado
08/09/2026 09:49:05 | WARNING | PDF não indexado | arquivo=F:\Documentos\Rafael\4 - ARQUIVO MORTO\ROYAL AGRO\FALE COM O SECRETÁRIO - RENOVAÇÃO EXPORTAÇÃO\FALE COM SECRETARIO ROYAL - DEFERIDO\Doc. 7 - TERMO FETHAB - SOJA.pdf | motivo=PDF sem texto extraível; pode ser escaneado
08/09/2026 09:49:06 | WARNING | PDF não indexado | arquivo=F:\Documentos\Rafael\4 - ARQUIVO MORTO\ROYAL AGRO\INSCRIÇÃO ESTADUAL\CONTRATO SALA CUIABA.PDF | motivo=PDF sem texto extraível; pode ser escaneado
08/09/2026 09:49:06 | WARNING | PDF não indexado | arquivo=F:\Documentos\Rafael\4 - ARQUIVO MORTO\ROYAL AGRO\INSCRIÇÃO ESTADUAL\Pgto guia receitas estaduais.pdf | motivo=PDF sem texto extraível; pode ser escaneado
08/09/2026 09:49:06 | WARNING | PDF não indexado | arquivo=F:\Documentos\Rafael\4 - ARQUIVO MORTO\ROYAL AGRO\INSCRIÇÃO ESTADUAL\Solicitação de Cadastro de IE.pdf | motivo=PDF sem texto extraível; pode ser escaneado
08/09/2026 09:49:07 | WARNING | PDF não indexado | arquivo=F:\Documentos\Rafael\4 - ARQUIVO MORTO\ROYAL AGRO\INSCRIÇÃO ESTADUAL\Termo de Opção pelo Diferimento.pdf | motivo=PDF sem texto extraível; pode ser escaneado
08/09/2026 09:49:07 | WARNING | PDF não indexado | arquivo=F:\Documentos\Rafael\4 - ARQUIVO MORTO\ROYAL AGRO\OPÇÃO RECOLHIMENTO FETHAB\Doc. 1 - TERMO FETHAB - MILHO.pdf | motivo=PDF sem texto extraível; pode ser escaneado
08/09/2026 09:49:07 | WARNING | PDF não indexado | arquivo=F:\Documentos\Rafael\4 - ARQUIVO MORTO\ROYAL AGRO\OPÇÃO RECOLHIMENTO FETHAB\Doc. 2 - TERMO FETHAB - SOJA.pdf | motivo=PDF sem texto extraível; pode ser escaneado
08/09/2026 09:49:07 | INFO | Indexação em andamento | 5300 de 27964 PDFs
08/09/2026 09:49:07 | WARNING | PDF não indexado | arquivo=F:\Documentos\Rafael\4 - ARQUIVO MORTO\ROYAL AGRO\PROCURAÇÃO.pdf | motivo=PDF sem texto extraível; pode ser escaneado
08/09/2026 09:49:09 | WARNING | PDF não indexado | arquivo=F:\Documentos\Rafael\4 - ARQUIVO MORTO\SAFRAS AGROINDUSTRIAL\DOCUMENTOS LUCIANE.pdf | motivo=PDF sem texto extraível; pode ser escaneado
08/09/2026 09:49:09 | WARNING | PDF não indexado | arquivo=F:\Documentos\Rafael\4 - ARQUIVO MORTO\SAFRAS AGROINDUSTRIAL\INSCRIÇÃO ESTADUAL\ALVARÁ - SAFRAS AGROINDUSTRIAL.pdf | motivo=PDF sem texto extraível; pode ser escaneado
08/09/2026 09:49:09 | WARNING | PDF não indexado | arquivo=F:\Documentos\Rafael\4 - ARQUIVO MORTO\SAFRAS AGROINDUSTRIAL\INSCRIÇÃO ESTADUAL\CONTRATO DE LOCAÇÃO.pdf | motivo=PDF sem texto extraível; pode ser escaneado
08/09/2026 09:49:10 | WARNING | PDF não indexado | arquivo=F:\Documentos\Rafael\4 - ARQUIVO MORTO\SAFRAS AGROINDUSTRIAL\INSCRIÇÃO ESTADUAL\DOCUMENTOS LUIZ EDUARDO.pdf | motivo=PDF sem texto extraível; pode ser escaneado
08/09/2026 09:49:10 | WARNING | PDF não indexado | arquivo=F:\Documentos\Rafael\4 - ARQUIVO MORTO\SAFRAS AGROINDUSTRIAL\INSCRIÇÃO ESTADUAL\DOCUMENTOS PEDRO.pdf | motivo=PDF sem texto extraível; pode ser escaneado
08/09/2026 09:49:11 | WARNING | PDF não indexado | arquivo=F:\Documentos\Rafael\4 - ARQUIVO MORTO\SAFRAS AGROINDUSTRIAL\INSCRIÇÃO ESTADUAL\MATRÍCULA.pdf | motivo=PDF sem texto extraível; pode ser escaneado
08/09/2026 09:49:15 | INFO | Indexação em andamento | 5400 de 27964 PDFs
08/09/2026 09:49:37 | WARNING | PDF não indexado | arquivo=F:\Documentos\Rafael\4 - ARQUIVO MORTO\SAFRAS ARMAZÉNS GERAIS LTDA\CONTRATO SOCIAL - 4ª ALT.pdf | motivo=PDF sem texto extraível; pode ser escaneado
08/09/2026 09:49:37 | WARNING | PDF não indexado | arquivo=F:\Documentos\Rafael\4 - ARQUIVO MORTO\SAFRAS ARMAZÉNS GERAIS LTDA\CONTRATO SOCIAL - 5ª ALT.pdf | motivo=PDF sem texto extraível; pode ser escaneado
08/09/2026 09:49:40 | INFO | Indexação em andamento | 5500 de 27964 PDFs
08/09/2026 09:49:41 | WARNING | PDF não indexado | arquivo=F:\Documentos\Rafael\4 - ARQUIVO MORTO\SAFRAS ARMAZÉNS GERAIS LTDA\DOCUMENTOS SÓCIOS\CERTIDÃO DE CASAMENTO - DILCEU.pdf | motivo=PDF sem texto extraível; pode ser escaneado
08/09/2026 09:49:41 | WARNING | PDF não indexado | arquivo=F:\Documentos\Rafael\4 - ARQUIVO MORTO\SAFRAS ARMAZÉNS GERAIS LTDA\DOCUMENTOS SÓCIOS\CERTIDÃO DE CASAMENTO - PEDRO.pdf | motivo=PDF sem texto extraível; pode ser escaneado
08/09/2026 09:49:42 | WARNING | PDF não indexado | arquivo=F:\Documentos\Rafael\4 - ARQUIVO MORTO\SAFRAS ARMAZÉNS GERAIS LTDA\DOCUMENTOS SÓCIOS\DOCUMENTOS CATIA.pdf | motivo=PDF sem texto extraível; pode ser escaneado
08/09/2026 09:49:42 | WARNING | PDF não indexado | arquivo=F:\Documentos\Rafael\4 - ARQUIVO MORTO\SAFRAS ARMAZÉNS GERAIS LTDA\DOCUMENTOS SÓCIOS\DOCUMENTOS DILCEU.pdf | motivo=PDF sem texto extraível; pode ser escaneado
08/09/2026 09:49:42 | WARNING | PDF não indexado | arquivo=F:\Documentos\Rafael\4 - ARQUIVO MORTO\SAFRAS ARMAZÉNS GERAIS LTDA\DOCUMENTOS SÓCIOS\DOCUMENTOS PEDRO.pdf | motivo=PDF sem texto extraível; pode ser escaneado
08/09/2026 09:49:42 | WARNING | PDF não indexado | arquivo=F:\Documentos\Rafael\4 - ARQUIVO MORTO\SAFRAS ARMAZÉNS GERAIS LTDA\DOCUMENTOS SÓCIOS\DOCUMENTOS RENAN - CERTIDÃO DE CASAMENTO.pdf | motivo=PDF sem texto extraível; pode ser escaneado
08/09/2026 09:49:42 | WARNING | PDF não indexado | arquivo=F:\Documentos\Rafael\4 - ARQUIVO MORTO\SAFRAS ARMAZÉNS GERAIS LTDA\DOCUMENTOS SÓCIOS\DOCUMENTOS STELLA.pdf | motivo=PDF sem texto extraível; pode ser escaneado
08/09/2026 09:49:42 | WARNING | PDF não indexado | arquivo=F:\Documentos\Rafael\4 - ARQUIVO MORTO\SAFRAS ARMAZÉNS GERAIS LTDA\FIEL DEPOSITÁRIO\CERTIDÕES.pdf | motivo=PDF sem texto extraível; pode ser escaneado
08/09/2026 09:49:45 | WARNING | PDF não indexado | arquivo=F:\Documentos\Rafael\4 - ARQUIVO MORTO\SAFRAS ARMAZÉNS GERAIS LTDA\FIEL DEPOSITÁRIO\Filial 1 - Sorriso (Boa Esperança) - 11.644.786-0002-87 ___ OK\1 - NOMEAÇÃO FIEL DEPOSITARIO - RENAN    (20-02-2020)\REGULAMENTO\LAUDO DE VISTORIA.pdf | motivo=PDF sem texto extraível; pode ser escaneado
08/09/2026 09:50:09 | WARNING | PDF não indexado | arquivo=F:\Documentos\Rafael\4 - ARQUIVO MORTO\SAFRAS ARMAZÉNS GERAIS LTDA\FIEL DEPOSITÁRIO\Filial 10 - Novo Mundo                 - 11.644.786-0011-78 ___ OK\1 - NOMEAÇÃO FIEL DEPOSITARIO - RENAN   (03-08-2021)\MEMORIAL DESCRITIVO - SAFRAS NOVO MUNDO.pdf | motivo=PDF sem texto extraível; pode ser escaneado
08/09/2026 09:50:10 | WARNING | PDF não indexado | arquivo=F:\Documentos\Rafael\4 - ARQUIVO MORTO\SAFRAS ARMAZÉNS GERAIS LTDA\FIEL DEPOSITÁRIO\Filial 10 - Novo Mundo                 - 11.644.786-0011-78 ___ OK\1 - NOMEAÇÃO FIEL DEPOSITARIO - RENAN   (03-08-2021)\REGULAMENTO INTERNO\LAUDO DE VISTORIA.pdf | motivo=PDF sem texto extraível; pode ser escaneado
08/09/2026 09:50:10 | INFO | Indexação em andamento | 5600 de 27964 PDFs
08/09/2026 09:50:28 | WARNING | PDF não indexado | arquivo=F:\Documentos\Rafael\4 - ARQUIVO MORTO\SAFRAS ARMAZÉNS GERAIS LTDA\FIEL DEPOSITÁRIO\Filial 11 - Porto dos Gauchos        - 11.644.786-0012-59 ___ OK\1 - NOMEAÇÃO FIEL DEPOSITARIO - RENAN  (29-03-2021)\REGULAMENTO INTERNO\LAUDO DE VISTORIA.pdf | motivo=PDF sem texto extraível; pode ser escaneado
08/09/2026 09:50:47 | INFO | Indexação em andamento | 5700 de 27964 PDFs
08/09/2026 09:50:48 | WARNING | PDF não indexado | arquivo=F:\Documentos\Rafael\4 - ARQUIVO MORTO\SAFRAS ARMAZÉNS GERAIS LTDA\FIEL DEPOSITÁRIO\Filial 13 - Claudia                          - 11.644.786-0014-10____OK\1 - NOMEAÇÃO FIEL DEPOSITARIO - RENAN  (19-07-2021)\REGULAMENTO INTERNO\LAUDO DE VISTORIApdfa.pdf | motivo=PDF sem texto extraível; pode ser escaneado
08/09/2026 09:51:06 | WARNING | PDF não indexado | arquivo=F:\Documentos\Rafael\4 - ARQUIVO MORTO\SAFRAS ARMAZÉNS GERAIS LTDA\FIEL DEPOSITÁRIO\Filial 15 - Sorriso Binotti               - 11.644.786-0016-82 ___ OK\1 - NOMEAÇÃO FIEL DEPOSITRIO - RENAN  (31-05-2023)\PUBLICAÇÃO\ORÇAMENTO.pdf | motivo=PDF sem texto extraível; pode ser escaneado
08/09/2026 09:51:29 | INFO | Indexação em andamento | 5800 de 27964 PDFs
08/09/2026 09:51:30 | WARNING | PDF não indexado | arquivo=F:\Documentos\Rafael\4 - ARQUIVO MORTO\SAFRAS ARMAZÉNS GERAIS LTDA\FIEL DEPOSITÁRIO\Filial 16 - Sorriso (Morocó)          - 11.644.786-0017-63____ OK\1 - FIEL DEPOSITARIO - 05-01-2023\1 - PUBLICAÇÃO\JORNAL CUIABÁ\PUBLICACAO  DIARIO DE CUIABA.pdf | motivo=PDF sem texto extraível; pode ser escaneado
08/09/2026 09:51:31 | WARNING | PDF não indexado | arquivo=F:\Documentos\Rafael\4 - ARQUIVO MORTO\SAFRAS ARMAZÉNS GERAIS LTDA\FIEL DEPOSITÁRIO\Filial 16 - Sorriso (Morocó)          - 11.644.786-0017-63____ OK\1 - FIEL DEPOSITARIO - 05-01-2023\NOMEAÇÃO FIEL DEPOSITARIO\CERTDAO NEGATIVA    RENAN.pdf | motivo=PDF sem texto extraível; pode ser escaneado
08/09/2026 09:51:31 | WARNING | PDF não indexado | arquivo=F:\Documentos\Rafael\4 - ARQUIVO MORTO\SAFRAS ARMAZÉNS GERAIS LTDA\FIEL DEPOSITÁRIO\Filial 16 - Sorriso (Morocó)          - 11.644.786-0017-63____ OK\1 - FIEL DEPOSITARIO - 05-01-2023\PROCESSO - PUBLICAÇÃO DIARIO CUIABÁ.pdf | motivo=PDF sem texto extraível; pode ser escaneado
08/09/2026 09:51:34 | WARNING | PDF não indexado | arquivo=F:\Documentos\Rafael\4 - ARQUIVO MORTO\SAFRAS ARMAZÉNS GERAIS LTDA\FIEL DEPOSITÁRIO\Filial 16 - Sorriso (Morocó)          - 11.644.786-0017-63____ OK\1 - FIEL DEPOSITARIO - 05-01-2023\REGULAMENTO INTERNO\LAUDO VISTORIA.pdf | motivo=PDF sem texto extraível; pode ser escaneado
08/09/2026 09:51:55 | WARNING | PDF não indexado | arquivo=F:\Documentos\Rafael\4 - ARQUIVO MORTO\SAFRAS ARMAZÉNS GERAIS LTDA\FIEL DEPOSITÁRIO\Filial 16 - Sorriso (Morocó)          - 11.644.786-0017-63____ OK\2 - REGULAMENTO INTERNO E TABELA DE TARIFA - 05-2024\PUBLICAÇÃO JORNAIS\3 - COMPROVANTE PAGAMENTO REG. E TAB. TARIFA.pdf | motivo=PDF sem texto extraível; pode ser escaneado
08/09/2026 09:52:29 | INFO | Indexação em andamento | 5900 de 27964 PDFs
08/09/2026 09:52:42 | WARNING | PDF não indexado | arquivo=F:\Documentos\Rafael\4 - ARQUIVO MORTO\SAFRAS ARMAZÉNS GERAIS LTDA\FIEL DEPOSITÁRIO\Filial 18 - Nova Maringa               - 11.644.786-0019-25_____OK\PUBLICAÇÃO\3 - COMPROVANTE PAGAMENTO.pdf | motivo=PDF sem texto extraível; pode ser escaneado
08/09/2026 09:52:51 | WARNING | PDF não indexado | arquivo=F:\Documentos\Rafael\4 - ARQUIVO MORTO\SAFRAS ARMAZÉNS GERAIS LTDA\FIEL DEPOSITÁRIO\Filial 4 - Trivelato                          - 11.644.786-0005-20 ___ OK\1 - NOMEAÇÃO FIEL DEPOSITARIO - RENAN   (10-10-2019)\NOMEAÇÃO\CERTIDAO COMARCA___RENAN.pdf | motivo=PDF sem texto extraível; pode ser escaneado
08/09/2026 09:52:57 | WARNING | PDF não indexado | arquivo=F:\Documentos\Rafael\4 - ARQUIVO MORTO\SAFRAS ARMAZÉNS GERAIS LTDA\FIEL DEPOSITÁRIO\Filial 4 - Trivelato                          - 11.644.786-0005-20 ___ OK\1 - NOMEAÇÃO FIEL DEPOSITARIO - RENAN   (10-10-2019)\REGULAMENTO\LAUDO DE VISTORIA.pdf | motivo=PDF sem texto extraível; pode ser escaneado
08/09/2026 09:53:01 | INFO | Indexação em andamento | 6000 de 27964 PDFs
08/09/2026 09:53:17 | WARNING | PDF não indexado | arquivo=F:\Documentos\Rafael\4 - ARQUIVO MORTO\SAFRAS ARMAZÉNS GERAIS LTDA\FIEL DEPOSITÁRIO\Filial 5 - Feliz Natal II                    - 11.644.786-0006-00 ___ OK\1 - NOMEAÇÃO FIEL DEPOSITARIO - RENAN  (12-03-2021)\REGULAMENTO INTERNO\LAUDO DE VISTORIA.pdf | motivo=PDF sem texto extraível; pode ser escaneado
08/09/2026 09:53:37 | WARNING | PDF não indexado | arquivo=F:\Documentos\Rafael\4 - ARQUIVO MORTO\SAFRAS ARMAZÉNS GERAIS LTDA\FIEL DEPOSITÁRIO\Filial 7 - Sorriso (Barreiro)            - 11.644.786-0008-72 ___ OK\1 - NOMEAÇÃO FIEL DEPOSITARIO - RENAN 11-09-2020\REGULAMENTO INTERNO\LAUDO DE VISTORIA.pdf | motivo=PDF sem texto extraível; pode ser escaneado
08/09/2026 09:53:37 | INFO | Indexação em andamento | 6100 de 27964 PDFs
08/09/2026 09:54:16 | WARNING | PDF não indexado | arquivo=F:\Documentos\Rafael\4 - ARQUIVO MORTO\SAFRAS ARMAZÉNS GERAIS LTDA\FIEL DEPOSITÁRIO\Filial 7 - Sorriso (Barreiro)            - 11.644.786-0008-72 ___ OK\ORÇAMENTO NOMEAÇÃO E CANCELAMENTO\COMPROVANTE PAGAMENTO - ORÇAMENTO 1.pdf | motivo=PDF sem texto extraível; pode ser escaneado
08/09/2026 09:54:17 | WARNING | PDF não indexado | arquivo=F:\Documentos\Rafael\4 - ARQUIVO MORTO\SAFRAS ARMAZÉNS GERAIS LTDA\FIEL DEPOSITÁRIO\Filial 8 - Pacoval                            - 11.644.786-0009-53 ___ OK\1 - NOMEAÇÃO FIEL DEPOSITARIO - RENAN  (04-05-2020)\REGULAMENTO INTERNO\LAUDO DE VISTORIA.pdf | motivo=PDF sem texto extraível; pode ser escaneado
08/09/2026 09:54:36 | WARNING | PDF não indexado | arquivo=F:\Documentos\Rafael\4 - ARQUIVO MORTO\SAFRAS ARMAZÉNS GERAIS LTDA\FIEL DEPOSITÁRIO\Filial 9 - Nova Maringa                 - 11.644.786-0010-97___ OK\DOCUMENTOS REDESIM\12 - ANEXO VII   DOCUMENTOS DO FIEL DEPOSITARIO.pdf | motivo=PDF sem texto extraível; pode ser escaneado
08/09/2026 09:54:36 | INFO | Indexação em andamento | 6200 de 27964 PDFs
08/09/2026 09:54:36 | WARNING | PDF não indexado | arquivo=F:\Documentos\Rafael\4 - ARQUIVO MORTO\SAFRAS ARMAZÉNS GERAIS LTDA\FIEL DEPOSITÁRIO\Filial 9 - Nova Maringa                 - 11.644.786-0010-97___ OK\DOCUMENTOS REDESIM\6 - ANEXO II   LAUDO TECNICO DE VISTORIA.pdf | motivo=PDF sem texto extraível; pode ser escaneado
08/09/2026 09:54:37 | WARNING | PDF não indexado | arquivo=F:\Documentos\Rafael\4 - ARQUIVO MORTO\SAFRAS ARMAZÉNS GERAIS LTDA\FIEL DEPOSITÁRIO\Filial 9 - Nova Maringa                 - 11.644.786-0010-97___ OK\DOCUMENTOS REDESIM\7 - ANEXO II   LAUDO TECNICO DE VISTORIApdfa.pdf | motivo=PDF sem texto extraível; pode ser escaneado
08/09/2026 09:54:39 | WARNING | PDF não indexado | arquivo=F:\Documentos\Rafael\4 - ARQUIVO MORTO\SAFRAS ARMAZÉNS GERAIS LTDA\FIEL DEPOSITÁRIO\Filial 9 - Nova Maringa                 - 11.644.786-0010-97___ OK\PUBLICAÇÃO\3 - COMPROVANTE PAGAMENTO FILIAL 09 E 16.pdf | motivo=PDF sem texto extraível; pode ser escaneado
08/09/2026 09:55:12 | WARNING | PDF não indexado | arquivo=F:\Documentos\Rafael\4 - ARQUIVO MORTO\SAFRAS ARMAZÉNS GERAIS LTDA\FIEL DEPOSITÁRIO\MATRIZ - Sorriso                           - 11.644.7860001-04 ____ OK\FIEL DEPOSITARIO\MEMORIAL DESCRITIVO.pdf | motivo=PDF sem texto extraível; pode ser escaneado
08/09/2026 09:55:12 | WARNING | PDF não indexado | arquivo=F:\Documentos\Rafael\4 - ARQUIVO MORTO\SAFRAS ARMAZÉNS GERAIS LTDA\FIEL DEPOSITÁRIO\MATRIZ - Sorriso                           - 11.644.7860001-04 ____ OK\FIEL DEPOSITARIO\TABELA DE TARIFAS.pdf | motivo=PDF sem texto extraível; pode ser escaneado
08/09/2026 09:55:25 | WARNING | PDF não indexado | arquivo=F:\Documentos\Rafael\4 - ARQUIVO MORTO\SAFRAS ARMAZÉNS GERAIS LTDA\FILIAL 01 - BOA ESPERANÇA\MAT. 58637.pdf | motivo=PDF sem texto extraível; pode ser escaneado
08/09/2026 09:55:28 | WARNING | PDF não indexado | arquivo=F:\Documentos\Rafael\4 - ARQUIVO MORTO\SAFRAS ARMAZÉNS GERAIS LTDA\FILIAL 01 - BOA ESPERANÇA\SAFRAS FUNRURAL - FILIAL 01\LIMINARES\Decisao Calebe Francesco Francio 00013352220154013603.pdf | motivo=PDF sem texto extraível; pode ser escaneado
08/09/2026 09:55:28 | WARNING | PDF não indexado | arquivo=F:\Documentos\Rafael\4 - ARQUIVO MORTO\SAFRAS ARMAZÉNS GERAIS LTDA\FILIAL 01 - BOA ESPERANÇA\SAFRAS FUNRURAL - FILIAL 01\LIMINARES\Decisao Carlos Ervino Muller 00020460320104013603.pdf | motivo=PDF sem texto extraível; pode ser escaneado
08/09/2026 09:55:28 | WARNING | PDF não indexado | arquivo=F:\Documentos\Rafael\4 - ARQUIVO MORTO\SAFRAS ARMAZÉNS GERAIS LTDA\FILIAL 01 - BOA ESPERANÇA\SAFRAS FUNRURAL - FILIAL 01\LIMINARES\Decisao Clomir Bedin 00043778420124013603.pdf | motivo=PDF sem texto extraível; pode ser escaneado
08/09/2026 09:55:28 | WARNING | PDF não indexado | arquivo=F:\Documentos\Rafael\4 - ARQUIVO MORTO\SAFRAS ARMAZÉNS GERAIS LTDA\FILIAL 01 - BOA ESPERANÇA\SAFRAS FUNRURAL - FILIAL 01\LIMINARES\Decisao Clomir Bedinn 00043778420124013603.pdf | motivo=PDF sem texto extraível; pode ser escaneado
08/09/2026 09:55:28 | WARNING | PDF não indexado | arquivo=F:\Documentos\Rafael\4 - ARQUIVO MORTO\SAFRAS ARMAZÉNS GERAIS LTDA\FILIAL 01 - BOA ESPERANÇA\SAFRAS FUNRURAL - FILIAL 01\LIMINARES\Decisao Cristian Marques Dalben 00005928020134013603.pdf | motivo=PDF sem texto extraível; pode ser escaneado
08/09/2026 09:55:29 | WARNING | PDF não indexado | arquivo=F:\Documentos\Rafael\4 - ARQUIVO MORTO\SAFRAS ARMAZÉNS GERAIS LTDA\FILIAL 01 - BOA ESPERANÇA\SAFRAS FUNRURAL - FILIAL 01\LIMINARES\Decisao Genoino Spenassatto 00054834720134013603.pdf | motivo=PDF sem texto extraível; pode ser escaneado
08/09/2026 09:55:29 | WARNING | PDF não indexado | arquivo=F:\Documentos\Rafael\4 - ARQUIVO MORTO\SAFRAS ARMAZÉNS GERAIS LTDA\FILIAL 01 - BOA ESPERANÇA\SAFRAS FUNRURAL - FILIAL 01\LIMINARES\Decisao Itacir Bonfante 00026107420134013603.pdf | motivo=PDF sem texto extraível; pode ser escaneado
08/09/2026 09:55:29 | WARNING | PDF não indexado | arquivo=F:\Documentos\Rafael\4 - ARQUIVO MORTO\SAFRAS ARMAZÉNS GERAIS LTDA\FILIAL 01 - BOA ESPERANÇA\SAFRAS FUNRURAL - FILIAL 01\LIMINARES\Decisao Jose Aurelio Zilli 00010745720154013603.pdf | motivo=PDF sem texto extraível; pode ser escaneado
08/09/2026 09:55:29 | WARNING | PDF não indexado | arquivo=F:\Documentos\Rafael\4 - ARQUIVO MORTO\SAFRAS ARMAZÉNS GERAIS LTDA\FILIAL 01 - BOA ESPERANÇA\SAFRAS FUNRURAL - FILIAL 01\LIMINARES\Decisao Leandro Pase 00031537220164013603.pdf | motivo=PDF sem texto extraível; pode ser escaneado
08/09/2026 09:55:30 | WARNING | PDF não indexado | arquivo=F:\Documentos\Rafael\4 - ARQUIVO MORTO\SAFRAS ARMAZÉNS GERAIS LTDA\FILIAL 01 - BOA ESPERANÇA\SAFRAS FUNRURAL - FILIAL 01\LIMINARES\Decisao Luis Basso 00016407420134013603.pdf | motivo=PDF sem texto extraível; pode ser escaneado
08/09/2026 09:55:30 | WARNING | PDF não indexado | arquivo=F:\Documentos\Rafael\4 - ARQUIVO MORTO\SAFRAS ARMAZÉNS GERAIS LTDA\FILIAL 01 - BOA ESPERANÇA\SAFRAS FUNRURAL - FILIAL 01\LIMINARES\Decisao Luiz Bassoo 00016407420134013603.pdf | motivo=PDF sem texto extraível; pode ser escaneado
08/09/2026 09:55:31 | WARNING | PDF não indexado | arquivo=F:\Documentos\Rafael\4 - ARQUIVO MORTO\SAFRAS ARMAZÉNS GERAIS LTDA\FILIAL 01 - BOA ESPERANÇA\SAFRAS FUNRURAL - FILIAL 01\LIMINARES\Decisao Moacir Belle 00009839820144013603.pdf | motivo=PDF sem texto extraível; pode ser escaneado
08/09/2026 09:55:31 | WARNING | PDF não indexado | arquivo=F:\Documentos\Rafael\4 - ARQUIVO MORTO\SAFRAS ARMAZÉNS GERAIS LTDA\FILIAL 01 - BOA ESPERANÇA\SAFRAS FUNRURAL - FILIAL 01\LIMINARES\Decisao Moacir Belle e Outro 00009839820144013603.pdf | motivo=PDF sem texto extraível; pode ser escaneado
08/09/2026 09:55:32 | WARNING | PDF não indexado | arquivo=F:\Documentos\Rafael\4 - ARQUIVO MORTO\SAFRAS ARMAZÉNS GERAIS LTDA\FILIAL 01 - BOA ESPERANÇA\SAFRAS FUNRURAL - FILIAL 01\LIMINARES\Decisao Nicole S B Giacobbo 00021715820164013603.pdf | motivo=PDF sem texto extraível; pode ser escaneado
08/09/2026 09:55:35 | WARNING | PDF não indexado | arquivo=F:\Documentos\Rafael\4 - ARQUIVO MORTO\SAFRAS ARMAZÉNS GERAIS LTDA\FILIAL 01 - BOA ESPERANÇA\SAFRAS FUNRURAL - FILIAL 01\LIMINARES\Decisao Valmor Alexandre Cechin 52049520124013603.pdf | motivo=PDF sem texto extraível; pode ser escaneado
08/09/2026 09:55:35 | WARNING | PDF não indexado | arquivo=F:\Documentos\Rafael\4 - ARQUIVO MORTO\SAFRAS ARMAZÉNS GERAIS LTDA\FILIAL 01 - BOA ESPERANÇA\SAFRAS FUNRURAL - FILIAL 01\LIMINARES\Decisao Volmir Tomassoni 00032795920154013603.pdf | motivo=PDF sem texto extraível; pode ser escaneado
08/09/2026 09:55:35 | INFO | Indexação em andamento | 6300 de 27964 PDFs
08/09/2026 09:55:35 | WARNING | PDF não indexado | arquivo=F:\Documentos\Rafael\4 - ARQUIVO MORTO\SAFRAS ARMAZÉNS GERAIS LTDA\FILIAL 01 - BOA ESPERANÇA\SAFRAS FUNRURAL - FILIAL 01\LIMINARES\Decisao Yara Garms Cavlak 00025053420124013603.pdf | motivo=PDF sem texto extraível; pode ser escaneado
08/09/2026 09:55:36 | WARNING | PDF não indexado | arquivo=F:\Documentos\Rafael\4 - ARQUIVO MORTO\SAFRAS ARMAZÉNS GERAIS LTDA\FILIAL 01 - BOA ESPERANÇA\TAC - FILIAL 01.pdf | motivo=PDF sem texto extraível; pode ser escaneado
08/09/2026 09:55:37 | WARNING | PDF não indexado | arquivo=F:\Documentos\Rafael\4 - ARQUIVO MORTO\SAFRAS ARMAZÉNS GERAIS LTDA\FILIAL 02 - PERUZI\CTR ARRENDAMENTO - PERUZI.pdf | motivo=PDF sem texto extraível; pode ser escaneado
08/09/2026 09:55:37 | WARNING | PDF não indexado | arquivo=F:\Documentos\Rafael\4 - ARQUIVO MORTO\SAFRAS ARMAZÉNS GERAIS LTDA\FILIAL 02 - PERUZI\PROTOCOLO BOMBEIROS.pdf | motivo=PDF sem texto extraível; pode ser escaneado
08/09/2026 09:55:37 | WARNING | PDF não indexado | arquivo=F:\Documentos\Rafael\4 - ARQUIVO MORTO\SAFRAS ARMAZÉNS GERAIS LTDA\FILIAL 02 - PERUZI\PROTOCOLO LO - FILIAL 02.pdf | motivo=PDF sem texto extraível; pode ser escaneado
08/09/2026 09:55:38 | WARNING | PDF não indexado | arquivo=F:\Documentos\Rafael\4 - ARQUIVO MORTO\SAFRAS ARMAZÉNS GERAIS LTDA\FILIAL 02 - PERUZI\TAC - FILIAL 02.pdf | motivo=PDF sem texto extraível; pode ser escaneado
08/09/2026 09:55:38 | WARNING | PDF não indexado | arquivo=F:\Documentos\Rafael\4 - ARQUIVO MORTO\SAFRAS ARMAZÉNS GERAIS LTDA\FILIAL 03 - FELIZ NATAL\CONTRATO DE LOCAÇÃO - FILIAL 03.pdf | motivo=PDF sem texto extraível; pode ser escaneado
08/09/2026 09:55:38 | WARNING | PDF não indexado | arquivo=F:\Documentos\Rafael\4 - ARQUIVO MORTO\SAFRAS ARMAZÉNS GERAIS LTDA\FILIAL 03 - FELIZ NATAL\FOTOS ARMAZÉM.pdf | motivo=PDF sem texto extraível; pode ser escaneado
08/09/2026 09:55:39 | WARNING | PDF não indexado | arquivo=F:\Documentos\Rafael\4 - ARQUIVO MORTO\SAFRAS ARMAZÉNS GERAIS LTDA\FILIAL 03 - FELIZ NATAL\LO - FELIZ NATAL.pdf | motivo=PDF sem texto extraível; pode ser escaneado
08/09/2026 09:55:39 | WARNING | PDF não indexado | arquivo=F:\Documentos\Rafael\4 - ARQUIVO MORTO\SAFRAS ARMAZÉNS GERAIS LTDA\FILIAL 03 - FELIZ NATAL\MATRICULA.pdf | motivo=PDF sem texto extraível; pode ser escaneado
08/09/2026 09:55:39 | WARNING | PDF não indexado | arquivo=F:\Documentos\Rafael\4 - ARQUIVO MORTO\SAFRAS ARMAZÉNS GERAIS LTDA\FILIAL 04 - TRIVELATO\ALVARÁ 2018.pdf | motivo=PDF sem texto extraível; pode ser escaneado
08/09/2026 09:55:39 | WARNING | PDF não indexado | arquivo=F:\Documentos\Rafael\4 - ARQUIVO MORTO\SAFRAS ARMAZÉNS GERAIS LTDA\FILIAL 04 - TRIVELATO\CONTRATO DE LOCAÇÃO - FILIAL 04.pdf | motivo=PDF sem texto extraível; pode ser escaneado
08/09/2026 09:55:40 | WARNING | PDF não indexado | arquivo=F:\Documentos\Rafael\4 - ARQUIVO MORTO\SAFRAS ARMAZÉNS GERAIS LTDA\FILIAL 04 - TRIVELATO\FOTOS ARMAZÉM.pdf | motivo=PDF sem texto extraível; pode ser escaneado
08/09/2026 09:55:40 | WARNING | PDF não indexado | arquivo=F:\Documentos\Rafael\4 - ARQUIVO MORTO\SAFRAS ARMAZÉNS GERAIS LTDA\FILIAL 04 - TRIVELATO\MATRICULA.pdf | motivo=PDF sem texto extraível; pode ser escaneado
08/09/2026 09:55:40 | WARNING | PDF não indexado | arquivo=F:\Documentos\Rafael\4 - ARQUIVO MORTO\SAFRAS ARMAZÉNS GERAIS LTDA\FILIAL 05 - FELIZ NATAL\CERTIFICADO DE VERIFICAÇÃO DE BALANÇA.pdf | motivo=PDF sem texto extraível; pode ser escaneado
08/09/2026 09:55:41 | WARNING | PDF não indexado | arquivo=F:\Documentos\Rafael\4 - ARQUIVO MORTO\SAFRAS ARMAZÉNS GERAIS LTDA\FILIAL 05 - FELIZ NATAL\CONTRAT COMPRA E VENDA - FILIAL 05.pdf | motivo=PDF sem texto extraível; pode ser escaneado
08/09/2026 09:55:42 | WARNING | PDF não indexado | arquivo=F:\Documentos\Rafael\4 - ARQUIVO MORTO\SAFRAS ARMAZÉNS GERAIS LTDA\FILIAL 05 - FELIZ NATAL\FOTOS.pdf | motivo=PDF sem texto extraível; pode ser escaneado
08/09/2026 09:55:42 | WARNING | PDF não indexado | arquivo=F:\Documentos\Rafael\4 - ARQUIVO MORTO\SAFRAS ARMAZÉNS GERAIS LTDA\FILIAL 05 - FELIZ NATAL\LO - FELIZ NATAL 02.pdf | motivo=PDF sem texto extraível; pode ser escaneado
08/09/2026 09:55:42 | WARNING | PDF não indexado | arquivo=F:\Documentos\Rafael\4 - ARQUIVO MORTO\SAFRAS ARMAZÉNS GERAIS LTDA\FILIAL 05 - FELIZ NATAL\MATRICULA 328.pdf | motivo=PDF sem texto extraível; pode ser escaneado
08/09/2026 09:55:42 | WARNING | PDF não indexado | arquivo=F:\Documentos\Rafael\4 - ARQUIVO MORTO\SAFRAS ARMAZÉNS GERAIS LTDA\FILIAL 05 - FELIZ NATAL\MATRICULA 329.pdf | motivo=PDF sem texto extraível; pode ser escaneado
08/09/2026 09:55:43 | WARNING | PDF não indexado | arquivo=F:\Documentos\Rafael\4 - ARQUIVO MORTO\SAFRAS ARMAZÉNS GERAIS LTDA\FILIAL 06 - SANTIAGO DO NORTE\FOTOS.pdf | motivo=PDF sem texto extraível; pode ser escaneado
08/09/2026 09:55:43 | WARNING | PDF não indexado | arquivo=F:\Documentos\Rafael\4 - ARQUIVO MORTO\SAFRAS ARMAZÉNS GERAIS LTDA\FILIAL 06 - SANTIAGO DO NORTE\LP, LI E LO - SAFRAS SANTIAGO DO NORTE.pdf | motivo=PDF sem texto extraível; pode ser escaneado
08/09/2026 09:55:43 | WARNING | PDF não indexado | arquivo=F:\Documentos\Rafael\4 - ARQUIVO MORTO\SAFRAS ARMAZÉNS GERAIS LTDA\FILIAL 07 - SORRISO BARREIRO\BOMBEIRO.pdf | motivo=PDF sem texto extraível; pode ser escaneado
08/09/2026 09:55:44 | WARNING | PDF não indexado | arquivo=F:\Documentos\Rafael\4 - ARQUIVO MORTO\SAFRAS ARMAZÉNS GERAIS LTDA\FILIAL 07 - SORRISO BARREIRO\FOTOS.pdf | motivo=PDF sem texto extraível; pode ser escaneado
08/09/2026 09:55:44 | WARNING | PDF não indexado | arquivo=F:\Documentos\Rafael\4 - ARQUIVO MORTO\SAFRAS ARMAZÉNS GERAIS LTDA\FILIAL 07 - SORRISO BARREIRO\MATRÍCULA 33.965.pdf | motivo=PDF sem texto extraível; pode ser escaneado
08/09/2026 09:55:45 | WARNING | PDF não indexado | arquivo=F:\Documentos\Rafael\4 - ARQUIVO MORTO\SAFRAS ARMAZÉNS GERAIS LTDA\FILIAL 07 - SORRISO BARREIRO\TAC - Filial 07.pdf | motivo=PDF sem texto extraível; pode ser escaneado
08/09/2026 09:55:45 | WARNING | PDF não indexado | arquivo=F:\Documentos\Rafael\4 - ARQUIVO MORTO\SAFRAS ARMAZÉNS GERAIS LTDA\FILIAL 08 - TRIVELATO II\CONTRATO DE ARRENDAMENTO - OLVEPAR.pdf | motivo=PDF sem texto extraível; pode ser escaneado
08/09/2026 09:55:46 | WARNING | PDF não indexado | arquivo=F:\Documentos\Rafael\4 - ARQUIVO MORTO\SAFRAS ARMAZÉNS GERAIS LTDA\FILIAL 10 - NOVO MUNDO\11.318 - Olvepar Sorriso.pdf | motivo=PDF sem texto extraível; pode ser escaneado
08/09/2026 09:55:49 | WARNING | PDF não indexado | arquivo=F:\Documentos\Rafael\4 - ARQUIVO MORTO\SAFRAS ARMAZÉNS GERAIS LTDA\FILIAL 13 - CLAUDIA\CTR ARRENDAMENTO - PERAZZOLI X SAFRAS.pdf | motivo=PDF sem texto extraível; pode ser escaneado
08/09/2026 09:55:50 | INFO | Indexação em andamento | 6400 de 27964 PDFs
08/09/2026 09:55:51 | WARNING | PDF não indexado | arquivo=F:\Documentos\Rafael\4 - ARQUIVO MORTO\SAFRAS ARMAZÉNS GERAIS LTDA\FILIAL 14 - AVP\CONTRATO DE ARRENDAMENTO.pdf | motivo=PDF sem texto extraível; pode ser escaneado
08/09/2026 09:55:51 | WARNING | PDF não indexado | arquivo=F:\Documentos\Rafael\4 - ARQUIVO MORTO\SAFRAS ARMAZÉNS GERAIS LTDA\FILIAL 14 - AVP\FOTOS.pdf | motivo=PDF sem texto extraível; pode ser escaneado
08/09/2026 09:55:51 | WARNING | PDF não indexado | arquivo=F:\Documentos\Rafael\4 - ARQUIVO MORTO\SAFRAS ARMAZÉNS GERAIS LTDA\FILIAL 14 - AVP\PROTOCOLO BOMBEIRO.pdf | motivo=PDF sem texto extraível; pode ser escaneado
08/09/2026 09:55:52 | WARNING | PDF não indexado | arquivo=F:\Documentos\Rafael\4 - ARQUIVO MORTO\SAFRAS ARMAZÉNS GERAIS LTDA\FILIAL 14 - AVP\TAC - Filial 14.pdf | motivo=PDF sem texto extraível; pode ser escaneado
08/09/2026 09:55:53 | WARNING | PDF não indexado | arquivo=F:\Documentos\Rafael\4 - ARQUIVO MORTO\SAFRAS ARMAZÉNS GERAIS LTDA\FILIAL 15 - BINOTTI\MATRÍCULA 11.318.pdf | motivo=PDF sem texto extraível; pode ser escaneado
08/09/2026 09:55:53 | WARNING | PDF não indexado | arquivo=F:\Documentos\Rafael\4 - ARQUIVO MORTO\SAFRAS ARMAZÉNS GERAIS LTDA\FILIAL 18 - NOVA MARINGA\LO.pdf | motivo=PDF sem texto extraível; pode ser escaneado
08/09/2026 09:55:57 | WARNING | PDF não indexado | arquivo=F:\Documentos\Rafael\4 - ARQUIVO MORTO\SAFRAS ARMAZÉNS GERAIS LTDA\FUNRURAL - PROCESSO DEFESA RECEITA FEDERAL\LIMINARES - ADV MANDOU\1 Decisao Nedson Donizete de Liberali _ APROSOJA.pdf | motivo=PDF sem texto extraível; pode ser escaneado
08/09/2026 09:55:58 | WARNING | PDF não indexado | arquivo=F:\Documentos\Rafael\4 - ARQUIVO MORTO\SAFRAS ARMAZÉNS GERAIS LTDA\FUNRURAL - PROCESSO DEFESA RECEITA FEDERAL\LIMINARES - ADV MANDOU\Decisao Altamir Cappelari 00061236420104013600.pdf | motivo=PDF sem texto extraível; pode ser escaneado
08/09/2026 09:55:59 | WARNING | PDF não indexado | arquivo=F:\Documentos\Rafael\4 - ARQUIVO MORTO\SAFRAS ARMAZÉNS GERAIS LTDA\FUNRURAL - PROCESSO DEFESA RECEITA FEDERAL\LIMINARES - ADV MANDOU\Decisao Avelino Neri Boccoli 00039237520104013603.pdf | motivo=PDF sem texto extraível; pode ser escaneado
08/09/2026 09:55:59 | WARNING | PDF não indexado | arquivo=F:\Documentos\Rafael\4 - ARQUIVO MORTO\SAFRAS ARMAZÉNS GERAIS LTDA\FUNRURAL - PROCESSO DEFESA RECEITA FEDERAL\LIMINARES - ADV MANDOU\Decisao Calebe Francesco Francio 00013352220154013603.pdf | motivo=PDF sem texto extraível; pode ser escaneado
08/09/2026 09:56:00 | WARNING | PDF não indexado | arquivo=F:\Documentos\Rafael\4 - ARQUIVO MORTO\SAFRAS ARMAZÉNS GERAIS LTDA\FUNRURAL - PROCESSO DEFESA RECEITA FEDERAL\LIMINARES - ADV MANDOU\Decisao Carlos Ervino Muller 00020460320104013603.pdf | motivo=PDF sem texto extraível; pode ser escaneado
08/09/2026 09:56:00 | WARNING | PDF não indexado | arquivo=F:\Documentos\Rafael\4 - ARQUIVO MORTO\SAFRAS ARMAZÉNS GERAIS LTDA\FUNRURAL - PROCESSO DEFESA RECEITA FEDERAL\LIMINARES - ADV MANDOU\Decisao Caroline Randon Rossato 00060519220154013603.pdf | motivo=PDF sem texto extraível; pode ser escaneado
08/09/2026 09:56:02 | WARNING | PDF não indexado | arquivo=F:\Documentos\Rafael\4 - ARQUIVO MORTO\SAFRAS ARMAZÉNS GERAIS LTDA\FUNRURAL - PROCESSO DEFESA RECEITA FEDERAL\LIMINARES - ADV MANDOU\Decisao Clomir Bedin 00043778420124013603.pdf | motivo=PDF sem texto extraível; pode ser escaneado
08/09/2026 09:56:02 | WARNING | PDF não indexado | arquivo=F:\Documentos\Rafael\4 - ARQUIVO MORTO\SAFRAS ARMAZÉNS GERAIS LTDA\FUNRURAL - PROCESSO DEFESA RECEITA FEDERAL\LIMINARES - ADV MANDOU\Decisao Elio Dalben 00056056520104013603.pdf | motivo=PDF sem texto extraível; pode ser escaneado
08/09/2026 09:56:03 | WARNING | PDF não indexado | arquivo=F:\Documentos\Rafael\4 - ARQUIVO MORTO\SAFRAS ARMAZÉNS GERAIS LTDA\FUNRURAL - PROCESSO DEFESA RECEITA FEDERAL\LIMINARES - ADV MANDOU\Decisao Elson Jair de Lima 00019889620164013600.pdf | motivo=PDF sem texto extraível; pode ser escaneado
08/09/2026 09:56:04 | WARNING | PDF não indexado | arquivo=F:\Documentos\Rafael\4 - ARQUIVO MORTO\SAFRAS ARMAZÉNS GERAIS LTDA\FUNRURAL - PROCESSO DEFESA RECEITA FEDERAL\LIMINARES - ADV MANDOU\Decisao Geraldo Lodovico Michelon 00020079820134013603.pdf | motivo=PDF sem texto extraível; pode ser escaneado
08/09/2026 09:56:05 | WARNING | PDF não indexado | arquivo=F:\Documentos\Rafael\4 - ARQUIVO MORTO\SAFRAS ARMAZÉNS GERAIS LTDA\FUNRURAL - PROCESSO DEFESA RECEITA FEDERAL\LIMINARES - ADV MANDOU\Decisao Honorio Meinerz 00057869020154013603.pdf | motivo=PDF sem texto extraível; pode ser escaneado
08/09/2026 09:56:05 | WARNING | PDF não indexado | arquivo=F:\Documentos\Rafael\4 - ARQUIVO MORTO\SAFRAS ARMAZÉNS GERAIS LTDA\FUNRURAL - PROCESSO DEFESA RECEITA FEDERAL\LIMINARES - ADV MANDOU\Decisao Itacir Bonfante 00026107420134013603.pdf | motivo=PDF sem texto extraível; pode ser escaneado
08/09/2026 09:56:06 | WARNING | PDF não indexado | arquivo=F:\Documentos\Rafael\4 - ARQUIVO MORTO\SAFRAS ARMAZÉNS GERAIS LTDA\FUNRURAL - PROCESSO DEFESA RECEITA FEDERAL\LIMINARES - ADV MANDOU\Decisao Jair Rodrigues de Almeida 00002044620144013603.pdf | motivo=PDF sem texto extraível; pode ser escaneado
08/09/2026 09:56:06 | WARNING | PDF não indexado | arquivo=F:\Documentos\Rafael\4 - ARQUIVO MORTO\SAFRAS ARMAZÉNS GERAIS LTDA\FUNRURAL - PROCESSO DEFESA RECEITA FEDERAL\LIMINARES - ADV MANDOU\Decisao Liminar Jose Aurelio Zili 00010745720154013603.pdf | motivo=PDF sem texto extraível; pode ser escaneado
08/09/2026 09:56:06 | WARNING | PDF não indexado | arquivo=F:\Documentos\Rafael\4 - ARQUIVO MORTO\SAFRAS ARMAZÉNS GERAIS LTDA\FUNRURAL - PROCESSO DEFESA RECEITA FEDERAL\LIMINARES - ADV MANDOU\Decisao Luis Basso 00016407420134013603.pdf | motivo=PDF sem texto extraível; pode ser escaneado
08/09/2026 09:56:07 | WARNING | PDF não indexado | arquivo=F:\Documentos\Rafael\4 - ARQUIVO MORTO\SAFRAS ARMAZÉNS GERAIS LTDA\FUNRURAL - PROCESSO DEFESA RECEITA FEDERAL\LIMINARES - ADV MANDOU\Decisao Luiz Eduardo Randon Rossato 00060519220154013603.pdf | motivo=PDF sem texto extraível; pode ser escaneado
08/09/2026 09:56:08 | WARNING | PDF não indexado | arquivo=F:\Documentos\Rafael\4 - ARQUIVO MORTO\SAFRAS ARMAZÉNS GERAIS LTDA\FUNRURAL - PROCESSO DEFESA RECEITA FEDERAL\LIMINARES - ADV MANDOU\Decisao Marcelo Tomasi 00026595220124013603.pdf | motivo=PDF sem texto extraível; pode ser escaneado
08/09/2026 09:56:09 | WARNING | PDF não indexado | arquivo=F:\Documentos\Rafael\4 - ARQUIVO MORTO\SAFRAS ARMAZÉNS GERAIS LTDA\FUNRURAL - PROCESSO DEFESA RECEITA FEDERAL\LIMINARES - ADV MANDOU\Decisao Marcos Antonio Ribeiro 00046892620134013603.pdf | motivo=PDF sem texto extraível; pode ser escaneado
08/09/2026 09:56:10 | WARNING | PDF não indexado | arquivo=F:\Documentos\Rafael\4 - ARQUIVO MORTO\SAFRAS ARMAZÉNS GERAIS LTDA\FUNRURAL - PROCESSO DEFESA RECEITA FEDERAL\LIMINARES - ADV MANDOU\Decisao Marta Rosane Belle 00009839820144013603.pdf | motivo=PDF sem texto extraível; pode ser escaneado
08/09/2026 09:56:11 | WARNING | PDF não indexado | arquivo=F:\Documentos\Rafael\4 - ARQUIVO MORTO\SAFRAS ARMAZÉNS GERAIS LTDA\FUNRURAL - PROCESSO DEFESA RECEITA FEDERAL\LIMINARES - ADV MANDOU\Decisao Moacir Belle 00009839820144013603.pdf | motivo=PDF sem texto extraível; pode ser escaneado
08/09/2026 09:56:11 | WARNING | PDF não indexado | arquivo=F:\Documentos\Rafael\4 - ARQUIVO MORTO\SAFRAS ARMAZÉNS GERAIS LTDA\FUNRURAL - PROCESSO DEFESA RECEITA FEDERAL\LIMINARES - ADV MANDOU\Decisao Nicole S B Giacobbo 00021715820164013603.pdf | motivo=PDF sem texto extraível; pode ser escaneado
08/09/2026 09:56:12 | WARNING | PDF não indexado | arquivo=F:\Documentos\Rafael\4 - ARQUIVO MORTO\SAFRAS ARMAZÉNS GERAIS LTDA\FUNRURAL - PROCESSO DEFESA RECEITA FEDERAL\LIMINARES - ADV MANDOU\Decisao Reni Vicente Pigatto 00063129120144013603.pdf | motivo=PDF sem texto extraível; pode ser escaneado
08/09/2026 09:56:12 | WARNING | PDF não indexado | arquivo=F:\Documentos\Rafael\4 - ARQUIVO MORTO\SAFRAS ARMAZÉNS GERAIS LTDA\FUNRURAL - PROCESSO DEFESA RECEITA FEDERAL\LIMINARES - ADV MANDOU\Decisao Sabino Maggioni 00005709020114013603.pdf | motivo=PDF sem texto extraível; pode ser escaneado
08/09/2026 09:56:13 | WARNING | PDF não indexado | arquivo=F:\Documentos\Rafael\4 - ARQUIVO MORTO\SAFRAS ARMAZÉNS GERAIS LTDA\FUNRURAL - PROCESSO DEFESA RECEITA FEDERAL\LIMINARES - ADV MANDOU\Decisao Silmiro Scheffler 00018113120134013603.pdf | motivo=PDF sem texto extraível; pode ser escaneado
08/09/2026 09:56:14 | WARNING | PDF não indexado | arquivo=F:\Documentos\Rafael\4 - ARQUIVO MORTO\SAFRAS ARMAZÉNS GERAIS LTDA\FUNRURAL - PROCESSO DEFESA RECEITA FEDERAL\LIMINARES - ADV MANDOU\Decisao Silviano Vicente Michelon 00024158920134013603.pdf | motivo=PDF sem texto extraível; pode ser escaneado
08/09/2026 09:56:14 | WARNING | PDF não indexado | arquivo=F:\Documentos\Rafael\4 - ARQUIVO MORTO\SAFRAS ARMAZÉNS GERAIS LTDA\FUNRURAL - PROCESSO DEFESA RECEITA FEDERAL\LIMINARES - ADV MANDOU\Decisao Volmir Tomassoni 00032795920154013603.pdf | motivo=PDF sem texto extraível; pode ser escaneado
08/09/2026 09:56:14 | WARNING | PDF não indexado | arquivo=F:\Documentos\Rafael\4 - ARQUIVO MORTO\SAFRAS ARMAZÉNS GERAIS LTDA\FUNRURAL - PROCESSO DEFESA RECEITA FEDERAL\LIMINARES - ADV MANDOU\Decisap Yara Garms Cavlak 00025053420124013603.pdf | motivo=PDF sem texto extraível; pode ser escaneado
08/09/2026 09:56:15 | WARNING | PDF não indexado | arquivo=F:\Documentos\Rafael\4 - ARQUIVO MORTO\SAFRAS ARMAZÉNS GERAIS LTDA\FUNRURAL - PROCESSO DEFESA RECEITA FEDERAL\LIMINARES - ICC TINHA\LIMINAR - CALEBE  FRANCESCO FRANCIO.pdf | motivo=PDF sem texto extraível; pode ser escaneado
08/09/2026 09:56:15 | WARNING | PDF não indexado | arquivo=F:\Documentos\Rafael\4 - ARQUIVO MORTO\SAFRAS ARMAZÉNS GERAIS LTDA\FUNRURAL - PROCESSO DEFESA RECEITA FEDERAL\LIMINARES - ICC TINHA\LIMINAR - CARLOS ERVINO MULLER.pdf | motivo=PDF sem texto extraível; pode ser escaneado
08/09/2026 09:56:15 | WARNING | PDF não indexado | arquivo=F:\Documentos\Rafael\4 - ARQUIVO MORTO\SAFRAS ARMAZÉNS GERAIS LTDA\FUNRURAL - PROCESSO DEFESA RECEITA FEDERAL\LIMINARES - ICC TINHA\LIMINAR - JOSÉ AURÉLIO ZILI.pdf | motivo=PDF sem texto extraível; pode ser escaneado
08/09/2026 09:56:15 | WARNING | PDF não indexado | arquivo=F:\Documentos\Rafael\4 - ARQUIVO MORTO\SAFRAS ARMAZÉNS GERAIS LTDA\FUNRURAL - PROCESSO DEFESA RECEITA FEDERAL\LIMINARES - ICC TINHA\LIMINAR - VOLMIR TOMASSONI.pdf | motivo=PDF sem texto extraível; pode ser escaneado
08/09/2026 09:56:15 | WARNING | PDF não indexado | arquivo=F:\Documentos\Rafael\4 - ARQUIVO MORTO\SAFRAS ARMAZÉNS GERAIS LTDA\FUNRURAL - PROCESSO DEFESA RECEITA FEDERAL\LIMINARES - ICC TINHA\LIMINAR - YARA GARMS CAVLAK.pdf | motivo=PDF sem texto extraível; pode ser escaneado
08/09/2026 09:56:15 | INFO | Indexação em andamento | 6500 de 27964 PDFs
08/09/2026 09:56:15 | WARNING | PDF não indexado | arquivo=F:\Documentos\Rafael\4 - ARQUIVO MORTO\SAFRAS ARMAZÉNS GERAIS LTDA\FUNRURAL - PROCESSO DEFESA RECEITA FEDERAL\LIMINARES - ICC TINHA\LIMINAR DE FONRURAL AGROSOJA NEDSON DONIZETE DE LIBERALI.pdf | motivo=PDF sem texto extraível; pode ser escaneado
08/09/2026 09:56:16 | WARNING | PDF não indexado | arquivo=F:\Documentos\Rafael\4 - ARQUIVO MORTO\SAFRAS ARMAZÉNS GERAIS LTDA\FUNRURAL - PROCESSO DEFESA RECEITA FEDERAL\LIMINARES - ICC TINHA\LIMINAR DE FONRURAL AGROSOJA RAFAEL BILBIO .pdf | motivo=PDF sem texto extraível; pode ser escaneado
08/09/2026 09:56:18 | WARNING | PDF não indexado | arquivo=F:\Documentos\Rafael\4 - ARQUIVO MORTO\SAFRAS ARMAZÉNS GERAIS LTDA\FUNRURAL - PROCESSO DEFESA RECEITA FEDERAL\LIMINARES - ICC TINHA\LIMINAR DE FONRURAL INDIVIDUAL ALTAMIR CAPPELARI.pdf | motivo=PDF sem texto extraível; pode ser escaneado
08/09/2026 09:56:18 | WARNING | PDF não indexado | arquivo=F:\Documentos\Rafael\4 - ARQUIVO MORTO\SAFRAS ARMAZÉNS GERAIS LTDA\FUNRURAL - PROCESSO DEFESA RECEITA FEDERAL\LIMINARES - ICC TINHA\LIMINAR DE FONRURAL INDIVIDUAL AVELINO NERI BOCCOLI.pdf | motivo=PDF sem texto extraível; pode ser escaneado
08/09/2026 09:56:19 | WARNING | PDF não indexado | arquivo=F:\Documentos\Rafael\4 - ARQUIVO MORTO\SAFRAS ARMAZÉNS GERAIS LTDA\FUNRURAL - PROCESSO DEFESA RECEITA FEDERAL\LIMINARES - ICC TINHA\LIMINAR DE FONRURAL INDIVIDUAL ELSON JAIR DE LIMA .pdf | motivo=PDF sem texto extraível; pode ser escaneado
08/09/2026 09:56:20 | WARNING | PDF não indexado | arquivo=F:\Documentos\Rafael\4 - ARQUIVO MORTO\SAFRAS ARMAZÉNS GERAIS LTDA\FUNRURAL - PROCESSO DEFESA RECEITA FEDERAL\LIMINARES - ICC TINHA\LIMINAR DE FONRURAL INDIVIDUAL GERALDO LODOVICO MICHELON .pdf | motivo=PDF sem texto extraível; pode ser escaneado
08/09/2026 09:56:21 | WARNING | PDF não indexado | arquivo=F:\Documentos\Rafael\4 - ARQUIVO MORTO\SAFRAS ARMAZÉNS GERAIS LTDA\FUNRURAL - PROCESSO DEFESA RECEITA FEDERAL\LIMINARES - ICC TINHA\LIMINAR DE FONRURAL INDIVIDUAL HORACIO .pdf | motivo=PDF sem texto extraível; pode ser escaneado
08/09/2026 09:56:22 | WARNING | PDF não indexado | arquivo=F:\Documentos\Rafael\4 - ARQUIVO MORTO\SAFRAS ARMAZÉNS GERAIS LTDA\FUNRURAL - PROCESSO DEFESA RECEITA FEDERAL\LIMINARES - ICC TINHA\LIMINAR DE FONRURAL INDIVIDUAL JAIR RODRIGUES DE ALMEIDA.pdf | motivo=PDF sem texto extraível; pode ser escaneado
08/09/2026 09:56:23 | WARNING | PDF não indexado | arquivo=F:\Documentos\Rafael\4 - ARQUIVO MORTO\SAFRAS ARMAZÉNS GERAIS LTDA\FUNRURAL - PROCESSO DEFESA RECEITA FEDERAL\LIMINARES - ICC TINHA\LIMINAR DE FONRURAL INDIVIDUAL MARCELO TOMASI.pdf | motivo=PDF sem texto extraível; pode ser escaneado
08/09/2026 09:56:23 | WARNING | PDF não indexado | arquivo=F:\Documentos\Rafael\4 - ARQUIVO MORTO\SAFRAS ARMAZÉNS GERAIS LTDA\FUNRURAL - PROCESSO DEFESA RECEITA FEDERAL\LIMINARES - ICC TINHA\LIMINAR DE FONRURAL INDIVIDUAL MARCOS ANTONIO RIBEIRO .pdf | motivo=PDF sem texto extraível; pode ser escaneado
08/09/2026 09:56:24 | WARNING | PDF não indexado | arquivo=F:\Documentos\Rafael\4 - ARQUIVO MORTO\SAFRAS ARMAZÉNS GERAIS LTDA\FUNRURAL - PROCESSO DEFESA RECEITA FEDERAL\LIMINARES - ICC TINHA\LIMINAR DE FONRURAL INDIVIDUAL MOACIR BELLE E OUTRO .pdf | motivo=PDF sem texto extraível; pode ser escaneado
08/09/2026 09:56:25 | WARNING | PDF não indexado | arquivo=F:\Documentos\Rafael\4 - ARQUIVO MORTO\SAFRAS ARMAZÉNS GERAIS LTDA\FUNRURAL - PROCESSO DEFESA RECEITA FEDERAL\LIMINARES - ICC TINHA\LIMINAR DE FONRURAL INDIVIDUAL NICOLE STEPHANIE BOMFANTI GIACOBBO.pdf | motivo=PDF sem texto extraível; pode ser escaneado
08/09/2026 09:56:25 | WARNING | PDF não indexado | arquivo=F:\Documentos\Rafael\4 - ARQUIVO MORTO\SAFRAS ARMAZÉNS GERAIS LTDA\FUNRURAL - PROCESSO DEFESA RECEITA FEDERAL\LIMINARES - ICC TINHA\LIMINAR DE FONRURAL INDIVIDUAL PAULO EDUARDO VEDANA DUTRA .pdf | motivo=PDF sem texto extraível; pode ser escaneado
08/09/2026 09:56:26 | WARNING | PDF não indexado | arquivo=F:\Documentos\Rafael\4 - ARQUIVO MORTO\SAFRAS ARMAZÉNS GERAIS LTDA\FUNRURAL - PROCESSO DEFESA RECEITA FEDERAL\LIMINARES - ICC TINHA\LIMINAR DE FONRURAL INDIVIDUAL SILVIANO VICENTE MICHELON.pdf | motivo=PDF sem texto extraível; pode ser escaneado
08/09/2026 09:56:26 | WARNING | PDF não indexado | arquivo=F:\Documentos\Rafael\4 - ARQUIVO MORTO\SAFRAS ARMAZÉNS GERAIS LTDA\FUNRURAL - PROCESSO DEFESA RECEITA FEDERAL\LIMINARES - ICC TINHA\LIMINAR DE FONRURAL INDIVIUAL LUIS BASSO .pdf | motivo=PDF sem texto extraível; pode ser escaneado
08/09/2026 09:56:26 | WARNING | PDF não indexado | arquivo=F:\Documentos\Rafael\4 - ARQUIVO MORTO\SAFRAS ARMAZÉNS GERAIS LTDA\FUNRURAL - PROCESSO DEFESA RECEITA FEDERAL\LIMINARES - ICC TINHA\LIMINAR ELIO DALBEN (1).pdf | motivo=PDF sem texto extraível; pode ser escaneado
08/09/2026 09:56:27 | WARNING | PDF não indexado | arquivo=F:\Documentos\Rafael\4 - ARQUIVO MORTO\SAFRAS ARMAZÉNS GERAIS LTDA\FUNRURAL - PROCESSO DEFESA RECEITA FEDERAL\LIMINARES - ICC TINHA\LIMINAR SABINO MAGGIONI (2).pdf | motivo=PDF sem texto extraível; pode ser escaneado
08/09/2026 09:56:27 | WARNING | PDF não indexado | arquivo=F:\Documentos\Rafael\4 - ARQUIVO MORTO\SAFRAS ARMAZÉNS GERAIS LTDA\FUNRURAL - PROCESSO DEFESA RECEITA FEDERAL\LIMINARES - ICC TINHA\LINIMAR DE FONRURAL CONJUNTA WANDERLEI-LUIS .pdf | motivo=PDF sem texto extraível; pode ser escaneado
08/09/2026 09:56:31 | WARNING | PDF não indexado | arquivo=F:\Documentos\Rafael\4 - ARQUIVO MORTO\SAFRAS ARMAZÉNS GERAIS LTDA\MATRIZ\CONTRATO DE LOCAÇÃO.pdf | motivo=PDF sem texto extraível; pode ser escaneado
08/09/2026 09:56:31 | WARNING | PDF não indexado | arquivo=F:\Documentos\Rafael\4 - ARQUIVO MORTO\SAFRAS ARMAZÉNS GERAIS LTDA\MATRIZ\FOTOS.pdf | motivo=PDF sem texto extraível; pode ser escaneado
08/09/2026 09:56:31 | WARNING | PDF não indexado | arquivo=F:\Documentos\Rafael\4 - ARQUIVO MORTO\SAFRAS ARMAZÉNS GERAIS LTDA\MATRIZ\L.O MATRIZ.pdf | motivo=PDF sem texto extraível; pode ser escaneado
08/09/2026 09:56:32 | WARNING | PDF não indexado | arquivo=F:\Documentos\Rafael\4 - ARQUIVO MORTO\SAFRAS ARMAZÉNS GERAIS LTDA\MATRIZ\TAC - Matriz.pdf | motivo=PDF sem texto extraível; pode ser escaneado
08/09/2026 09:56:32 | WARNING | PDF não indexado | arquivo=F:\Documentos\Rafael\4 - ARQUIVO MORTO\SAFRAS ARMAZÉNS GERAIS LTDA\OPÇÃO DIFERIMENTO ICMS\Filial 2 - Sorriso (Peruzi) - 11.644.786-0003-68\TERMO DE OCORRENCIA  - SORRISO II.pdf | motivo=PDF sem texto extraível; pode ser escaneado
08/09/2026 09:56:32 | WARNING | PDF não indexado | arquivo=F:\Documentos\Rafael\4 - ARQUIVO MORTO\SAFRAS ARMAZÉNS GERAIS LTDA\OPÇÃO DIFERIMENTO ICMS\Filial 2 - Sorriso (Peruzi) - 11.644.786-0003-68\TERMO DE OPÇÃO - SORRISO II.pdf | motivo=PDF sem texto extraível; pode ser escaneado
08/09/2026 09:56:32 | WARNING | PDF não indexado | arquivo=F:\Documentos\Rafael\4 - ARQUIVO MORTO\SAFRAS ARMAZÉNS GERAIS LTDA\OPÇÃO DIFERIMENTO ICMS\Filial 3 - Feliz Natal I - 11.644.789-0004-49\SOLICITAÇÃO DE RETROAGIMENTO .pdf | motivo=PDF sem texto extraível; pode ser escaneado
08/09/2026 09:56:32 | WARNING | PDF não indexado | arquivo=F:\Documentos\Rafael\4 - ARQUIVO MORTO\SAFRAS ARMAZÉNS GERAIS LTDA\OPÇÃO DIFERIMENTO ICMS\Filial 3 - Feliz Natal I - 11.644.789-0004-49\TERMO DE OCORRENCIAS - FELIZ NATAL.pdf | motivo=PDF sem texto extraível; pode ser escaneado
08/09/2026 09:56:32 | WARNING | PDF não indexado | arquivo=F:\Documentos\Rafael\4 - ARQUIVO MORTO\SAFRAS ARMAZÉNS GERAIS LTDA\OPÇÃO DIFERIMENTO ICMS\Filial 3 - Feliz Natal I - 11.644.789-0004-49\TERMO DE OPÇÃO - FELIZ NATAL.pdf | motivo=PDF sem texto extraível; pode ser escaneado
08/09/2026 09:56:32 | WARNING | PDF não indexado | arquivo=F:\Documentos\Rafael\4 - ARQUIVO MORTO\SAFRAS ARMAZÉNS GERAIS LTDA\OPÇÃO DIFERIMENTO ICMS\Filial 4 - Trivelato - 11.644.786-0005-20\SOLICITAÇÃO DE RETROAGIMENTO .pdf | motivo=PDF sem texto extraível; pode ser escaneado
08/09/2026 09:56:32 | WARNING | PDF não indexado | arquivo=F:\Documentos\Rafael\4 - ARQUIVO MORTO\SAFRAS ARMAZÉNS GERAIS LTDA\OPÇÃO DIFERIMENTO ICMS\Filial 4 - Trivelato - 11.644.786-0005-20\TERMO DE OCORRENCIA TRIVELATO.pdf | motivo=PDF sem texto extraível; pode ser escaneado
08/09/2026 09:56:32 | WARNING | PDF não indexado | arquivo=F:\Documentos\Rafael\4 - ARQUIVO MORTO\SAFRAS ARMAZÉNS GERAIS LTDA\OPÇÃO DIFERIMENTO ICMS\Filial 4 - Trivelato - 11.644.786-0005-20\TERMO DE OPÇÃO - TRIVELATO.pdf | motivo=PDF sem texto extraível; pode ser escaneado
08/09/2026 09:56:32 | WARNING | PDF não indexado | arquivo=F:\Documentos\Rafael\4 - ARQUIVO MORTO\SAFRAS ARMAZÉNS GERAIS LTDA\OPÇÃO DIFERIMENTO ICMS\Filial 5 - Feliz Natal II - 11.644.786-0006-00\SOLICITAÇÃO DE RETROAGIMENTO .pdf | motivo=PDF sem texto extraível; pode ser escaneado
08/09/2026 09:56:32 | INFO | Indexação em andamento | 6600 de 27964 PDFs
08/09/2026 09:56:32 | WARNING | PDF não indexado | arquivo=F:\Documentos\Rafael\4 - ARQUIVO MORTO\SAFRAS ARMAZÉNS GERAIS LTDA\OPÇÃO DIFERIMENTO ICMS\Filial 5 - Feliz Natal II - 11.644.786-0006-00\TERMO DE OCORRENCIA 2.pdf | motivo=PDF sem texto extraível; pode ser escaneado
08/09/2026 09:56:32 | WARNING | PDF não indexado | arquivo=F:\Documentos\Rafael\4 - ARQUIVO MORTO\SAFRAS ARMAZÉNS GERAIS LTDA\OPÇÃO DIFERIMENTO ICMS\Filial 5 - Feliz Natal II - 11.644.786-0006-00\TERMO DE OCORRENCIA.pdf | motivo=PDF sem texto extraível; pode ser escaneado
08/09/2026 09:56:32 | WARNING | PDF não indexado | arquivo=F:\Documentos\Rafael\4 - ARQUIVO MORTO\SAFRAS ARMAZÉNS GERAIS LTDA\OPÇÃO DIFERIMENTO ICMS\Filial 5 - Feliz Natal II - 11.644.786-0006-00\TERMO DE OPÇÃO - FELIZ NATAL II.pdf | motivo=PDF sem texto extraível; pode ser escaneado
08/09/2026 09:56:32 | WARNING | PDF não indexado | arquivo=F:\Documentos\Rafael\4 - ARQUIVO MORTO\SAFRAS ARMAZÉNS GERAIS LTDA\OPÇÃO DIFERIMENTO ICMS\Filial 6 - Paranatinga (Santiago) - 11.644.786-0007-91\SOLICITAÇÃO DE RETROAGIMENTO.pdf | motivo=PDF sem texto extraível; pode ser escaneado
08/09/2026 09:56:32 | WARNING | PDF não indexado | arquivo=F:\Documentos\Rafael\4 - ARQUIVO MORTO\SAFRAS ARMAZÉNS GERAIS LTDA\OPÇÃO DIFERIMENTO ICMS\Filial 6 - Paranatinga (Santiago) - 11.644.786-0007-91\TERMO DE OCORRENCIAS - CAPA.pdf | motivo=PDF sem texto extraível; pode ser escaneado
08/09/2026 09:56:32 | WARNING | PDF não indexado | arquivo=F:\Documentos\Rafael\4 - ARQUIVO MORTO\SAFRAS ARMAZÉNS GERAIS LTDA\OPÇÃO DIFERIMENTO ICMS\Filial 6 - Paranatinga (Santiago) - 11.644.786-0007-91\TERMO DE OCORRENCIAS.pdf | motivo=PDF sem texto extraível; pode ser escaneado
08/09/2026 09:56:32 | WARNING | PDF não indexado | arquivo=F:\Documentos\Rafael\4 - ARQUIVO MORTO\SAFRAS ARMAZÉNS GERAIS LTDA\OPÇÃO DIFERIMENTO ICMS\Filial 6 - Paranatinga (Santiago) - 11.644.786-0007-91\TERMO DE OPÇÃO PARA REALIZAÇÃO DE OPERAÇÃOPRESTAÇÃO COM DIFERIMENTO DO ICMS - PARANATINGA.pdf | motivo=PDF sem texto extraível; pode ser escaneado
08/09/2026 09:56:32 | WARNING | PDF não indexado | arquivo=F:\Documentos\Rafael\4 - ARQUIVO MORTO\SAFRAS ARMAZÉNS GERAIS LTDA\OPÇÃO DIFERIMENTO ICMS\Filial 7 - Barreiro - 11.644.786-0008-72\LIVRO TERMO DE OCORRENCIAS.pdf | motivo=PDF sem texto extraível; pode ser escaneado
08/09/2026 09:56:33 | WARNING | PDF não indexado | arquivo=F:\Documentos\Rafael\4 - ARQUIVO MORTO\SAFRAS ARMAZÉNS GERAIS LTDA\OPÇÃO DIFERIMENTO ICMS\Filial 7 - Barreiro - 11.644.786-0008-72\SOLICITAÇÃO RETROAGIMENTO ICMS.pdf | motivo=PDF sem texto extraível; pode ser escaneado
08/09/2026 09:56:33 | WARNING | PDF não indexado | arquivo=F:\Documentos\Rafael\4 - ARQUIVO MORTO\SAFRAS ARMAZÉNS GERAIS LTDA\OPÇÃO DIFERIMENTO ICMS\Filial 7 - Barreiro - 11.644.786-0008-72\TERMO DE OPÇÃO PARA REALIZAÇÃO DE OPERAÇÃOPRESTAÇÃO COM DIFERIMENTO DO ICMS.pdf | motivo=PDF sem texto extraível; pode ser escaneado
08/09/2026 09:56:33 | WARNING | PDF não indexado | arquivo=F:\Documentos\Rafael\4 - ARQUIVO MORTO\SAFRAS ARMAZÉNS GERAIS LTDA\OPÇÃO DIFERIMENTO ICMS\Filial 8 - Pacoval - 11.644.786-0009-53\LIVRO TERMO DE OCORRENCIAS.pdf | motivo=PDF sem texto extraível; pode ser escaneado
08/09/2026 09:56:33 | WARNING | PDF não indexado | arquivo=F:\Documentos\Rafael\4 - ARQUIVO MORTO\SAFRAS ARMAZÉNS GERAIS LTDA\OPÇÃO DIFERIMENTO ICMS\Filial 8 - Pacoval - 11.644.786-0009-53\SOLICITAÇÃO RETROAGIMENTO ICMS.pdf | motivo=PDF sem texto extraível; pode ser escaneado
08/09/2026 09:56:33 | WARNING | PDF não indexado | arquivo=F:\Documentos\Rafael\4 - ARQUIVO MORTO\SAFRAS ARMAZÉNS GERAIS LTDA\OPÇÃO DIFERIMENTO ICMS\Filial 8 - Pacoval - 11.644.786-0009-53\TERMO DE OPÇÃO PARA REALIZAÇÃO DE OPERAÇÃOPRESTAÇÃO COM DIFERIMENTO DO ICMS.pdf | motivo=PDF sem texto extraível; pode ser escaneado
08/09/2026 09:56:33 | WARNING | PDF não indexado | arquivo=F:\Documentos\Rafael\4 - ARQUIVO MORTO\SAFRAS ARMAZÉNS GERAIS LTDA\OPÇÃO DIFERIMENTO ICMS\Filial 9 - Nova Maringa - 11.644.786-0010-97\LIVRO TERMO DE OCORRENCIAS.pdf | motivo=PDF sem texto extraível; pode ser escaneado
08/09/2026 09:56:33 | WARNING | PDF não indexado | arquivo=F:\Documentos\Rafael\4 - ARQUIVO MORTO\SAFRAS ARMAZÉNS GERAIS LTDA\OPÇÃO DIFERIMENTO ICMS\Filial 9 - Nova Maringa - 11.644.786-0010-97\SOLICITAÇÃO RETROAGIMENTO ICMS.pdf | motivo=PDF sem texto extraível; pode ser escaneado
08/09/2026 09:56:33 | WARNING | PDF não indexado | arquivo=F:\Documentos\Rafael\4 - ARQUIVO MORTO\SAFRAS ARMAZÉNS GERAIS LTDA\OPÇÃO DIFERIMENTO ICMS\Filial 9 - Nova Maringa - 11.644.786-0010-97\TERMO DE OPÇÃO PARA REALIZAÇÃO DE OPERAÇÃOPRESTAÇÃO COM DIFERIMENTO DO ICMS.pdf | motivo=PDF sem texto extraível; pode ser escaneado
08/09/2026 09:56:33 | WARNING | PDF não indexado | arquivo=F:\Documentos\Rafael\4 - ARQUIVO MORTO\SAFRAS ARMAZÉNS GERAIS LTDA\PRODEIC\2015\1 - QUALIFICAÇÃO E TREINAMENTO.pdf | motivo=PDF sem texto extraível; pode ser escaneado
08/09/2026 09:56:34 | WARNING | PDF não indexado | arquivo=F:\Documentos\Rafael\4 - ARQUIVO MORTO\SAFRAS ARMAZÉNS GERAIS LTDA\PRODEIC\2015\11 - LAZER.pdf | motivo=PDF sem texto extraível; pode ser escaneado
08/09/2026 09:56:34 | WARNING | PDF não indexado | arquivo=F:\Documentos\Rafael\4 - ARQUIVO MORTO\SAFRAS ARMAZÉNS GERAIS LTDA\PRODEIC\2015\12 - PLANO DE SAUDE.pdf | motivo=PDF sem texto extraível; pode ser escaneado
08/09/2026 09:56:34 | WARNING | PDF não indexado | arquivo=F:\Documentos\Rafael\4 - ARQUIVO MORTO\SAFRAS ARMAZÉNS GERAIS LTDA\PRODEIC\2015\4 - RAIS.pdf | motivo=PDF sem texto extraível; pode ser escaneado
08/09/2026 09:56:34 | WARNING | PDF não indexado | arquivo=F:\Documentos\Rafael\4 - ARQUIVO MORTO\SAFRAS ARMAZÉNS GERAIS LTDA\PRODEIC\2015\5 - PARTICIPAÇÃO NOS LUCROS.pdf | motivo=PDF sem texto extraível; pode ser escaneado
08/09/2026 09:56:34 | WARNING | PDF não indexado | arquivo=F:\Documentos\Rafael\4 - ARQUIVO MORTO\SAFRAS ARMAZÉNS GERAIS LTDA\PRODEIC\2015\7 - BALANÇO 2015.pdf | motivo=PDF sem texto extraível; pode ser escaneado
08/09/2026 09:56:34 | WARNING | PDF não indexado | arquivo=F:\Documentos\Rafael\4 - ARQUIVO MORTO\SAFRAS ARMAZÉNS GERAIS LTDA\PRODEIC\2015\7 - INVESTIMENTOS EM ATIVO IMOBILIZADO.pdf | motivo=PDF sem texto extraível; pode ser escaneado
08/09/2026 09:56:34 | WARNING | PDF não indexado | arquivo=F:\Documentos\Rafael\4 - ARQUIVO MORTO\SAFRAS ARMAZÉNS GERAIS LTDA\PRODEIC\2015\9 - CONTRATO MENOR APRENDIZ.pdf | motivo=PDF sem texto extraível; pode ser escaneado
08/09/2026 09:56:35 | WARNING | PDF não indexado | arquivo=F:\Documentos\Rafael\4 - ARQUIVO MORTO\SAFRAS ARMAZÉNS GERAIS LTDA\PRODEIC\2016\11 - LAZER.pdf | motivo=PDF sem texto extraível; pode ser escaneado
08/09/2026 09:56:35 | WARNING | PDF não indexado | arquivo=F:\Documentos\Rafael\4 - ARQUIVO MORTO\SAFRAS ARMAZÉNS GERAIS LTDA\PRODEIC\2016\12 - PLANO DE SAUDE.pdf | motivo=PDF sem texto extraível; pode ser escaneado
08/09/2026 09:56:35 | WARNING | PDF não indexado | arquivo=F:\Documentos\Rafael\4 - ARQUIVO MORTO\SAFRAS ARMAZÉNS GERAIS LTDA\PRODEIC\2016\2 - CONTROLE DE QUALIDADE.pdf | motivo=PDF sem texto extraível; pode ser escaneado
08/09/2026 09:56:35 | WARNING | PDF não indexado | arquivo=F:\Documentos\Rafael\4 - ARQUIVO MORTO\SAFRAS ARMAZÉNS GERAIS LTDA\PRODEIC\2016\3 - MELHORIA COMPETITIVIDADE.pdf | motivo=PDF sem texto extraível; pode ser escaneado
08/09/2026 09:56:35 | WARNING | PDF não indexado | arquivo=F:\Documentos\Rafael\4 - ARQUIVO MORTO\SAFRAS ARMAZÉNS GERAIS LTDA\PRODEIC\2016\4 - RAIS 2016.pdf | motivo=PDF sem texto extraível; pode ser escaneado
08/09/2026 09:56:35 | WARNING | PDF não indexado | arquivo=F:\Documentos\Rafael\4 - ARQUIVO MORTO\SAFRAS ARMAZÉNS GERAIS LTDA\PRODEIC\2016\5 - PARTICIPAÇÃO NOS LUCROS.pdf | motivo=PDF sem texto extraível; pode ser escaneado
08/09/2026 09:56:35 | WARNING | PDF não indexado | arquivo=F:\Documentos\Rafael\4 - ARQUIVO MORTO\SAFRAS ARMAZÉNS GERAIS LTDA\PRODEIC\2016\7 - BALANÇO 2016.pdf | motivo=PDF sem texto extraível; pode ser escaneado
08/09/2026 09:56:36 | WARNING | PDF não indexado | arquivo=F:\Documentos\Rafael\4 - ARQUIVO MORTO\SAFRAS ARMAZÉNS GERAIS LTDA\PRODEIC\2016\8 - RESPONSABILIDADE SOCIAL.pdf | motivo=PDF sem texto extraível; pode ser escaneado
08/09/2026 09:56:36 | WARNING | PDF não indexado | arquivo=F:\Documentos\Rafael\4 - ARQUIVO MORTO\SAFRAS ARMAZÉNS GERAIS LTDA\PRODEIC\2017\1 - TREINAMENTO E QUALIFICAÇÃO.pdf | motivo=PDF sem texto extraível; pode ser escaneado
08/09/2026 09:56:36 | WARNING | PDF não indexado | arquivo=F:\Documentos\Rafael\4 - ARQUIVO MORTO\SAFRAS ARMAZÉNS GERAIS LTDA\PRODEIC\2017\11 - LAZER.pdf | motivo=PDF sem texto extraível; pode ser escaneado
08/09/2026 09:56:37 | WARNING | PDF não indexado | arquivo=F:\Documentos\Rafael\4 - ARQUIVO MORTO\SAFRAS ARMAZÉNS GERAIS LTDA\PRODEIC\2017\12 - PLANO DE SAUDE.pdf | motivo=PDF sem texto extraível; pode ser escaneado
08/09/2026 09:56:37 | WARNING | PDF não indexado | arquivo=F:\Documentos\Rafael\4 - ARQUIVO MORTO\SAFRAS ARMAZÉNS GERAIS LTDA\PRODEIC\2017\2 - CONTROLE DE QUALIDADE.pdf | motivo=PDF sem texto extraível; pode ser escaneado
08/09/2026 09:56:37 | WARNING | PDF não indexado | arquivo=F:\Documentos\Rafael\4 - ARQUIVO MORTO\SAFRAS ARMAZÉNS GERAIS LTDA\PRODEIC\2017\3 - MELHORA COMPETITIVIDADE.pdf | motivo=PDF sem texto extraível; pode ser escaneado
08/09/2026 09:56:37 | WARNING | PDF não indexado | arquivo=F:\Documentos\Rafael\4 - ARQUIVO MORTO\SAFRAS ARMAZÉNS GERAIS LTDA\PRODEIC\2017\4 - Rais.pdf | motivo=PDF sem texto extraível; pode ser escaneado
08/09/2026 09:56:37 | WARNING | PDF não indexado | arquivo=F:\Documentos\Rafael\4 - ARQUIVO MORTO\SAFRAS ARMAZÉNS GERAIS LTDA\PRODEIC\2017\5 - Participação nos Lucros.pdf | motivo=PDF sem texto extraível; pode ser escaneado
08/09/2026 09:56:37 | WARNING | PDF não indexado | arquivo=F:\Documentos\Rafael\4 - ARQUIVO MORTO\SAFRAS ARMAZÉNS GERAIS LTDA\PRODEIC\2017\7 - Balanço 2017.pdf | motivo=PDF sem texto extraível; pode ser escaneado
08/09/2026 09:56:37 | WARNING | PDF não indexado | arquivo=F:\Documentos\Rafael\4 - ARQUIVO MORTO\SAFRAS ARMAZÉNS GERAIS LTDA\PRODEIC\2017\8 - RESPONSABILIDADE SOCIAL.pdf | motivo=PDF sem texto extraível; pode ser escaneado
08/09/2026 09:56:38 | WARNING | PDF não indexado | arquivo=F:\Documentos\Rafael\4 - ARQUIVO MORTO\SAFRAS ARMAZÉNS GERAIS LTDA\PRODEIC\2017\9 - CONTRATO MENOR APRENDIZ 2018.pdf | motivo=PDF sem texto extraível; pode ser escaneado
08/09/2026 09:56:38 | WARNING | PDF não indexado | arquivo=F:\Documentos\Rafael\4 - ARQUIVO MORTO\SAFRAS ARMAZÉNS GERAIS LTDA\PRODEIC\2018\11 - LAZER.pdf | motivo=PDF sem texto extraível; pode ser escaneado
08/09/2026 09:56:39 | WARNING | PDF não indexado | arquivo=F:\Documentos\Rafael\4 - ARQUIVO MORTO\SAFRAS ARMAZÉNS GERAIS LTDA\PRODEIC\2018\12 - PLANO DE SAUDE.pdf | motivo=PDF sem texto extraível; pode ser escaneado
08/09/2026 09:56:39 | WARNING | PDF não indexado | arquivo=F:\Documentos\Rafael\4 - ARQUIVO MORTO\SAFRAS ARMAZÉNS GERAIS LTDA\PRODEIC\2018\2 - CONTROLE QUALIDADE.pdf | motivo=PDF sem texto extraível; pode ser escaneado
08/09/2026 09:56:39 | WARNING | PDF não indexado | arquivo=F:\Documentos\Rafael\4 - ARQUIVO MORTO\SAFRAS ARMAZÉNS GERAIS LTDA\PRODEIC\2018\3 - CONTRIB. E MELHORIA DA COMPETITIVIDADE.pdf | motivo=PDF sem texto extraível; pode ser escaneado
08/09/2026 09:56:39 | WARNING | PDF não indexado | arquivo=F:\Documentos\Rafael\4 - ARQUIVO MORTO\SAFRAS ARMAZÉNS GERAIS LTDA\PRODEIC\2018\4 - RAIS 2018.pdf | motivo=PDF sem texto extraível; pode ser escaneado
08/09/2026 09:56:39 | WARNING | PDF não indexado | arquivo=F:\Documentos\Rafael\4 - ARQUIVO MORTO\SAFRAS ARMAZÉNS GERAIS LTDA\PRODEIC\2018\7 - BALANÇO.pdf | motivo=PDF sem texto extraível; pode ser escaneado
08/09/2026 09:56:42 | INFO | Indexação em andamento | 6700 de 27964 PDFs
08/09/2026 09:56:43 | WARNING | PDF não indexado | arquivo=F:\Documentos\Rafael\4 - ARQUIVO MORTO\SAFRAS ARMAZÉNS GERAIS LTDA\PRODEIC\2018\8 - RESPONSABILIDADE SOCIAL.pdf | motivo=PDF sem texto extraível; pode ser escaneado
08/09/2026 09:56:43 | WARNING | PDF não indexado | arquivo=F:\Documentos\Rafael\4 - ARQUIVO MORTO\SAFRAS ARMAZÉNS GERAIS LTDA\PRODEIC\2018\9 - MENOR APRENDIZ\CARTEIRA DE TRABALHO 01 - GABRIEL.pdf | motivo=PDF sem texto extraível; pode ser escaneado
08/09/2026 09:56:43 | WARNING | PDF não indexado | arquivo=F:\Documentos\Rafael\4 - ARQUIVO MORTO\SAFRAS ARMAZÉNS GERAIS LTDA\PRODEIC\2018\9 - MENOR APRENDIZ\CARTEIRA DE TRABALHO 02 - GABRIEL.pdf | motivo=PDF sem texto extraível; pode ser escaneado
08/09/2026 09:56:43 | WARNING | PDF não indexado | arquivo=F:\Documentos\Rafael\4 - ARQUIVO MORTO\SAFRAS ARMAZÉNS GERAIS LTDA\PRODEIC\2018\9 - MENOR APRENDIZ\CARTEIRA DE TRABALHO 03 - GABRIEL.pdf | motivo=PDF sem texto extraível; pode ser escaneado
08/09/2026 09:56:43 | WARNING | PDF não indexado | arquivo=F:\Documentos\Rafael\4 - ARQUIVO MORTO\SAFRAS ARMAZÉNS GERAIS LTDA\PRODEIC\2018\9 - MENOR APRENDIZ\carteira de trabalho mariana.pdf | motivo=PDF sem texto extraível; pode ser escaneado
08/09/2026 09:56:43 | WARNING | PDF não indexado | arquivo=F:\Documentos\Rafael\4 - ARQUIVO MORTO\SAFRAS ARMAZÉNS GERAIS LTDA\PRODEIC\2018\9 - MENOR APRENDIZ\CONTRATO MENOR APRENDIZ GABRIEL HENRIQUE.pdf | motivo=PDF sem texto extraível; pode ser escaneado
08/09/2026 09:56:44 | WARNING | PDF não indexado | arquivo=F:\Documentos\Rafael\4 - ARQUIVO MORTO\SAFRAS ARMAZÉNS GERAIS LTDA\PRODEIC\2018\9 - MENOR APRENDIZ\CONTRATO MENOR APRENDIZ MARIANA OLINDA.pdf | motivo=PDF sem texto extraível; pode ser escaneado
08/09/2026 09:56:44 | WARNING | PDF não indexado | arquivo=F:\Documentos\Rafael\4 - ARQUIVO MORTO\SAFRAS ARMAZÉNS GERAIS LTDA\PRODEIC\2018\9 - MENOR APRENDIZ\CONTRATO MENOR APRENDIZ NATAN WILLIAN.pdf | motivo=PDF sem texto extraível; pode ser escaneado
08/09/2026 09:56:44 | WARNING | PDF não indexado | arquivo=F:\Documentos\Rafael\4 - ARQUIVO MORTO\SAFRAS ARMAZÉNS GERAIS LTDA\PRODEIC\2019\10 - CONTRIBUIÇÃO IDH.pdf | motivo=PDF sem texto extraível; pode ser escaneado
08/09/2026 09:56:45 | WARNING | PDF não indexado | arquivo=F:\Documentos\Rafael\4 - ARQUIVO MORTO\SAFRAS ARMAZÉNS GERAIS LTDA\PRODEIC\2019\11 - LAZER.pdf | motivo=PDF sem texto extraível; pode ser escaneado
08/09/2026 09:56:45 | WARNING | PDF não indexado | arquivo=F:\Documentos\Rafael\4 - ARQUIVO MORTO\SAFRAS ARMAZÉNS GERAIS LTDA\PRODEIC\2019\12 - PLANO DE SAUDE.pdf | motivo=PDF sem texto extraível; pode ser escaneado
08/09/2026 09:56:45 | WARNING | PDF não indexado | arquivo=F:\Documentos\Rafael\4 - ARQUIVO MORTO\SAFRAS ARMAZÉNS GERAIS LTDA\PRODEIC\2019\2 - IMPLANTAÇÃO CONTROLE DE QUALIDADE.pdf | motivo=PDF sem texto extraível; pode ser escaneado
08/09/2026 09:56:45 | WARNING | PDF não indexado | arquivo=F:\Documentos\Rafael\4 - ARQUIVO MORTO\SAFRAS ARMAZÉNS GERAIS LTDA\PRODEIC\2019\4 - INFORMAÇÕES SOBRE DESOBRIGAÇÃO DO RAIS CAGED.pdf | motivo=PDF sem texto extraível; pode ser escaneado
08/09/2026 09:56:45 | WARNING | PDF não indexado | arquivo=F:\Documentos\Rafael\4 - ARQUIVO MORTO\SAFRAS ARMAZÉNS GERAIS LTDA\PRODEIC\2019\5 - PARTICIPAÇÃO NOS LUCROS E RESULTADOS.pdf | motivo=PDF sem texto extraível; pode ser escaneado
08/09/2026 09:56:45 | WARNING | PDF não indexado | arquivo=F:\Documentos\Rafael\4 - ARQUIVO MORTO\SAFRAS ARMAZÉNS GERAIS LTDA\PRODEIC\2019\5 - PARTICIPAÇÃO NOS LUCROS.pdf | motivo=PDF sem texto extraível; pode ser escaneado
08/09/2026 09:56:45 | WARNING | PDF não indexado | arquivo=F:\Documentos\Rafael\4 - ARQUIVO MORTO\SAFRAS ARMAZÉNS GERAIS LTDA\PRODEIC\2019\7 - BALANÇO.pdf | motivo=PDF sem texto extraível; pode ser escaneado
08/09/2026 09:56:46 | WARNING | PDF não indexado | arquivo=F:\Documentos\Rafael\4 - ARQUIVO MORTO\SAFRAS ARMAZÉNS GERAIS LTDA\PRODEIC\2019\7 - NOTAS IMOBILIZADO.pdf | motivo=PDF sem texto extraível; pode ser escaneado
08/09/2026 09:56:46 | WARNING | PDF não indexado | arquivo=F:\Documentos\Rafael\4 - ARQUIVO MORTO\SAFRAS ARMAZÉNS GERAIS LTDA\PRODEIC\2019\8 - RESPONSABILIDADE SOCIAL.pdf | motivo=PDF sem texto extraível; pode ser escaneado
08/09/2026 09:56:46 | WARNING | PDF não indexado | arquivo=F:\Documentos\Rafael\4 - ARQUIVO MORTO\SAFRAS ARMAZÉNS GERAIS LTDA\PRODEIC\2019\9 - CONTRATO MENOR APRENIZ.pdf | motivo=PDF sem texto extraível; pode ser escaneado
08/09/2026 09:56:49 | INFO | Indexação em andamento | 6800 de 27964 PDFs
08/09/2026 09:56:53 | INFO | Indexação em andamento | 6900 de 27964 PDFs
08/09/2026 09:57:08 | WARNING | PDF não indexado | arquivo=F:\Documentos\Rafael\4 - ARQUIVO MORTO\SAFRAS ARMAZÉNS GERAIS LTDA\PRODEIC\DOCUMENTOS SOLICITADOS EMAIL - 03.2022   (Enviados)\DOCUMENTOS PROTOCOLADOS\Item 5 - Holerites\2015.pdf | motivo=PDF sem texto extraível; pode ser escaneado
08/09/2026 09:57:09 | WARNING | PDF não indexado | arquivo=F:\Documentos\Rafael\4 - ARQUIVO MORTO\SAFRAS ARMAZÉNS GERAIS LTDA\PRODEIC\DOCUMENTOS SOLICITADOS EMAIL - 03.2022   (Enviados)\DOCUMENTOS PROTOCOLADOS\Item 5 - Holerites\2016.pdf | motivo=PDF sem texto extraível; pode ser escaneado
08/09/2026 09:57:09 | WARNING | PDF não indexado | arquivo=F:\Documentos\Rafael\4 - ARQUIVO MORTO\SAFRAS ARMAZÉNS GERAIS LTDA\PRODEIC\DOCUMENTOS SOLICITADOS EMAIL - 03.2022   (Enviados)\DOCUMENTOS PROTOCOLADOS\Item 5 - Holerites\2017.pdf | motivo=PDF sem texto extraível; pode ser escaneado
08/09/2026 09:57:10 | WARNING | PDF não indexado | arquivo=F:\Documentos\Rafael\4 - ARQUIVO MORTO\SAFRAS ARMAZÉNS GERAIS LTDA\PRODEIC\DOCUMENTOS SOLICITADOS EMAIL - 03.2022   (Enviados)\DOCUMENTOS PROTOCOLADOS\Item 5 - Holerites\2018.pdf | motivo=PDF sem texto extraível; pode ser escaneado
08/09/2026 09:57:10 | WARNING | PDF não indexado | arquivo=F:\Documentos\Rafael\4 - ARQUIVO MORTO\SAFRAS ARMAZÉNS GERAIS LTDA\PRODEIC\DOCUMENTOS SOLICITADOS EMAIL - 03.2022   (Enviados)\DOCUMENTOS PROTOCOLADOS\Item 5 - Holerites\HOLERITES 2015\ANTONIO SERGIO COSTA DOS SANTOS.pdf | motivo=PDF sem texto extraível; pode ser escaneado
08/09/2026 09:57:10 | WARNING | PDF não indexado | arquivo=F:\Documentos\Rafael\4 - ARQUIVO MORTO\SAFRAS ARMAZÉNS GERAIS LTDA\PRODEIC\DOCUMENTOS SOLICITADOS EMAIL - 03.2022   (Enviados)\DOCUMENTOS PROTOCOLADOS\Item 5 - Holerites\HOLERITES 2015\ELIZIANE DE MORAIS.pdf | motivo=PDF sem texto extraível; pode ser escaneado
08/09/2026 09:57:10 | WARNING | PDF não indexado | arquivo=F:\Documentos\Rafael\4 - ARQUIVO MORTO\SAFRAS ARMAZÉNS GERAIS LTDA\PRODEIC\DOCUMENTOS SOLICITADOS EMAIL - 03.2022   (Enviados)\DOCUMENTOS PROTOCOLADOS\Item 5 - Holerites\HOLERITES 2015\EVERALDO DOS SANTOS PEREIRA.pdf | motivo=PDF sem texto extraível; pode ser escaneado
08/09/2026 09:57:10 | WARNING | PDF não indexado | arquivo=F:\Documentos\Rafael\4 - ARQUIVO MORTO\SAFRAS ARMAZÉNS GERAIS LTDA\PRODEIC\DOCUMENTOS SOLICITADOS EMAIL - 03.2022   (Enviados)\DOCUMENTOS PROTOCOLADOS\Item 5 - Holerites\HOLERITES 2015\ILDAMAR ALVEZ DA CUNHA.pdf | motivo=PDF sem texto extraível; pode ser escaneado
08/09/2026 09:57:10 | WARNING | PDF não indexado | arquivo=F:\Documentos\Rafael\4 - ARQUIVO MORTO\SAFRAS ARMAZÉNS GERAIS LTDA\PRODEIC\DOCUMENTOS SOLICITADOS EMAIL - 03.2022   (Enviados)\DOCUMENTOS PROTOCOLADOS\Item 5 - Holerites\HOLERITES 2015\JOSE PEREIRA DOS SANTOS.pdf | motivo=PDF sem texto extraível; pode ser escaneado
08/09/2026 09:57:10 | WARNING | PDF não indexado | arquivo=F:\Documentos\Rafael\4 - ARQUIVO MORTO\SAFRAS ARMAZÉNS GERAIS LTDA\PRODEIC\DOCUMENTOS SOLICITADOS EMAIL - 03.2022   (Enviados)\DOCUMENTOS PROTOCOLADOS\Item 5 - Holerites\HOLERITES 2015\OBERLANDO VIANA DA SILVA.pdf | motivo=PDF sem texto extraível; pode ser escaneado
08/09/2026 09:57:10 | WARNING | PDF não indexado | arquivo=F:\Documentos\Rafael\4 - ARQUIVO MORTO\SAFRAS ARMAZÉNS GERAIS LTDA\PRODEIC\DOCUMENTOS SOLICITADOS EMAIL - 03.2022   (Enviados)\DOCUMENTOS PROTOCOLADOS\Item 5 - Holerites\HOLERITES 2015\REGINALDO DOS SANTOS MADEIRA.pdf | motivo=PDF sem texto extraível; pode ser escaneado
08/09/2026 09:57:10 | WARNING | PDF não indexado | arquivo=F:\Documentos\Rafael\4 - ARQUIVO MORTO\SAFRAS ARMAZÉNS GERAIS LTDA\PRODEIC\DOCUMENTOS SOLICITADOS EMAIL - 03.2022   (Enviados)\DOCUMENTOS PROTOCOLADOS\Item 5 - Holerites\HOLERITES 2015\SEBASTIANA BARBOSA DOS SANTOS.pdf | motivo=PDF sem texto extraível; pode ser escaneado
08/09/2026 09:57:10 | WARNING | PDF não indexado | arquivo=F:\Documentos\Rafael\4 - ARQUIVO MORTO\SAFRAS ARMAZÉNS GERAIS LTDA\PRODEIC\DOCUMENTOS SOLICITADOS EMAIL - 03.2022   (Enviados)\DOCUMENTOS PROTOCOLADOS\Item 5 - Holerites\HOLERITES 2016\ADRIANA CRISTINA ANDREIV.pdf | motivo=PDF sem texto extraível; pode ser escaneado
08/09/2026 09:57:10 | WARNING | PDF não indexado | arquivo=F:\Documentos\Rafael\4 - ARQUIVO MORTO\SAFRAS ARMAZÉNS GERAIS LTDA\PRODEIC\DOCUMENTOS SOLICITADOS EMAIL - 03.2022   (Enviados)\DOCUMENTOS PROTOCOLADOS\Item 5 - Holerites\HOLERITES 2016\ALESSANDRO BIANCHETTO.pdf | motivo=PDF sem texto extraível; pode ser escaneado
08/09/2026 09:57:10 | WARNING | PDF não indexado | arquivo=F:\Documentos\Rafael\4 - ARQUIVO MORTO\SAFRAS ARMAZÉNS GERAIS LTDA\PRODEIC\DOCUMENTOS SOLICITADOS EMAIL - 03.2022   (Enviados)\DOCUMENTOS PROTOCOLADOS\Item 5 - Holerites\HOLERITES 2016\ANTONIO SERGIO COSTA DOS SANTOS.pdf | motivo=PDF sem texto extraível; pode ser escaneado
08/09/2026 09:57:10 | WARNING | PDF não indexado | arquivo=F:\Documentos\Rafael\4 - ARQUIVO MORTO\SAFRAS ARMAZÉNS GERAIS LTDA\PRODEIC\DOCUMENTOS SOLICITADOS EMAIL - 03.2022   (Enviados)\DOCUMENTOS PROTOCOLADOS\Item 5 - Holerites\HOLERITES 2016\CLAITON CESAR COSTA.pdf | motivo=PDF sem texto extraível; pode ser escaneado
08/09/2026 09:57:10 | WARNING | PDF não indexado | arquivo=F:\Documentos\Rafael\4 - ARQUIVO MORTO\SAFRAS ARMAZÉNS GERAIS LTDA\PRODEIC\DOCUMENTOS SOLICITADOS EMAIL - 03.2022   (Enviados)\DOCUMENTOS PROTOCOLADOS\Item 5 - Holerites\HOLERITES 2016\CLEBER LUIZ BEDIN.pdf | motivo=PDF sem texto extraível; pode ser escaneado
08/09/2026 09:57:10 | WARNING | PDF não indexado | arquivo=F:\Documentos\Rafael\4 - ARQUIVO MORTO\SAFRAS ARMAZÉNS GERAIS LTDA\PRODEIC\DOCUMENTOS SOLICITADOS EMAIL - 03.2022   (Enviados)\DOCUMENTOS PROTOCOLADOS\Item 5 - Holerites\HOLERITES 2016\ELIZIANE DE MORAIS.pdf | motivo=PDF sem texto extraível; pode ser escaneado
08/09/2026 09:57:10 | WARNING | PDF não indexado | arquivo=F:\Documentos\Rafael\4 - ARQUIVO MORTO\SAFRAS ARMAZÉNS GERAIS LTDA\PRODEIC\DOCUMENTOS SOLICITADOS EMAIL - 03.2022   (Enviados)\DOCUMENTOS PROTOCOLADOS\Item 5 - Holerites\HOLERITES 2016\ERIALDO CRUZ SOUZA.pdf | motivo=PDF sem texto extraível; pode ser escaneado
08/09/2026 09:57:11 | WARNING | PDF não indexado | arquivo=F:\Documentos\Rafael\4 - ARQUIVO MORTO\SAFRAS ARMAZÉNS GERAIS LTDA\PRODEIC\DOCUMENTOS SOLICITADOS EMAIL - 03.2022   (Enviados)\DOCUMENTOS PROTOCOLADOS\Item 5 - Holerites\HOLERITES 2016\GEFERSON LUIZ OLIVEIRA.pdf | motivo=PDF sem texto extraível; pode ser escaneado
08/09/2026 09:57:11 | WARNING | PDF não indexado | arquivo=F:\Documentos\Rafael\4 - ARQUIVO MORTO\SAFRAS ARMAZÉNS GERAIS LTDA\PRODEIC\DOCUMENTOS SOLICITADOS EMAIL - 03.2022   (Enviados)\DOCUMENTOS PROTOCOLADOS\Item 5 - Holerites\HOLERITES 2016\JOSE ARAUJO DE CASTRO.pdf | motivo=PDF sem texto extraível; pode ser escaneado
08/09/2026 09:57:11 | WARNING | PDF não indexado | arquivo=F:\Documentos\Rafael\4 - ARQUIVO MORTO\SAFRAS ARMAZÉNS GERAIS LTDA\PRODEIC\DOCUMENTOS SOLICITADOS EMAIL - 03.2022   (Enviados)\DOCUMENTOS PROTOCOLADOS\Item 5 - Holerites\HOLERITES 2016\MATEUS FELIPE MORAES.pdf | motivo=PDF sem texto extraível; pode ser escaneado
08/09/2026 09:57:11 | WARNING | PDF não indexado | arquivo=F:\Documentos\Rafael\4 - ARQUIVO MORTO\SAFRAS ARMAZÉNS GERAIS LTDA\PRODEIC\DOCUMENTOS SOLICITADOS EMAIL - 03.2022   (Enviados)\DOCUMENTOS PROTOCOLADOS\Item 5 - Holerites\HOLERITES 2017\ALESSANDRO BIANCHETTO.pdf | motivo=PDF sem texto extraível; pode ser escaneado
08/09/2026 09:57:11 | WARNING | PDF não indexado | arquivo=F:\Documentos\Rafael\4 - ARQUIVO MORTO\SAFRAS ARMAZÉNS GERAIS LTDA\PRODEIC\DOCUMENTOS SOLICITADOS EMAIL - 03.2022   (Enviados)\DOCUMENTOS PROTOCOLADOS\Item 5 - Holerites\HOLERITES 2017\ANDRESSA HOFFMANN DOS SANTOS.pdf | motivo=PDF sem texto extraível; pode ser escaneado
08/09/2026 09:57:11 | INFO | Indexação em andamento | 7000 de 27964 PDFs
08/09/2026 09:57:11 | WARNING | PDF não indexado | arquivo=F:\Documentos\Rafael\4 - ARQUIVO MORTO\SAFRAS ARMAZÉNS GERAIS LTDA\PRODEIC\DOCUMENTOS SOLICITADOS EMAIL - 03.2022   (Enviados)\DOCUMENTOS PROTOCOLADOS\Item 5 - Holerites\HOLERITES 2017\ANTONIO SERGIO COSTA DOS SANTOS.pdf | motivo=PDF sem texto extraível; pode ser escaneado
08/09/2026 09:57:11 | WARNING | PDF não indexado | arquivo=F:\Documentos\Rafael\4 - ARQUIVO MORTO\SAFRAS ARMAZÉNS GERAIS LTDA\PRODEIC\DOCUMENTOS SOLICITADOS EMAIL - 03.2022   (Enviados)\DOCUMENTOS PROTOCOLADOS\Item 5 - Holerites\HOLERITES 2017\AQUILA ZANONI.pdf | motivo=PDF sem texto extraível; pode ser escaneado
08/09/2026 09:57:11 | WARNING | PDF não indexado | arquivo=F:\Documentos\Rafael\4 - ARQUIVO MORTO\SAFRAS ARMAZÉNS GERAIS LTDA\PRODEIC\DOCUMENTOS SOLICITADOS EMAIL - 03.2022   (Enviados)\DOCUMENTOS PROTOCOLADOS\Item 5 - Holerites\HOLERITES 2017\CLAITON CESAR COSTA.pdf | motivo=PDF sem texto extraível; pode ser escaneado
08/09/2026 09:57:11 | WARNING | PDF não indexado | arquivo=F:\Documentos\Rafael\4 - ARQUIVO MORTO\SAFRAS ARMAZÉNS GERAIS LTDA\PRODEIC\DOCUMENTOS SOLICITADOS EMAIL - 03.2022   (Enviados)\DOCUMENTOS PROTOCOLADOS\Item 5 - Holerites\HOLERITES 2017\ELIZIANE DE MORAIS.pdf | motivo=PDF sem texto extraível; pode ser escaneado
08/09/2026 09:57:11 | WARNING | PDF não indexado | arquivo=F:\Documentos\Rafael\4 - ARQUIVO MORTO\SAFRAS ARMAZÉNS GERAIS LTDA\PRODEIC\DOCUMENTOS SOLICITADOS EMAIL - 03.2022   (Enviados)\DOCUMENTOS PROTOCOLADOS\Item 5 - Holerites\HOLERITES 2017\ERIALDO CRUZ SOUZA.pdf | motivo=PDF sem texto extraível; pode ser escaneado
08/09/2026 09:57:11 | WARNING | PDF não indexado | arquivo=F:\Documentos\Rafael\4 - ARQUIVO MORTO\SAFRAS ARMAZÉNS GERAIS LTDA\PRODEIC\DOCUMENTOS SOLICITADOS EMAIL - 03.2022   (Enviados)\DOCUMENTOS PROTOCOLADOS\Item 5 - Holerites\HOLERITES 2017\GEFERSON LUIZ OLIVEIRA.pdf | motivo=PDF sem texto extraível; pode ser escaneado
08/09/2026 09:57:11 | WARNING | PDF não indexado | arquivo=F:\Documentos\Rafael\4 - ARQUIVO MORTO\SAFRAS ARMAZÉNS GERAIS LTDA\PRODEIC\DOCUMENTOS SOLICITADOS EMAIL - 03.2022   (Enviados)\DOCUMENTOS PROTOCOLADOS\Item 5 - Holerites\HOLERITES 2017\JOAO BATISTA DA COSTA.pdf | motivo=PDF sem texto extraível; pode ser escaneado
08/09/2026 09:57:11 | WARNING | PDF não indexado | arquivo=F:\Documentos\Rafael\4 - ARQUIVO MORTO\SAFRAS ARMAZÉNS GERAIS LTDA\PRODEIC\DOCUMENTOS SOLICITADOS EMAIL - 03.2022   (Enviados)\DOCUMENTOS PROTOCOLADOS\Item 5 - Holerites\HOLERITES 2017\JOSE ARAUJO DE CASTRO.pdf | motivo=PDF sem texto extraível; pode ser escaneado
08/09/2026 09:57:11 | WARNING | PDF não indexado | arquivo=F:\Documentos\Rafael\4 - ARQUIVO MORTO\SAFRAS ARMAZÉNS GERAIS LTDA\PRODEIC\DOCUMENTOS SOLICITADOS EMAIL - 03.2022   (Enviados)\DOCUMENTOS PROTOCOLADOS\Item 5 - Holerites\HOLERITES 2017\JOSE PAULO PHILIPPI.pdf | motivo=PDF sem texto extraível; pode ser escaneado
08/09/2026 09:57:11 | WARNING | PDF não indexado | arquivo=F:\Documentos\Rafael\4 - ARQUIVO MORTO\SAFRAS ARMAZÉNS GERAIS LTDA\PRODEIC\DOCUMENTOS SOLICITADOS EMAIL - 03.2022   (Enviados)\DOCUMENTOS PROTOCOLADOS\Item 5 - Holerites\HOLERITES 2017\JOSIMAR FERREIRA DE SENA.pdf | motivo=PDF sem texto extraível; pode ser escaneado
08/09/2026 09:57:11 | WARNING | PDF não indexado | arquivo=F:\Documentos\Rafael\4 - ARQUIVO MORTO\SAFRAS ARMAZÉNS GERAIS LTDA\PRODEIC\DOCUMENTOS SOLICITADOS EMAIL - 03.2022   (Enviados)\DOCUMENTOS PROTOCOLADOS\Item 5 - Holerites\HOLERITES 2018\ADRIANA CRISTINA ANDREIV BATISTA.pdf | motivo=PDF sem texto extraível; pode ser escaneado
08/09/2026 09:57:11 | WARNING | PDF não indexado | arquivo=F:\Documentos\Rafael\4 - ARQUIVO MORTO\SAFRAS ARMAZÉNS GERAIS LTDA\PRODEIC\DOCUMENTOS SOLICITADOS EMAIL - 03.2022   (Enviados)\DOCUMENTOS PROTOCOLADOS\Item 5 - Holerites\HOLERITES 2018\ALESSANDRO BIANCHETTO.pdf | motivo=PDF sem texto extraível; pode ser escaneado
08/09/2026 09:57:11 | WARNING | PDF não indexado | arquivo=F:\Documentos\Rafael\4 - ARQUIVO MORTO\SAFRAS ARMAZÉNS GERAIS LTDA\PRODEIC\DOCUMENTOS SOLICITADOS EMAIL - 03.2022   (Enviados)\DOCUMENTOS PROTOCOLADOS\Item 5 - Holerites\HOLERITES 2018\ANDRESSA HOFFMANN DOS SANTOS.pdf | motivo=PDF sem texto extraível; pode ser escaneado
08/09/2026 09:57:11 | WARNING | PDF não indexado | arquivo=F:\Documentos\Rafael\4 - ARQUIVO MORTO\SAFRAS ARMAZÉNS GERAIS LTDA\PRODEIC\DOCUMENTOS SOLICITADOS EMAIL - 03.2022   (Enviados)\DOCUMENTOS PROTOCOLADOS\Item 5 - Holerites\HOLERITES 2018\ANGELO MENIN.pdf | motivo=PDF sem texto extraível; pode ser escaneado
08/09/2026 09:57:11 | WARNING | PDF não indexado | arquivo=F:\Documentos\Rafael\4 - ARQUIVO MORTO\SAFRAS ARMAZÉNS GERAIS LTDA\PRODEIC\DOCUMENTOS SOLICITADOS EMAIL - 03.2022   (Enviados)\DOCUMENTOS PROTOCOLADOS\Item 5 - Holerites\HOLERITES 2018\ANTONIO MORAES.pdf | motivo=PDF sem texto extraível; pode ser escaneado
08/09/2026 09:57:12 | WARNING | PDF não indexado | arquivo=F:\Documentos\Rafael\4 - ARQUIVO MORTO\SAFRAS ARMAZÉNS GERAIS LTDA\PRODEIC\DOCUMENTOS SOLICITADOS EMAIL - 03.2022   (Enviados)\DOCUMENTOS PROTOCOLADOS\Item 5 - Holerites\HOLERITES 2018\ANTONIO SERGIO COSTA DOS SANTOS.pdf | motivo=PDF sem texto extraível; pode ser escaneado
08/09/2026 09:57:12 | WARNING | PDF não indexado | arquivo=F:\Documentos\Rafael\4 - ARQUIVO MORTO\SAFRAS ARMAZÉNS GERAIS LTDA\PRODEIC\DOCUMENTOS SOLICITADOS EMAIL - 03.2022   (Enviados)\DOCUMENTOS PROTOCOLADOS\Item 5 - Holerites\HOLERITES 2018\AQUILA ZANONI.pdf | motivo=PDF sem texto extraível; pode ser escaneado
08/09/2026 09:57:12 | WARNING | PDF não indexado | arquivo=F:\Documentos\Rafael\4 - ARQUIVO MORTO\SAFRAS ARMAZÉNS GERAIS LTDA\PRODEIC\DOCUMENTOS SOLICITADOS EMAIL - 03.2022   (Enviados)\DOCUMENTOS PROTOCOLADOS\Item 5 - Holerites\HOLERITES 2018\CLAITON CESAR COSTA.pdf | motivo=PDF sem texto extraível; pode ser escaneado
08/09/2026 09:57:12 | WARNING | PDF não indexado | arquivo=F:\Documentos\Rafael\4 - ARQUIVO MORTO\SAFRAS ARMAZÉNS GERAIS LTDA\PRODEIC\DOCUMENTOS SOLICITADOS EMAIL - 03.2022   (Enviados)\DOCUMENTOS PROTOCOLADOS\Item 5 - Holerites\HOLERITES 2018\CLOVIS TRINDADE.pdf | motivo=PDF sem texto extraível; pode ser escaneado
08/09/2026 09:57:12 | WARNING | PDF não indexado | arquivo=F:\Documentos\Rafael\4 - ARQUIVO MORTO\SAFRAS ARMAZÉNS GERAIS LTDA\PRODEIC\DOCUMENTOS SOLICITADOS EMAIL - 03.2022   (Enviados)\DOCUMENTOS PROTOCOLADOS\Item 5 - Holerites\HOLERITES 2018\EDMILSON COSTA SOUZA.pdf | motivo=PDF sem texto extraível; pode ser escaneado
08/09/2026 09:57:12 | WARNING | PDF não indexado | arquivo=F:\Documentos\Rafael\4 - ARQUIVO MORTO\SAFRAS ARMAZÉNS GERAIS LTDA\PRODEIC\DOCUMENTOS SOLICITADOS EMAIL - 03.2022   (Enviados)\DOCUMENTOS PROTOCOLADOS\Item 5 - Holerites\HOLERITES 2018\ELENICE APARECIDA MORAES DAMBROZIO.pdf | motivo=PDF sem texto extraível; pode ser escaneado
08/09/2026 09:57:12 | WARNING | PDF não indexado | arquivo=F:\Documentos\Rafael\4 - ARQUIVO MORTO\SAFRAS ARMAZÉNS GERAIS LTDA\PRODEIC\DOCUMENTOS SOLICITADOS EMAIL - 03.2022   (Enviados)\DOCUMENTOS PROTOCOLADOS\Item 5 - Holerites\HOLERITES 2018\ELIZIANE DE MORAIS.pdf | motivo=PDF sem texto extraível; pode ser escaneado
08/09/2026 09:57:12 | WARNING | PDF não indexado | arquivo=F:\Documentos\Rafael\4 - ARQUIVO MORTO\SAFRAS ARMAZÉNS GERAIS LTDA\PRODEIC\DOCUMENTOS SOLICITADOS EMAIL - 03.2022   (Enviados)\DOCUMENTOS PROTOCOLADOS\Item 5 - Holerites\HOLERITES 2018\ERIALDO CRUZ SOUZA.pdf | motivo=PDF sem texto extraível; pode ser escaneado
08/09/2026 09:57:12 | WARNING | PDF não indexado | arquivo=F:\Documentos\Rafael\4 - ARQUIVO MORTO\SAFRAS ARMAZÉNS GERAIS LTDA\PRODEIC\DOCUMENTOS SOLICITADOS EMAIL - 03.2022   (Enviados)\DOCUMENTOS PROTOCOLADOS\Item 5 - Holerites\HOLERITES 2018\EVERALDO DOS SANTOS PEREIRA.pdf | motivo=PDF sem texto extraível; pode ser escaneado
08/09/2026 09:57:12 | WARNING | PDF não indexado | arquivo=F:\Documentos\Rafael\4 - ARQUIVO MORTO\SAFRAS ARMAZÉNS GERAIS LTDA\PRODEIC\DOCUMENTOS SOLICITADOS EMAIL - 03.2022   (Enviados)\DOCUMENTOS PROTOCOLADOS\Item 5 - Holerites\HOLERITES 2018\FABIAN SELL.pdf | motivo=PDF sem texto extraível; pode ser escaneado
08/09/2026 09:57:12 | WARNING | PDF não indexado | arquivo=F:\Documentos\Rafael\4 - ARQUIVO MORTO\SAFRAS ARMAZÉNS GERAIS LTDA\PRODEIC\DOCUMENTOS SOLICITADOS EMAIL - 03.2022   (Enviados)\DOCUMENTOS PROTOCOLADOS\Item 5 - Holerites\HOLERITES 2018\FABIANO MOTA GUALTER.pdf | motivo=PDF sem texto extraível; pode ser escaneado
08/09/2026 09:57:12 | WARNING | PDF não indexado | arquivo=F:\Documentos\Rafael\4 - ARQUIVO MORTO\SAFRAS ARMAZÉNS GERAIS LTDA\PRODEIC\DOCUMENTOS SOLICITADOS EMAIL - 03.2022   (Enviados)\DOCUMENTOS PROTOCOLADOS\Item 5 - Holerites\HOLERITES 2018\GEFERSON LUIZ  DE OLIVEIRA.pdf | motivo=PDF sem texto extraível; pode ser escaneado
08/09/2026 09:57:12 | WARNING | PDF não indexado | arquivo=F:\Documentos\Rafael\4 - ARQUIVO MORTO\SAFRAS ARMAZÉNS GERAIS LTDA\PRODEIC\DOCUMENTOS SOLICITADOS EMAIL - 03.2022   (Enviados)\DOCUMENTOS PROTOCOLADOS\Item 5 - Holerites\HOLERITES 2018\JAMES ROY FERREIRA.pdf | motivo=PDF sem texto extraível; pode ser escaneado
08/09/2026 09:57:12 | WARNING | PDF não indexado | arquivo=F:\Documentos\Rafael\4 - ARQUIVO MORTO\SAFRAS ARMAZÉNS GERAIS LTDA\PRODEIC\DOCUMENTOS SOLICITADOS EMAIL - 03.2022   (Enviados)\DOCUMENTOS PROTOCOLADOS\Item 5 - Holerites\HOLERITES 2018\JOAO BATISTA COSTA.pdf | motivo=PDF sem texto extraível; pode ser escaneado
08/09/2026 09:57:12 | WARNING | PDF não indexado | arquivo=F:\Documentos\Rafael\4 - ARQUIVO MORTO\SAFRAS ARMAZÉNS GERAIS LTDA\PRODEIC\DOCUMENTOS SOLICITADOS EMAIL - 03.2022   (Enviados)\DOCUMENTOS PROTOCOLADOS\Item 5 - Holerites\HOLERITES 2018\JOSE ARAUJO DE CASTRO.pdf | motivo=PDF sem texto extraível; pode ser escaneado
08/09/2026 09:57:12 | WARNING | PDF não indexado | arquivo=F:\Documentos\Rafael\4 - ARQUIVO MORTO\SAFRAS ARMAZÉNS GERAIS LTDA\PRODEIC\DOCUMENTOS SOLICITADOS EMAIL - 03.2022   (Enviados)\DOCUMENTOS PROTOCOLADOS\Item 5 - Holerites\HOLERITES 2018\JOSE PAULO PHILIPPI.pdf | motivo=PDF sem texto extraível; pode ser escaneado
08/09/2026 09:57:12 | WARNING | PDF não indexado | arquivo=F:\Documentos\Rafael\4 - ARQUIVO MORTO\SAFRAS ARMAZÉNS GERAIS LTDA\PRODEIC\DOCUMENTOS SOLICITADOS EMAIL - 03.2022   (Enviados)\DOCUMENTOS PROTOCOLADOS\Item 5 - Holerites\HOLERITES 2018\JOSIMAR FERREIRA DE SENA.pdf | motivo=PDF sem texto extraível; pode ser escaneado
08/09/2026 09:57:12 | WARNING | PDF não indexado | arquivo=F:\Documentos\Rafael\4 - ARQUIVO MORTO\SAFRAS ARMAZÉNS GERAIS LTDA\PRODEIC\DOCUMENTOS SOLICITADOS EMAIL - 03.2022   (Enviados)\DOCUMENTOS PROTOCOLADOS\Item 5 - Holerites\HOLERITES 2018\LEORGENNES ANTONIO SILVA DE OLIVEIRA.pdf | motivo=PDF sem texto extraível; pode ser escaneado
08/09/2026 09:57:12 | WARNING | PDF não indexado | arquivo=F:\Documentos\Rafael\4 - ARQUIVO MORTO\SAFRAS ARMAZÉNS GERAIS LTDA\PRODEIC\DOCUMENTOS SOLICITADOS EMAIL - 03.2022   (Enviados)\DOCUMENTOS PROTOCOLADOS\Item 5 - Holerites\HOLERITES 2018\NEIMARA GOERCK.pdf | motivo=PDF sem texto extraível; pode ser escaneado
08/09/2026 09:57:13 | WARNING | PDF não indexado | arquivo=F:\Documentos\Rafael\4 - ARQUIVO MORTO\SAFRAS ARMAZÉNS GERAIS LTDA\REGIME DE EXPORTAÇÃO\PROCURAÇÃO.pdf | motivo=PDF sem texto extraível; pode ser escaneado
08/09/2026 09:57:15 | WARNING | PDF não indexado | arquivo=F:\Documentos\Rafael\4 - ARQUIVO MORTO\SAFRAS ARMAZÉNS GERAIS LTDA\REGIME DE EXPORTAÇÃO\SAFRAS - 11.644.7860001-04\FALE COM O SECRETARIO\NOTIFICAÇÃO.pdf | motivo=PDF sem texto extraível; pode ser escaneado
08/09/2026 09:57:15 | WARNING | PDF não indexado | arquivo=F:\Documentos\Rafael\4 - ARQUIVO MORTO\SAFRAS ARMAZÉNS GERAIS LTDA\REGIME DE EXPORTAÇÃO\SAFRAS - 11.644.7860001-04\NOTIFICAÇÃO.pdf | motivo=PDF sem texto extraível; pode ser escaneado
08/09/2026 09:57:19 | INFO | Indexação em andamento | 7100 de 27964 PDFs
08/09/2026 09:57:21 | WARNING | PDF não indexado | arquivo=F:\Documentos\Rafael\4 - ARQUIVO MORTO\SAFRAS ARMAZÉNS GERAIS LTDA\REGIME DE EXPORTAÇÃO\SAFRAS - 11.644.7860015-00\PROCURAÇÃO.pdf | motivo=PDF sem texto extraível; pode ser escaneado
08/09/2026 09:57:21 | WARNING | PDF não indexado | arquivo=F:\Documentos\Rafael\4 - ARQUIVO MORTO\SAFRAS ARMAZÉNS GERAIS LTDA\REGIME DE EXPORTAÇÃO\SAFRAS - 11.644.7860015-00\REQUERIMENTO ASSINADO.pdf | motivo=PDF sem texto extraível; pode ser escaneado
08/09/2026 09:57:21 | WARNING | PDF não indexado | arquivo=F:\Documentos\Rafael\4 - ARQUIVO MORTO\SAFRAS ARMAZÉNS GERAIS LTDA\REGIME DE EXPORTAÇÃO\SAFRAS - 11.644.7860015-00\REQUERIMENTO SEFAZ.pdf | motivo=PDF sem texto extraível; pode ser escaneado
08/09/2026 09:57:22 | WARNING | PDF não indexado | arquivo=F:\Documentos\Rafael\4 - ARQUIVO MORTO\SAFRAS ARMAZÉNS GERAIS LTDA\REGIME DE EXPORTAÇÃO\SAFRAS - 11.644.7860016-82\PROCURAÇÃO.pdf | motivo=PDF sem texto extraível; pode ser escaneado
08/09/2026 09:57:23 | WARNING | PDF não indexado | arquivo=F:\Documentos\Rafael\4 - ARQUIVO MORTO\SAFRAS ARMAZÉNS GERAIS LTDA\REGIME DE EXPORTAÇÃO\SAFRAS - 11.644.7860016-82\REQUERIMENTO ASSINADO.pdf | motivo=PDF sem texto extraível; pode ser escaneado
08/09/2026 09:57:23 | WARNING | PDF não indexado | arquivo=F:\Documentos\Rafael\4 - ARQUIVO MORTO\SAFRAS ARMAZÉNS GERAIS LTDA\SAFRAS - IPIRANGA.pdf | motivo=PDF sem texto extraível; pode ser escaneado
08/09/2026 09:57:23 | WARNING | PDF não indexado | arquivo=F:\Documentos\Rafael\4 - ARQUIVO MORTO\SAFRAS ARMAZÉNS GERAIS LTDA\SUDAM\LAUDO SUDAM - MILHO.pdf | motivo=PDF sem texto extraível; pode ser escaneado
08/09/2026 09:57:23 | WARNING | PDF não indexado | arquivo=F:\Documentos\Rafael\4 - ARQUIVO MORTO\SAFRAS ARMAZÉNS GERAIS LTDA\SUDAM\LAUDO SUDAM - SOJA.pdf | motivo=PDF sem texto extraível; pode ser escaneado
08/09/2026 09:57:24 | WARNING | PDF não indexado | arquivo=F:\Documentos\Rafael\4 - ARQUIVO MORTO\SAFRAS ARMAZÉNS GERAIS LTDA\TAC 2023.pdf | motivo=PDF sem texto extraível; pode ser escaneado
08/09/2026 09:57:24 | WARNING | PDF não indexado | arquivo=F:\Documentos\Rafael\4 - ARQUIVO MORTO\SAFRAS ARMAZÉNS GERAIS LTDA\TERMO DE OPÇÃO FETHAB\TERMO FETHAB - MILHO - FILIAL 15.pdf | motivo=PDF sem texto extraível; pode ser escaneado
08/09/2026 09:57:24 | WARNING | PDF não indexado | arquivo=F:\Documentos\Rafael\4 - ARQUIVO MORTO\SAFRAS ARMAZÉNS GERAIS LTDA\TERMO DE OPÇÃO FETHAB\TERMO FETHAB - SOJA - FILIAL 15.pdf | motivo=PDF sem texto extraível; pode ser escaneado
08/09/2026 09:57:27 | WARNING | PDF não indexado | arquivo=F:\Documentos\Rafael\4 - ARQUIVO MORTO\SAFRAS BIOCOMBUSTÍVEIS\2º ALTERAÇÃO\CONVERSA AUTORIZANDO AUMENTO CAPITAL.pdf | motivo=PDF sem texto extraível; pode ser escaneado
08/09/2026 09:57:28 | WARNING | PDF não indexado | arquivo=F:\Documentos\Rafael\4 - ARQUIVO MORTO\SAFRAS BIOCOMBUSTÍVEIS\ALVARÁ BOMBEIROS.pdf | motivo=PDF sem texto extraível; pode ser escaneado
08/09/2026 09:57:29 | WARNING | PDF não indexado | arquivo=F:\Documentos\Rafael\4 - ARQUIVO MORTO\SAFRAS BIOCOMBUSTÍVEIS\ANP\Comprovação de Capital Social.pdf | motivo=PDF sem texto extraível; pode ser escaneado
08/09/2026 09:57:29 | WARNING | PDF não indexado | arquivo=F:\Documentos\Rafael\4 - ARQUIVO MORTO\SAFRAS BIOCOMBUSTÍVEIS\ANP\Fluxograma de Bloco - Safras - ANP.pdf | motivo=PDF sem texto extraível; pode ser escaneado
08/09/2026 09:57:36 | INFO | Indexação em andamento | 7200 de 27964 PDFs
08/09/2026 09:59:09 | WARNING | PDF não indexado | arquivo=F:\Documentos\Rafael\4 - ARQUIVO MORTO\SAFRAS BIOCOMBUSTÍVEIS\AUDITORIA\28 - MATRÍCULA.pdf | motivo=PDF sem texto extraível; pode ser escaneado
08/09/2026 09:59:16 | WARNING | PDF não indexado | arquivo=F:\Documentos\Rafael\4 - ARQUIVO MORTO\SAFRAS BIOCOMBUSTÍVEIS\CONTRATO DE COMPRA DA USINA.pdf | motivo=PDF sem texto extraível; pode ser escaneado
08/09/2026 09:59:17 | WARNING | PDF não indexado | arquivo=F:\Documentos\Rafael\4 - ARQUIVO MORTO\SAFRAS BIOCOMBUSTÍVEIS\CONTRATO SOCIAL - CONSTITUIÇÃO.pdf | motivo=PDF sem texto extraível; pode ser escaneado
08/09/2026 09:59:18 | WARNING | PDF não indexado | arquivo=F:\Documentos\Rafael\4 - ARQUIVO MORTO\SAFRAS BIOCOMBUSTÍVEIS\DECLARAÇÃO MEDIO PORTE.pdf | motivo=PDF sem texto extraível; pode ser escaneado
08/09/2026 09:59:18 | WARNING | PDF não indexado | arquivo=F:\Documentos\Rafael\4 - ARQUIVO MORTO\SAFRAS BIOCOMBUSTÍVEIS\Documentos DILCEU.pdf | motivo=PDF sem texto extraível; pode ser escaneado
08/09/2026 09:59:18 | WARNING | PDF não indexado | arquivo=F:\Documentos\Rafael\4 - ARQUIVO MORTO\SAFRAS BIOCOMBUSTÍVEIS\Documentos PEDRO.pdf | motivo=PDF sem texto extraível; pode ser escaneado
08/09/2026 09:59:18 | WARNING | PDF não indexado | arquivo=F:\Documentos\Rafael\4 - ARQUIVO MORTO\SAFRAS BIOCOMBUSTÍVEIS\FOTOS.pdf | motivo=PDF sem texto extraível; pode ser escaneado
08/09/2026 09:59:18 | WARNING | PDF não indexado | arquivo=F:\Documentos\Rafael\4 - ARQUIVO MORTO\SAFRAS BIOCOMBUSTÍVEIS\LO.pdf | motivo=PDF sem texto extraível; pode ser escaneado
08/09/2026 09:59:18 | WARNING | PDF não indexado | arquivo=F:\Documentos\Rafael\4 - ARQUIVO MORTO\SAFRAS BIOCOMBUSTÍVEIS\OPÇÃO DIFERIMENTO ICMS\LIVRO TERMO DE OCORRENCIA.pdf | motivo=PDF sem texto extraível; pode ser escaneado
08/09/2026 09:59:18 | WARNING | PDF não indexado | arquivo=F:\Documentos\Rafael\4 - ARQUIVO MORTO\SAFRAS BIOCOMBUSTÍVEIS\OPÇÃO DIFERIMENTO ICMS\TERMO DE OPÇÃO PARA REALIZAÇÃO DE OPERAÇÃO-PRESTAÇÃO.pdf | motivo=PDF sem texto extraível; pode ser escaneado
08/09/2026 09:59:18 | WARNING | PDF não indexado | arquivo=F:\Documentos\Rafael\4 - ARQUIVO MORTO\SAFRAS BIOCOMBUSTÍVEIS\PRODEIC\DOCUMENTOS ENVIADOS 2022\2018\10 - DECLARAÇÃO IDH.pdf | motivo=PDF sem texto extraível; pode ser escaneado
08/09/2026 09:59:19 | WARNING | PDF não indexado | arquivo=F:\Documentos\Rafael\4 - ARQUIVO MORTO\SAFRAS BIOCOMBUSTÍVEIS\PRODEIC\DOCUMENTOS ENVIADOS 2022\2018\12 - CONTRATO PLANO DE SAÚDE.pdf | motivo=PDF sem texto extraível; pode ser escaneado
08/09/2026 09:59:20 | WARNING | PDF não indexado | arquivo=F:\Documentos\Rafael\4 - ARQUIVO MORTO\SAFRAS BIOCOMBUSTÍVEIS\PRODEIC\DOCUMENTOS ENVIADOS 2022\2018\2 - CONTROLE QUALIDADE.pdf | motivo=PDF sem texto extraível; pode ser escaneado
08/09/2026 09:59:20 | WARNING | PDF não indexado | arquivo=F:\Documentos\Rafael\4 - ARQUIVO MORTO\SAFRAS BIOCOMBUSTÍVEIS\PRODEIC\DOCUMENTOS ENVIADOS 2022\2018\4 - RAIS.pdf | motivo=PDF sem texto extraível; pode ser escaneado
08/09/2026 09:59:20 | WARNING | PDF não indexado | arquivo=F:\Documentos\Rafael\4 - ARQUIVO MORTO\SAFRAS BIOCOMBUSTÍVEIS\PRODEIC\DOCUMENTOS ENVIADOS 2022\2018\7 - BALANÇO 2018.pdf | motivo=PDF sem texto extraível; pode ser escaneado
08/09/2026 09:59:21 | WARNING | PDF não indexado | arquivo=F:\Documentos\Rafael\4 - ARQUIVO MORTO\SAFRAS BIOCOMBUSTÍVEIS\PRODEIC\DOCUMENTOS ENVIADOS 2022\2018\7 - NOTAS IMOBILZIADO\NF ENTRADA USINA DEZEMBRO 2018\DEZ.2018 - CONST. CIVIL - APROX 355.000,00.pdf | motivo=PDF sem texto extraível; pode ser escaneado
08/09/2026 09:59:23 | WARNING | PDF não indexado | arquivo=F:\Documentos\Rafael\4 - ARQUIVO MORTO\SAFRAS BIOCOMBUSTÍVEIS\PRODEIC\DOCUMENTOS ENVIADOS 2022\2018\7 - NOTAS IMOBILZIADO\NF ENTRADA USINA DEZEMBRO 2018\DEZ.2018 - MAQ. E EQUIP - APROX 323.000,00.pdf | motivo=PDF sem texto extraível; pode ser escaneado
08/09/2026 09:59:23 | WARNING | PDF não indexado | arquivo=F:\Documentos\Rafael\4 - ARQUIVO MORTO\SAFRAS BIOCOMBUSTÍVEIS\PRODEIC\DOCUMENTOS ENVIADOS 2022\2018\7 - NOTAS IMOBILZIADO\NF ENTRADA USINA DEZEMBRO 2018\DEZ.2018 - MAQ. E EQUIP ELETRICOS - APROX 313.000,00.pdf | motivo=PDF sem texto extraível; pode ser escaneado
08/09/2026 09:59:24 | WARNING | PDF não indexado | arquivo=F:\Documentos\Rafael\4 - ARQUIVO MORTO\SAFRAS BIOCOMBUSTÍVEIS\PRODEIC\DOCUMENTOS ENVIADOS 2022\2018\7 - NOTAS IMOBILZIADO\NF ENTRADA USINA DEZEMBRO 2018\DEZ.2018 - MOVEIS E UTENSILIOS - APROX 950,00.pdf | motivo=PDF sem texto extraível; pode ser escaneado
08/09/2026 09:59:25 | WARNING | PDF não indexado | arquivo=F:\Documentos\Rafael\4 - ARQUIVO MORTO\SAFRAS BIOCOMBUSTÍVEIS\PRODEIC\DOCUMENTOS ENVIADOS 2022\2018\7 - NOTAS IMOBILZIADO\NF ENTRADA USINA DEZEMBRO 2018\DEZ.2018 - OUTRAS DESPESAS - APROX 75.000,00.pdf | motivo=PDF sem texto extraível; pode ser escaneado
08/09/2026 09:59:27 | WARNING | PDF não indexado | arquivo=F:\Documentos\Rafael\4 - ARQUIVO MORTO\SAFRAS BIOCOMBUSTÍVEIS\PRODEIC\DOCUMENTOS ENVIADOS 2022\2018\7 - NOTAS IMOBILZIADO\NF ENTRADA USINA FEVEREIRO 2019\FEV.2019 - CONST. CIVIL - APROX 360.000,00.pdf | motivo=PDF sem texto extraível; pode ser escaneado
08/09/2026 09:59:28 | WARNING | PDF não indexado | arquivo=F:\Documentos\Rafael\4 - ARQUIVO MORTO\SAFRAS BIOCOMBUSTÍVEIS\PRODEIC\DOCUMENTOS ENVIADOS 2022\2018\7 - NOTAS IMOBILZIADO\NF ENTRADA USINA FEVEREIRO 2019\FEV.2019 - MAQ. E EQUIP - APROX 808.000,00.pdf | motivo=PDF sem texto extraível; pode ser escaneado
08/09/2026 09:59:29 | WARNING | PDF não indexado | arquivo=F:\Documentos\Rafael\4 - ARQUIVO MORTO\SAFRAS BIOCOMBUSTÍVEIS\PRODEIC\DOCUMENTOS ENVIADOS 2022\2018\7 - NOTAS IMOBILZIADO\NF ENTRADA USINA FEVEREIRO 2019\FEV.2019 - MAQ. E EQUIP ELETRICOS - APROX 138.000,00.pdf | motivo=PDF sem texto extraível; pode ser escaneado
08/09/2026 09:59:29 | WARNING | PDF não indexado | arquivo=F:\Documentos\Rafael\4 - ARQUIVO MORTO\SAFRAS BIOCOMBUSTÍVEIS\PRODEIC\DOCUMENTOS ENVIADOS 2022\2018\7 - NOTAS IMOBILZIADO\NF ENTRADA USINA FEVEREIRO 2019\FEV.2019 - MOVEIS E UTENSILIOS - APROX 2.400,00.pdf | motivo=PDF sem texto extraível; pode ser escaneado
08/09/2026 09:59:31 | WARNING | PDF não indexado | arquivo=F:\Documentos\Rafael\4 - ARQUIVO MORTO\SAFRAS BIOCOMBUSTÍVEIS\PRODEIC\DOCUMENTOS ENVIADOS 2022\2018\7 - NOTAS IMOBILZIADO\NF ENTRADA USINA FEVEREIRO 2019\FEV.2019 - OUTRAS DESPESAS - APROX 96.000,00.pdf | motivo=PDF sem texto extraível; pode ser escaneado
08/09/2026 09:59:34 | WARNING | PDF não indexado | arquivo=F:\Documentos\Rafael\4 - ARQUIVO MORTO\SAFRAS BIOCOMBUSTÍVEIS\PRODEIC\DOCUMENTOS ENVIADOS 2022\2018\7 - NOTAS IMOBILZIADO\NF ENTRADA USINA JANEIRO 2019\JAN.2019 - CONST. CIVIL - APROX 528.000,00.pdf | motivo=PDF sem texto extraível; pode ser escaneado
08/09/2026 09:59:37 | WARNING | PDF não indexado | arquivo=F:\Documentos\Rafael\4 - ARQUIVO MORTO\SAFRAS BIOCOMBUSTÍVEIS\PRODEIC\DOCUMENTOS ENVIADOS 2022\2018\7 - NOTAS IMOBILZIADO\NF ENTRADA USINA JANEIRO 2019\JAN.2019 - DESPESAS DIVERSAS - APROX 223.000,00.pdf | motivo=PDF sem texto extraível; pode ser escaneado
08/09/2026 09:59:37 | WARNING | PDF não indexado | arquivo=F:\Documentos\Rafael\4 - ARQUIVO MORTO\SAFRAS BIOCOMBUSTÍVEIS\PRODEIC\DOCUMENTOS ENVIADOS 2022\2018\7 - NOTAS IMOBILZIADO\NF ENTRADA USINA JANEIRO 2019\JAN.2019 - EQUIP DE INFORMATICA - APROX 1.900,00.pdf | motivo=PDF sem texto extraível; pode ser escaneado
08/09/2026 09:59:38 | WARNING | PDF não indexado | arquivo=F:\Documentos\Rafael\4 - ARQUIVO MORTO\SAFRAS BIOCOMBUSTÍVEIS\PRODEIC\DOCUMENTOS ENVIADOS 2022\2018\7 - NOTAS IMOBILZIADO\NF ENTRADA USINA JANEIRO 2019\JAN.2019 - MAQ. E EQUIP - APROX 1.490.000,00.pdf | motivo=PDF sem texto extraível; pode ser escaneado
08/09/2026 09:59:39 | WARNING | PDF não indexado | arquivo=F:\Documentos\Rafael\4 - ARQUIVO MORTO\SAFRAS BIOCOMBUSTÍVEIS\PRODEIC\DOCUMENTOS ENVIADOS 2022\2018\7 - NOTAS IMOBILZIADO\NF ENTRADA USINA JANEIRO 2019\JAN.2019 - MAQ. E EQUIP ELETRICOS - APROX 164.000,00.pdf | motivo=PDF sem texto extraível; pode ser escaneado
08/09/2026 09:59:39 | WARNING | PDF não indexado | arquivo=F:\Documentos\Rafael\4 - ARQUIVO MORTO\SAFRAS BIOCOMBUSTÍVEIS\PRODEIC\DOCUMENTOS ENVIADOS 2022\2018\7 - NOTAS IMOBILZIADO\NF ENTRADA USINA JANEIRO 2019\JAN.2019 - MONTAGENS E INSTALAÇÕES - APROX 10.000,00.pdf | motivo=PDF sem texto extraível; pode ser escaneado
08/09/2026 09:59:39 | WARNING | PDF não indexado | arquivo=F:\Documentos\Rafael\4 - ARQUIVO MORTO\SAFRAS BIOCOMBUSTÍVEIS\PRODEIC\DOCUMENTOS ENVIADOS 2022\2018\7 - NOTAS IMOBILZIADO\NF ENTRADA USINA JANEIRO 2019\JAN.2019 - MOVEIS E UTENSILIOS - APROX 1.600,00.pdf | motivo=PDF sem texto extraível; pode ser escaneado
08/09/2026 09:59:42 | WARNING | PDF não indexado | arquivo=F:\Documentos\Rafael\4 - ARQUIVO MORTO\SAFRAS BIOCOMBUSTÍVEIS\PRODEIC\DOCUMENTOS ENVIADOS 2022\2018\7 - NOTAS IMOBILZIADO\NF ENTRADA USINA NOVEMBRO 2018\NOV.2018 - CONST. CIVIL - APROX 612.000,00.pdf | motivo=PDF sem texto extraível; pode ser escaneado
08/09/2026 09:59:43 | WARNING | PDF não indexado | arquivo=F:\Documentos\Rafael\4 - ARQUIVO MORTO\SAFRAS BIOCOMBUSTÍVEIS\PRODEIC\DOCUMENTOS ENVIADOS 2022\2018\7 - NOTAS IMOBILZIADO\NF ENTRADA USINA NOVEMBRO 2018\NOV.2018 - MAQ. E EQUIP - APROX 302.000,00.pdf | motivo=PDF sem texto extraível; pode ser escaneado
08/09/2026 09:59:43 | INFO | Indexação em andamento | 7300 de 27964 PDFs
08/09/2026 09:59:43 | WARNING | PDF não indexado | arquivo=F:\Documentos\Rafael\4 - ARQUIVO MORTO\SAFRAS BIOCOMBUSTÍVEIS\PRODEIC\DOCUMENTOS ENVIADOS 2022\2018\7 - NOTAS IMOBILZIADO\NF ENTRADA USINA NOVEMBRO 2018\NOV.2018 - MAQ. E EQUIP ELETRICOS - APROX 30.000,00.pdf | motivo=PDF sem texto extraível; pode ser escaneado
08/09/2026 09:59:43 | WARNING | PDF não indexado | arquivo=F:\Documentos\Rafael\4 - ARQUIVO MORTO\SAFRAS BIOCOMBUSTÍVEIS\PRODEIC\DOCUMENTOS ENVIADOS 2022\2018\7 - NOTAS IMOBILZIADO\NF ENTRADA USINA NOVEMBRO 2018\NOV.2018 - MONTAGENS E INSTALAÇÕES - APROX 9.000,00.pdf | motivo=PDF sem texto extraível; pode ser escaneado
08/09/2026 09:59:44 | WARNING | PDF não indexado | arquivo=F:\Documentos\Rafael\4 - ARQUIVO MORTO\SAFRAS BIOCOMBUSTÍVEIS\PRODEIC\DOCUMENTOS ENVIADOS 2022\2018\7 - NOTAS IMOBILZIADO\NF ENTRADA USINA NOVEMBRO 2018\NOV.2018 - MOVEIS E UTENSILIOS - APROX 2.400,00.pdf | motivo=PDF sem texto extraível; pode ser escaneado
08/09/2026 09:59:46 | WARNING | PDF não indexado | arquivo=F:\Documentos\Rafael\4 - ARQUIVO MORTO\SAFRAS BIOCOMBUSTÍVEIS\PRODEIC\DOCUMENTOS ENVIADOS 2022\2018\DECLARAÇÃO QUE NÃO UTILIZOU O PRODEIC.pdf | motivo=PDF sem texto extraível; pode ser escaneado
08/09/2026 09:59:46 | WARNING | PDF não indexado | arquivo=F:\Documentos\Rafael\4 - ARQUIVO MORTO\SAFRAS BIOCOMBUSTÍVEIS\PRODEIC\DOCUMENTOS ENVIADOS 2022\2019\1 - QUALIFICAÇÃO.pdf | motivo=PDF sem texto extraível; pode ser escaneado
08/09/2026 09:59:46 | WARNING | PDF não indexado | arquivo=F:\Documentos\Rafael\4 - ARQUIVO MORTO\SAFRAS BIOCOMBUSTÍVEIS\PRODEIC\DOCUMENTOS ENVIADOS 2022\2019\10 - CONTRIBUIÇÃO IDH.pdf | motivo=PDF sem texto extraível; pode ser escaneado
08/09/2026 09:59:47 | WARNING | PDF não indexado | arquivo=F:\Documentos\Rafael\4 - ARQUIVO MORTO\SAFRAS BIOCOMBUSTÍVEIS\PRODEIC\DOCUMENTOS ENVIADOS 2022\2019\12 - CONTRATO PLANO DE SAÚDE.pdf | motivo=PDF sem texto extraível; pode ser escaneado
08/09/2026 09:59:48 | WARNING | PDF não indexado | arquivo=F:\Documentos\Rafael\4 - ARQUIVO MORTO\SAFRAS BIOCOMBUSTÍVEIS\PRODEIC\DOCUMENTOS ENVIADOS 2022\2019\2 - CONTROLE QUALIDADE.pdf | motivo=PDF sem texto extraível; pode ser escaneado
08/09/2026 09:59:48 | WARNING | PDF não indexado | arquivo=F:\Documentos\Rafael\4 - ARQUIVO MORTO\SAFRAS BIOCOMBUSTÍVEIS\PRODEIC\DOCUMENTOS ENVIADOS 2022\2019\4 - INFORMAÇÕES SOBRE DESOBRIGAÇÃO DO RAIS CAGED.pdf | motivo=PDF sem texto extraível; pode ser escaneado
08/09/2026 09:59:48 | WARNING | PDF não indexado | arquivo=F:\Documentos\Rafael\4 - ARQUIVO MORTO\SAFRAS BIOCOMBUSTÍVEIS\PRODEIC\DOCUMENTOS ENVIADOS 2022\2019\7 - BALANÇO 2019.pdf | motivo=PDF sem texto extraível; pode ser escaneado
08/09/2026 09:59:48 | WARNING | PDF não indexado | arquivo=F:\Documentos\Rafael\4 - ARQUIVO MORTO\SAFRAS BIOCOMBUSTÍVEIS\PRODEIC\DOCUMENTOS ENVIADOS 2022\2019\DECLARAÇÃO QUE NÃO UTILIZOU O PRODEIC.pdf | motivo=PDF sem texto extraível; pode ser escaneado
08/09/2026 09:59:50 | INFO | Indexação em andamento | 7400 de 27964 PDFs
08/09/2026 09:59:59 | WARNING | PDF não indexado | arquivo=F:\Documentos\Rafael\4 - ARQUIVO MORTO\SAFRAS BIOCOMBUSTÍVEIS\SUDAM\2020-2021\PEDIDO RETIFICAÇÃO - OK.pdf | motivo=PDF sem texto extraível; pode ser escaneado
08/09/2026 10:00:00 | WARNING | PDF não indexado | arquivo=F:\Documentos\Rafael\4 - ARQUIVO MORTO\SAFRAS BIOCOMBUSTÍVEIS\SUDAM\ALVARÁ e L.O.pdf | motivo=PDF sem texto extraível; pode ser escaneado
08/09/2026 10:00:01 | WARNING | PDF não indexado | arquivo=F:\Documentos\Rafael\4 - ARQUIVO MORTO\SAFRAS BIOCOMBUSTÍVEIS\SUDAM\BALANÇO 2016 e BALANCETE 2017.pdf | motivo=PDF sem texto extraível; pode ser escaneado
08/09/2026 10:00:01 | WARNING | PDF não indexado | arquivo=F:\Documentos\Rafael\4 - ARQUIVO MORTO\SAFRAS BIOCOMBUSTÍVEIS\SUDAM\CERTIDÃO FGTS e RF.pdf | motivo=PDF sem texto extraível; pode ser escaneado
08/09/2026 10:00:01 | WARNING | PDF não indexado | arquivo=F:\Documentos\Rafael\4 - ARQUIVO MORTO\SAFRAS BIOCOMBUSTÍVEIS\SUDAM\Certidão IBGE - SAFRAS.pdf | motivo=PDF sem texto extraível; pode ser escaneado
08/09/2026 10:00:01 | WARNING | PDF não indexado | arquivo=F:\Documentos\Rafael\4 - ARQUIVO MORTO\SAFRAS BIOCOMBUSTÍVEIS\SUDAM\CONTRATO CONSTITUIÇÃO SAFRAS BIOCOMBUSTIVEIS.pdf | motivo=PDF sem texto extraível; pode ser escaneado
08/09/2026 10:00:01 | WARNING | PDF não indexado | arquivo=F:\Documentos\Rafael\4 - ARQUIVO MORTO\SAFRAS BIOCOMBUSTÍVEIS\SUDAM\DECLARAÇÃO e PROCURAÇÃO.pdf | motivo=PDF sem texto extraível; pode ser escaneado
08/09/2026 10:00:04 | INFO | Indexação em andamento | 7500 de 27964 PDFs
08/09/2026 10:00:13 | WARNING | PDF não indexado | arquivo=F:\Documentos\Rafael\4 - ARQUIVO MORTO\SAFRAS BIOCOMBUSTÍVEIS\SUDAM\Fluxograma.pdf | motivo=PDF sem texto extraível; pode ser escaneado
08/09/2026 10:00:17 | WARNING | PDF não indexado | arquivo=F:\Documentos\Rafael\4 - ARQUIVO MORTO\SAFRAS BIOCOMBUSTÍVEIS\SUDAM\NOTAS FISCAIS MÁQUINAS E EQUIPAMENTOS PARA PRODUÇÃO.pdf | motivo=PDF sem texto extraível; pode ser escaneado
08/09/2026 10:00:17 | WARNING | PDF não indexado | arquivo=F:\Documentos\Rafael\4 - ARQUIVO MORTO\SAFRAS BIOCOMBUSTÍVEIS\SUDAM\REALÇÃO DE NF DE VENDA.pdf | motivo=PDF sem texto extraível; pode ser escaneado
08/09/2026 10:00:17 | WARNING | PDF não indexado | arquivo=F:\Documentos\Rafael\4 - ARQUIVO MORTO\SAFRAS BIOCOMBUSTÍVEIS\SUDAM\RELATÓRIO FUNCIONÁRIOS.pdf | motivo=PDF sem texto extraível; pode ser escaneado
08/09/2026 10:00:17 | WARNING | PDF não indexado | arquivo=F:\Documentos\Rafael\4 - ARQUIVO MORTO\SAFRAS BIOCOMBUSTÍVEIS\TAC - 2022.pdf | motivo=PDF sem texto extraível; pode ser escaneado
08/09/2026 10:00:17 | WARNING | PDF não indexado | arquivo=F:\Documentos\Rafael\4 - ARQUIVO MORTO\SAFRAS BIOCOMBUSTÍVEIS\TAC.pdf | motivo=PDF sem texto extraível; pode ser escaneado
08/09/2026 10:00:18 | WARNING | PDF não indexado | arquivo=F:\Documentos\Rafael\4 - ARQUIVO MORTO\SAFRAS BIOCOMBUSTÍVEIS\TERMO DE ACORDO - PRODEIC (antigo).pdf | motivo=PDF sem texto extraível; pode ser escaneado
08/09/2026 10:00:27 | WARNING | PDF não indexado | arquivo=F:\Documentos\Rafael\4 - ARQUIVO MORTO\SAFRAS REATIVAÇÃO\ANEXO.pdf | motivo=PDF sem texto extraível; pode ser escaneado
08/09/2026 10:00:27 | WARNING | PDF não indexado | arquivo=F:\Documentos\Rafael\4 - ARQUIVO MORTO\SAFRAS REATIVAÇÃO\ANEXO1.pdf | motivo=PDF sem texto extraível; pode ser escaneado
08/09/2026 10:00:29 | INFO | Indexação em andamento | 7600 de 27964 PDFs
08/09/2026 10:00:29 | WARNING | PDF não indexado | arquivo=F:\Documentos\Rafael\4 - ARQUIVO MORTO\SANEA\DOCUMENTO SILENY.pdf | motivo=PDF sem texto extraível; pode ser escaneado
08/09/2026 10:00:29 | WARNING | PDF não indexado | arquivo=F:\Documentos\Rafael\4 - ARQUIVO MORTO\SANEA\DOCUMENTOS SANEA.pdf | motivo=PDF sem texto extraível; pode ser escaneado
08/09/2026 10:00:30 | WARNING | PDF não indexado | arquivo=F:\Documentos\Rafael\4 - ARQUIVO MORTO\SBX AGROPECUÁRIA LTDA\CONTRATO SOCIAL - 3º ALT.pdf | motivo=PDF sem texto extraível; pode ser escaneado
08/09/2026 10:00:31 | WARNING | PDF não indexado | arquivo=F:\Documentos\Rafael\4 - ARQUIVO MORTO\SBX AGROPECUÁRIA LTDA\DOCUMENTOS EDUARDO.pdf | motivo=PDF sem texto extraível; pode ser escaneado
08/09/2026 10:00:31 | WARNING | PDF não indexado | arquivo=F:\Documentos\Rafael\4 - ARQUIVO MORTO\SBX AGROPECUÁRIA LTDA\DOCUMENTOS EVANDRO.pdf | motivo=PDF sem texto extraível; pode ser escaneado
08/09/2026 10:00:31 | WARNING | PDF não indexado | arquivo=F:\Documentos\Rafael\4 - ARQUIVO MORTO\SBX AGROPECUÁRIA LTDA\INSCRIÇÃO ESTADUAL\FAC ASSINADA.pdf | motivo=PDF sem texto extraível; pode ser escaneado
08/09/2026 10:00:31 | WARNING | PDF não indexado | arquivo=F:\Documentos\Rafael\4 - ARQUIVO MORTO\SBX AGROPECUÁRIA LTDA\INSCRIÇÃO ESTADUAL\Mat. 47.972 Faz. L. B. SBX.pdf | motivo=PDF sem texto extraível; pode ser escaneado
08/09/2026 10:00:31 | WARNING | PDF não indexado | arquivo=F:\Documentos\Rafael\4 - ARQUIVO MORTO\SBX AGROPECUÁRIA LTDA\INSCRIÇÃO ESTADUAL\Mat. 56.084 Faz. L. B. SBX.pdf | motivo=PDF sem texto extraível; pode ser escaneado
08/09/2026 10:00:32 | WARNING | PDF não indexado | arquivo=F:\Documentos\Rafael\4 - ARQUIVO MORTO\SBX AGROPECUÁRIA LTDA\INSCRIÇÃO ESTADUAL\TERMO DE OPÇÃO PARA REALIZAÇÃO DE OPERAÇÃO COM DIFERIMENTO DO ICMS.pdf | motivo=PDF sem texto extraível; pode ser escaneado
08/09/2026 10:00:32 | WARNING | PDF não indexado | arquivo=F:\Documentos\Rafael\4 - ARQUIVO MORTO\SILVANIA BONES\COMPROVANTE MEI JUCEMAT.pdf | motivo=PDF sem texto extraível; pode ser escaneado
08/09/2026 10:00:32 | WARNING | PDF não indexado | arquivo=F:\Documentos\Rafael\4 - ARQUIVO MORTO\SILVANIA BONES\DOCUMENTOS SILVANIA.pdf | motivo=PDF sem texto extraível; pode ser escaneado
08/09/2026 10:00:32 | WARNING | PDF não indexado | arquivo=F:\Documentos\Rafael\4 - ARQUIVO MORTO\SILVANIA BONES\REQUERIMENTO EMPRESÁRIO.pdf | motivo=PDF sem texto extraível; pode ser escaneado
08/09/2026 10:00:35 | WARNING | PDF não indexado | arquivo=F:\Documentos\Rafael\4 - ARQUIVO MORTO\SONECA PADEL  -  RODRIGO CRIVELLARO\CONSULTA SIMPLES.pdf | motivo=PDF sem texto extraível; pode ser escaneado
08/09/2026 10:00:38 | WARNING | PDF não indexado | arquivo=F:\Documentos\Rafael\4 - ARQUIVO MORTO\SONECA PADEL  -  RODRIGO CRIVELLARO\FOTOS.pdf | motivo=PDF sem texto extraível; pode ser escaneado
08/09/2026 10:00:38 | WARNING | PDF não indexado | arquivo=F:\Documentos\Rafael\4 - ARQUIVO MORTO\SONECA PADEL  -  RODRIGO CRIVELLARO\OPÇÃO SIMPLES NACIONAL.pdf | motivo=PDF sem texto extraível; pode ser escaneado
08/09/2026 10:00:40 | WARNING | PDF não indexado | arquivo=F:\Documentos\Rafael\4 - ARQUIVO MORTO\SUNO ADMINISTRADORA BENS\CONTRATO DE LOCAÇÃO.pdf | motivo=PDF sem texto extraível; pode ser escaneado
08/09/2026 10:00:40 | INFO | Indexação em andamento | 7700 de 27964 PDFs
08/09/2026 10:00:41 | WARNING | PDF não indexado | arquivo=F:\Documentos\Rafael\4 - ARQUIVO MORTO\SUNO ADMINISTRADORA BENS\DOCUMENTOS SOCIOS__JOSE.pdf | motivo=PDF sem texto extraível; pode ser escaneado
08/09/2026 10:00:41 | WARNING | PDF não indexado | arquivo=F:\Documentos\Rafael\4 - ARQUIVO MORTO\SUNO ADMINISTRADORA BENS\DOCUMENTOS SOCIOS__LIBERA.pdf | motivo=PDF sem texto extraível; pode ser escaneado
08/09/2026 10:00:43 | WARNING | PDF não indexado | arquivo=F:\Documentos\Rafael\4 - ARQUIVO MORTO\T. M. JUNIOR LTDA\CONTRATO DE COMPRA E VENDA DA CASA.pdf | motivo=PDF sem texto extraível; pode ser escaneado
08/09/2026 10:00:43 | WARNING | PDF não indexado | arquivo=F:\Documentos\Rafael\4 - ARQUIVO MORTO\T. M. JUNIOR LTDA\DOCUMENTOS TARCISIO - RG.pdf | motivo=PDF sem texto extraível; pode ser escaneado
08/09/2026 10:00:43 | WARNING | PDF não indexado | arquivo=F:\Documentos\Rafael\4 - ARQUIVO MORTO\T. M. JUNIOR LTDA\DOCUMENTOS TARCISIO _ CNH.pdf | motivo=PDF sem texto extraível; pode ser escaneado
08/09/2026 10:00:43 | WARNING | PDF não indexado | arquivo=F:\Documentos\Rafael\4 - ARQUIVO MORTO\T. M. JUNIOR LTDA\FOTOS.pdf | motivo=PDF sem texto extraível; pode ser escaneado
08/09/2026 10:00:49 | WARNING | PDF não indexado | arquivo=F:\Documentos\Rafael\4 - ARQUIVO MORTO\TERRA VIVA AGROPECUARIA\AREAS INTEGRALIZADAS\MATRÍCULA 1106.pdf | motivo=PDF sem texto extraível; pode ser escaneado
08/09/2026 10:00:49 | WARNING | PDF não indexado | arquivo=F:\Documentos\Rafael\4 - ARQUIVO MORTO\TERRA VIVA AGROPECUARIA\AREAS INTEGRALIZADAS\MATRÍCULA 1107.pdf | motivo=PDF sem texto extraível; pode ser escaneado
08/09/2026 10:00:49 | WARNING | PDF não indexado | arquivo=F:\Documentos\Rafael\4 - ARQUIVO MORTO\TERRA VIVA AGROPECUARIA\AREAS INTEGRALIZADAS\MATRÍCULA 1304.pdf | motivo=PDF sem texto extraível; pode ser escaneado
08/09/2026 10:00:50 | WARNING | PDF não indexado | arquivo=F:\Documentos\Rafael\4 - ARQUIVO MORTO\TERRA VIVA AGROPECUARIA\AREAS INTEGRALIZADAS\MATRÍCULA 1307.pdf | motivo=PDF sem texto extraível; pode ser escaneado
08/09/2026 10:00:50 | WARNING | PDF não indexado | arquivo=F:\Documentos\Rafael\4 - ARQUIVO MORTO\TERRA VIVA AGROPECUARIA\AREAS INTEGRALIZADAS\MATRÍCULA 1788.pdf | motivo=PDF sem texto extraível; pode ser escaneado
08/09/2026 10:00:50 | WARNING | PDF não indexado | arquivo=F:\Documentos\Rafael\4 - ARQUIVO MORTO\TERRA VIVA AGROPECUARIA\AREAS INTEGRALIZADAS\MATRÍCULA 1862.pdf | motivo=PDF sem texto extraível; pode ser escaneado
08/09/2026 10:00:50 | WARNING | PDF não indexado | arquivo=F:\Documentos\Rafael\4 - ARQUIVO MORTO\TERRA VIVA AGROPECUARIA\AREAS INTEGRALIZADAS\MATRÍCULA 2390.pdf | motivo=PDF sem texto extraível; pode ser escaneado
08/09/2026 10:00:51 | WARNING | PDF não indexado | arquivo=F:\Documentos\Rafael\4 - ARQUIVO MORTO\TERRA VIVA AGROPECUARIA\AREAS INTEGRALIZADAS\MATRÍCULA 2391.pdf | motivo=PDF sem texto extraível; pode ser escaneado
08/09/2026 10:00:51 | WARNING | PDF não indexado | arquivo=F:\Documentos\Rafael\4 - ARQUIVO MORTO\TERRA VIVA AGROPECUARIA\AREAS INTEGRALIZADAS\MATRÍCULA 2392.pdf | motivo=PDF sem texto extraível; pode ser escaneado
08/09/2026 10:00:51 | WARNING | PDF não indexado | arquivo=F:\Documentos\Rafael\4 - ARQUIVO MORTO\TERRA VIVA AGROPECUARIA\AREAS INTEGRALIZADAS\MATRÍCULA 2393.pdf | motivo=PDF sem texto extraível; pode ser escaneado
08/09/2026 10:00:51 | WARNING | PDF não indexado | arquivo=F:\Documentos\Rafael\4 - ARQUIVO MORTO\TERRA VIVA AGROPECUARIA\AREAS INTEGRALIZADAS\MATRÍCULA 2394.pdf | motivo=PDF sem texto extraível; pode ser escaneado
08/09/2026 10:00:52 | WARNING | PDF não indexado | arquivo=F:\Documentos\Rafael\4 - ARQUIVO MORTO\TERRA VIVA AGROPECUARIA\AREAS INTEGRALIZADAS\MATRÍCULA 4176.pdf | motivo=PDF sem texto extraível; pode ser escaneado
08/09/2026 10:00:52 | WARNING | PDF não indexado | arquivo=F:\Documentos\Rafael\4 - ARQUIVO MORTO\TERRA VIVA AGROPECUARIA\AREAS INTEGRALIZADAS\MATRÍCULA 4177.pdf | motivo=PDF sem texto extraível; pode ser escaneado
08/09/2026 10:00:52 | WARNING | PDF não indexado | arquivo=F:\Documentos\Rafael\4 - ARQUIVO MORTO\TERRA VIVA AGROPECUARIA\AREAS INTEGRALIZADAS\MATRÍCULA 501.pdf | motivo=PDF sem texto extraível; pode ser escaneado
08/09/2026 10:00:52 | WARNING | PDF não indexado | arquivo=F:\Documentos\Rafael\4 - ARQUIVO MORTO\TERRA VIVA AGROPECUARIA\AREAS INTEGRALIZADAS\MATRÍCULA 590.pdf | motivo=PDF sem texto extraível; pode ser escaneado
08/09/2026 10:00:53 | WARNING | PDF não indexado | arquivo=F:\Documentos\Rafael\4 - ARQUIVO MORTO\TERRA VIVA AGROPECUARIA\AREAS INTEGRALIZADAS\MATRÍCULA 591.pdf | motivo=PDF sem texto extraível; pode ser escaneado
08/09/2026 10:00:53 | WARNING | PDF não indexado | arquivo=F:\Documentos\Rafael\4 - ARQUIVO MORTO\TERRA VIVA AGROPECUARIA\CARTÓRIO\MATRÍCULAS ERRADAS\Matricula 25562.pdf | motivo=PDF sem texto extraível; pode ser escaneado
08/09/2026 10:00:53 | WARNING | PDF não indexado | arquivo=F:\Documentos\Rafael\4 - ARQUIVO MORTO\TERRA VIVA AGROPECUARIA\CARTÓRIO\MATRÍCULAS ERRADAS\Matricula 52197.pdf | motivo=PDF sem texto extraível; pode ser escaneado
08/09/2026 10:00:53 | WARNING | PDF não indexado | arquivo=F:\Documentos\Rafael\4 - ARQUIVO MORTO\TERRA VIVA AGROPECUARIA\CARTÓRIO\MATRÍCULAS ERRADAS\Matricula SA 25559.pdf | motivo=PDF sem texto extraível; pode ser escaneado
08/09/2026 10:00:54 | WARNING | PDF não indexado | arquivo=F:\Documentos\Rafael\4 - ARQUIVO MORTO\TERRA VIVA AGROPECUARIA\CARTÓRIO\MATRÍCULAS ERRADAS\Matriculas 56299 56300 57459 57460.pdf | motivo=PDF sem texto extraível; pode ser escaneado
08/09/2026 10:00:54 | WARNING | PDF não indexado | arquivo=F:\Documentos\Rafael\4 - ARQUIVO MORTO\TERRA VIVA AGROPECUARIA\CARTÓRIO\MATRÍCULAS ERRADAS\Matriculas SA 56305 56306 56307.pdf | motivo=PDF sem texto extraível; pode ser escaneado
08/09/2026 10:00:55 | WARNING | PDF não indexado | arquivo=F:\Documentos\Rafael\4 - ARQUIVO MORTO\TERRA VIVA AGROPECUARIA\CARTÓRIO\NOVA UBIRATA\MATRICULA\Matricula 1106.pdf | motivo=PDF sem texto extraível; pode ser escaneado
08/09/2026 10:00:55 | WARNING | PDF não indexado | arquivo=F:\Documentos\Rafael\4 - ARQUIVO MORTO\TERRA VIVA AGROPECUARIA\CARTÓRIO\NOVA UBIRATA\MATRICULA\Matricula 1107.pdf | motivo=PDF sem texto extraível; pode ser escaneado
08/09/2026 10:00:55 | WARNING | PDF não indexado | arquivo=F:\Documentos\Rafael\4 - ARQUIVO MORTO\TERRA VIVA AGROPECUARIA\CARTÓRIO\NOVA UBIRATA\MATRICULA\Matricula 1304.pdf | motivo=PDF sem texto extraível; pode ser escaneado
08/09/2026 10:00:55 | WARNING | PDF não indexado | arquivo=F:\Documentos\Rafael\4 - ARQUIVO MORTO\TERRA VIVA AGROPECUARIA\CARTÓRIO\NOVA UBIRATA\MATRICULA\Matricula 1307.pdf | motivo=PDF sem texto extraível; pode ser escaneado
08/09/2026 10:00:55 | WARNING | PDF não indexado | arquivo=F:\Documentos\Rafael\4 - ARQUIVO MORTO\TERRA VIVA AGROPECUARIA\CARTÓRIO\NOVA UBIRATA\MATRICULA\Matricula 1788.pdf | motivo=PDF sem texto extraível; pode ser escaneado
08/09/2026 10:00:55 | WARNING | PDF não indexado | arquivo=F:\Documentos\Rafael\4 - ARQUIVO MORTO\TERRA VIVA AGROPECUARIA\CARTÓRIO\NOVA UBIRATA\MATRICULA\Matricula 1862.pdf | motivo=PDF sem texto extraível; pode ser escaneado
08/09/2026 10:00:56 | WARNING | PDF não indexado | arquivo=F:\Documentos\Rafael\4 - ARQUIVO MORTO\TERRA VIVA AGROPECUARIA\CARTÓRIO\NOVA UBIRATA\MATRICULA\Matricula 2390.pdf | motivo=PDF sem texto extraível; pode ser escaneado
08/09/2026 10:00:56 | WARNING | PDF não indexado | arquivo=F:\Documentos\Rafael\4 - ARQUIVO MORTO\TERRA VIVA AGROPECUARIA\CARTÓRIO\NOVA UBIRATA\MATRICULA\Matricula 2391.pdf | motivo=PDF sem texto extraível; pode ser escaneado
08/09/2026 10:00:56 | WARNING | PDF não indexado | arquivo=F:\Documentos\Rafael\4 - ARQUIVO MORTO\TERRA VIVA AGROPECUARIA\CARTÓRIO\NOVA UBIRATA\MATRICULA\Matricula 2392.pdf | motivo=PDF sem texto extraível; pode ser escaneado
08/09/2026 10:00:56 | WARNING | PDF não indexado | arquivo=F:\Documentos\Rafael\4 - ARQUIVO MORTO\TERRA VIVA AGROPECUARIA\CARTÓRIO\NOVA UBIRATA\MATRICULA\Matricula 2393.pdf | motivo=PDF sem texto extraível; pode ser escaneado
08/09/2026 10:00:56 | WARNING | PDF não indexado | arquivo=F:\Documentos\Rafael\4 - ARQUIVO MORTO\TERRA VIVA AGROPECUARIA\CARTÓRIO\NOVA UBIRATA\MATRICULA\Matricula 501.pdf | motivo=PDF sem texto extraível; pode ser escaneado
08/09/2026 10:00:57 | WARNING | PDF não indexado | arquivo=F:\Documentos\Rafael\4 - ARQUIVO MORTO\TERRA VIVA AGROPECUARIA\CARTÓRIO\NOVA UBIRATA\MATRICULA\Matriculas 590 e 591.pdf | motivo=PDF sem texto extraível; pode ser escaneado
08/09/2026 10:00:57 | WARNING | PDF não indexado | arquivo=F:\Documentos\Rafael\4 - ARQUIVO MORTO\TERRA VIVA AGROPECUARIA\CARTÓRIO\NOVA UBIRATA\MATRICULA\Matrícula 2394.pdf | motivo=PDF sem texto extraível; pode ser escaneado
08/09/2026 10:00:57 | WARNING | PDF não indexado | arquivo=F:\Documentos\Rafael\4 - ARQUIVO MORTO\TERRA VIVA AGROPECUARIA\CARTÓRIO\NOVA UBIRATA\REQUERIMENTO NÃO INCIDENCIA DE ITBI.pdf | motivo=PDF sem texto extraível; pode ser escaneado
08/09/2026 10:01:03 | INFO | Indexação em andamento | 7800 de 27964 PDFs
08/09/2026 10:01:06 | WARNING | PDF não indexado | arquivo=F:\Documentos\Rafael\4 - ARQUIVO MORTO\TERRA VIVA AGROPECUARIA\CONTRATOS DE COMPOSSE-PARCERIA\Composse - Terra Viva x Argino x Leoclides x Ivan x Luciano - Sorriso - ASSINADO.pdf | motivo=PDF sem texto extraível; pode ser escaneado
08/09/2026 10:01:08 | WARNING | PDF não indexado | arquivo=F:\Documentos\Rafael\4 - ARQUIVO MORTO\TERRA VIVA AGROPECUARIA\CONTRATOS DE COMPOSSE-PARCERIA\Composse - Terra Viva x Massi Agropecuária x Argino x Leoclides x Ivan x Luciano -  Nova Ubiratã - ASSINADO.pdf | motivo=PDF sem texto extraível; pode ser escaneado
08/09/2026 10:01:11 | WARNING | PDF não indexado | arquivo=F:\Documentos\Rafael\4 - ARQUIVO MORTO\TERRA VIVA AGROPECUARIA\CONTRATOS DE COMPOSSE-PARCERIA\Contrato de Parceira - Terra Viva Leoclides x ArginoxIvanxLuciano - ASSINADO.pdf | motivo=PDF sem texto extraível; pode ser escaneado
08/09/2026 10:01:14 | WARNING | PDF não indexado | arquivo=F:\Documentos\Rafael\4 - ARQUIVO MORTO\TERRA VIVA AGROPECUARIA\FILIAL - NOVA UBIRATA\INSCRIÇÃO ESTADUAL\CONTRATO DE COMODATO.pdf | motivo=PDF sem texto extraível; pode ser escaneado
08/09/2026 10:01:14 | WARNING | PDF não indexado | arquivo=F:\Documentos\Rafael\4 - ARQUIVO MORTO\TERRA VIVA AGROPECUARIA\FILIAL - NOVA UBIRATA\INSCRIÇÃO ESTADUAL\FAC ASSINADA.pdf | motivo=PDF sem texto extraível; pode ser escaneado
08/09/2026 10:01:14 | WARNING | PDF não indexado | arquivo=F:\Documentos\Rafael\4 - ARQUIVO MORTO\TERRA VIVA AGROPECUARIA\FILIAL - NOVA UBIRATA\INSCRIÇÃO ESTADUAL\MATRÍCULA 2390.pdf | motivo=PDF sem texto extraível; pode ser escaneado
08/09/2026 10:01:15 | WARNING | PDF não indexado | arquivo=F:\Documentos\Rafael\4 - ARQUIVO MORTO\TERRA VIVA AGROPECUARIA\FILIAL - NOVA UBIRATA\INSCRIÇÃO ESTADUAL\TERMO DE OPÇÃO PARA REALIZAÇÃO DE OPERAÇÃO COM DIFERIMENTO DO ICMS.pdf | motivo=PDF sem texto extraível; pode ser escaneado
08/09/2026 10:01:16 | WARNING | PDF não indexado | arquivo=F:\Documentos\Rafael\4 - ARQUIVO MORTO\TERRA VIVA AGROPECUARIA\INSCRIÇÃO ESTADUAL\DOCUMENTOS SOCIOS___ARGINO BEDIN.pdf | motivo=PDF sem texto extraível; pode ser escaneado
08/09/2026 10:01:16 | WARNING | PDF não indexado | arquivo=F:\Documentos\Rafael\4 - ARQUIVO MORTO\TERRA VIVA AGROPECUARIA\INSCRIÇÃO ESTADUAL\DOCUMENTOS SOCIOS___IVAN BEDIN.pdf | motivo=PDF sem texto extraível; pode ser escaneado
08/09/2026 10:01:16 | WARNING | PDF não indexado | arquivo=F:\Documentos\Rafael\4 - ARQUIVO MORTO\TERRA VIVA AGROPECUARIA\INSCRIÇÃO ESTADUAL\DOCUMENTOS SOCIOS___LEOCLIDES BEDIN.pdf | motivo=PDF sem texto extraível; pode ser escaneado
08/09/2026 10:01:16 | WARNING | PDF não indexado | arquivo=F:\Documentos\Rafael\4 - ARQUIVO MORTO\TERRA VIVA AGROPECUARIA\INSCRIÇÃO ESTADUAL\DOCUMENTOS SOCIOS___LUCIANO BEDIN.pdf | motivo=PDF sem texto extraível; pode ser escaneado
08/09/2026 10:01:16 | WARNING | PDF não indexado | arquivo=F:\Documentos\Rafael\4 - ARQUIVO MORTO\TERRA VIVA AGROPECUARIA\INSCRIÇÃO ESTADUAL\DOCUMENTOS SOCIOS___NILSO BEDIN.pdf | motivo=PDF sem texto extraível; pode ser escaneado
08/09/2026 10:01:16 | WARNING | PDF não indexado | arquivo=F:\Documentos\Rafael\4 - ARQUIVO MORTO\TERRA VIVA AGROPECUARIA\INSCRIÇÃO ESTADUAL\FAC ASSINADA.pdf | motivo=PDF sem texto extraível; pode ser escaneado
08/09/2026 10:01:16 | WARNING | PDF não indexado | arquivo=F:\Documentos\Rafael\4 - ARQUIVO MORTO\TERRA VIVA AGROPECUARIA\INSCRIÇÃO ESTADUAL\FAC.pdf | motivo=PDF sem texto extraível; pode ser escaneado
08/09/2026 10:01:16 | WARNING | PDF não indexado | arquivo=F:\Documentos\Rafael\4 - ARQUIVO MORTO\TERRA VIVA AGROPECUARIA\INSCRIÇÃO ESTADUAL\MATRÍCULA 40.961.pdf | motivo=PDF sem texto extraível; pode ser escaneado
08/09/2026 10:01:16 | WARNING | PDF não indexado | arquivo=F:\Documentos\Rafael\4 - ARQUIVO MORTO\TERRA VIVA AGROPECUARIA\INSCRIÇÃO ESTADUAL\TERMO DE OPÇÃO DE DIFERIMENTO DO IMPOSTO.pdf | motivo=PDF sem texto extraível; pode ser escaneado
08/09/2026 10:01:17 | WARNING | PDF não indexado | arquivo=F:\Documentos\Rafael\4 - ARQUIVO MORTO\TERRA VIVA AGROPECUARIA\MATRÍCULA 54.451.pdf | motivo=PDF sem texto extraível; pode ser escaneado
08/09/2026 10:01:17 | WARNING | PDF não indexado | arquivo=F:\Documentos\Rafael\4 - ARQUIVO MORTO\TERRA VIVA AGROPECUARIA\MATRÍCULAS INTEGRALIZADAS CARTÓRIO\40961 - SORRISO.pdf | motivo=PDF sem texto extraível; pode ser escaneado
08/09/2026 10:01:17 | WARNING | PDF não indexado | arquivo=F:\Documentos\Rafael\4 - ARQUIVO MORTO\TERRA VIVA AGROPECUARIA\MATRÍCULAS INTEGRALIZADAS CARTÓRIO\40962 - SORRISO.pdf | motivo=PDF sem texto extraível; pode ser escaneado
08/09/2026 10:01:17 | WARNING | PDF não indexado | arquivo=F:\Documentos\Rafael\4 - ARQUIVO MORTO\TERRA VIVA AGROPECUARIA\MATRÍCULAS INTEGRALIZADAS CARTÓRIO\40963 - SORRISO.pdf | motivo=PDF sem texto extraível; pode ser escaneado
08/09/2026 10:01:17 | WARNING | PDF não indexado | arquivo=F:\Documentos\Rafael\4 - ARQUIVO MORTO\TERRA VIVA AGROPECUARIA\MATRÍCULAS INTEGRALIZADAS CARTÓRIO\54451 - SORRISO.pdf | motivo=PDF sem texto extraível; pode ser escaneado
08/09/2026 10:01:17 | WARNING | PDF não indexado | arquivo=F:\Documentos\Rafael\4 - ARQUIVO MORTO\TERRA VIVA AGROPECUARIA\MATRÍCULAS INTEGRALIZADAS CARTÓRIO\54452 - SORRISO.pdf | motivo=PDF sem texto extraível; pode ser escaneado
08/09/2026 10:01:17 | WARNING | PDF não indexado | arquivo=F:\Documentos\Rafael\4 - ARQUIVO MORTO\TERRA VIVA AGROPECUARIA\MATRÍCULAS INTEGRALIZADAS CARTÓRIO\54453 - SORRISO.pdf | motivo=PDF sem texto extraível; pode ser escaneado
08/09/2026 10:01:17 | WARNING | PDF não indexado | arquivo=F:\Documentos\Rafael\4 - ARQUIVO MORTO\TERRA VIVA AGROPECUARIA\MATRÍCULAS INTEGRALIZADAS CARTÓRIO\54454 - SORRISO.pdf | motivo=PDF sem texto extraível; pode ser escaneado
08/09/2026 10:01:17 | WARNING | PDF não indexado | arquivo=F:\Documentos\Rafael\4 - ARQUIVO MORTO\TERRA VIVA AGROPECUARIA\MATRÍCULAS INTEGRALIZADAS CARTÓRIO\56097 - SORRISO.pdf | motivo=PDF sem texto extraível; pode ser escaneado
08/09/2026 10:01:17 | WARNING | PDF não indexado | arquivo=F:\Documentos\Rafael\4 - ARQUIVO MORTO\TERRA VIVA AGROPECUARIA\MATRÍCULAS INTEGRALIZADAS CARTÓRIO\56098 - SORRISO.pdf | motivo=PDF sem texto extraível; pode ser escaneado
08/09/2026 10:01:17 | WARNING | PDF não indexado | arquivo=F:\Documentos\Rafael\4 - ARQUIVO MORTO\TERRA VIVA AGROPECUARIA\MATRÍCULAS INTEGRALIZADAS CARTÓRIO\56099 - SORRISO.pdf | motivo=PDF sem texto extraível; pode ser escaneado
08/09/2026 10:01:17 | WARNING | PDF não indexado | arquivo=F:\Documentos\Rafael\4 - ARQUIVO MORTO\TERRA VIVA AGROPECUARIA\MATRÍCULAS INTEGRALIZADAS CARTÓRIO\56100 - SORRISO.pdf | motivo=PDF sem texto extraível; pode ser escaneado
08/09/2026 10:01:17 | WARNING | PDF não indexado | arquivo=F:\Documentos\Rafael\4 - ARQUIVO MORTO\TERRA VIVA AGROPECUARIA\MATRÍCULAS INTEGRALIZADAS CARTÓRIO\56101 - SORRISO.pdf | motivo=PDF sem texto extraível; pode ser escaneado
08/09/2026 10:01:18 | WARNING | PDF não indexado | arquivo=F:\Documentos\Rafael\4 - ARQUIVO MORTO\TODIVAN MÁRMORES E GRANITOS\1º ALTERAÇÃO\FAC ASSINADA.pdf | motivo=PDF sem texto extraível; pode ser escaneado
08/09/2026 10:01:20 | WARNING | PDF não indexado | arquivo=F:\Documentos\Rafael\4 - ARQUIVO MORTO\TODIVAN MÁRMORES E GRANITOS\Contrato de locação.pdf | motivo=PDF sem texto extraível; pode ser escaneado
08/09/2026 10:01:20 | WARNING | PDF não indexado | arquivo=F:\Documentos\Rafael\4 - ARQUIVO MORTO\TODIVAN MÁRMORES E GRANITOS\CONTRATO SOCIAL - 1ª ALT.pdf | motivo=PDF sem texto extraível; pode ser escaneado
08/09/2026 10:01:20 | WARNING | PDF não indexado | arquivo=F:\Documentos\Rafael\4 - ARQUIVO MORTO\TODIVAN MÁRMORES E GRANITOS\CONTRATO SOCIAL - CONSTITUIÇÃO.pdf | motivo=PDF sem texto extraível; pode ser escaneado
08/09/2026 10:01:21 | WARNING | PDF não indexado | arquivo=F:\Documentos\Rafael\4 - ARQUIVO MORTO\TODIVAN MÁRMORES E GRANITOS\Documentos ANDRIGO.pdf | motivo=PDF sem texto extraível; pode ser escaneado
08/09/2026 10:01:21 | WARNING | PDF não indexado | arquivo=F:\Documentos\Rafael\4 - ARQUIVO MORTO\TODIVAN MÁRMORES E GRANITOS\DOCUMENTOS IVAN.pdf | motivo=PDF sem texto extraível; pode ser escaneado
08/09/2026 10:01:21 | WARNING | PDF não indexado | arquivo=F:\Documentos\Rafael\4 - ARQUIVO MORTO\TODIVAN MÁRMORES E GRANITOS\DOCUMENTOS LINDOMAR.pdf | motivo=PDF sem texto extraível; pode ser escaneado
08/09/2026 10:01:22 | INFO | Indexação em andamento | 7900 de 27964 PDFs
08/09/2026 10:01:25 | WARNING | PDF não indexado | arquivo=F:\Documentos\Rafael\4 - ARQUIVO MORTO\TRAIA NOVA COUNTRY\FOTOS.pdf | motivo=PDF sem texto extraível; pode ser escaneado
08/09/2026 10:01:25 | WARNING | PDF não indexado | arquivo=F:\Documentos\Rafael\4 - ARQUIVO MORTO\TRAIA NOVA COUNTRY\TAC 2024.PDF | motivo=PDF sem texto extraível; pode ser escaneado
08/09/2026 10:01:29 | WARNING | PDF não indexado | arquivo=F:\Documentos\Rafael\4 - ARQUIVO MORTO\TRANSPORTADORA NAVARINI\ALVARÁ DOS BOMBEIROS.pdf | motivo=PDF sem texto extraível; pode ser escaneado
08/09/2026 10:01:34 | WARNING | PDF não indexado | arquivo=F:\Documentos\Rafael\4 - ARQUIVO MORTO\TRANSPORTADORA NAVARINI\DOCUMENTO SOCIO - LUIS.pdf | motivo=PDF sem texto extraível; pode ser escaneado
08/09/2026 10:01:34 | WARNING | PDF não indexado | arquivo=F:\Documentos\Rafael\4 - ARQUIVO MORTO\TRANSPORTADORA NAVARINI\FOTOS.pdf | motivo=PDF sem texto extraível; pode ser escaneado
08/09/2026 10:01:34 | WARNING | PDF não indexado | arquivo=F:\Documentos\Rafael\4 - ARQUIVO MORTO\TRANSPORTADORA NAVARINI\HABITE-SE.pdf | motivo=PDF sem texto extraível; pode ser escaneado
08/09/2026 10:01:34 | WARNING | PDF não indexado | arquivo=F:\Documentos\Rafael\4 - ARQUIVO MORTO\TRANSPORTES LUFT\ARMAZÉM.............87.689.402-0090-07\Contrato Social.pdf | motivo=PDF sem texto extraível; pode ser escaneado
08/09/2026 10:01:35 | WARNING | PDF não indexado | arquivo=F:\Documentos\Rafael\4 - ARQUIVO MORTO\TRANSPORTES LUFT\ARMAZÉM.............87.689.402-0090-07\E-PROCESS\ALVARÁ.pdf | motivo=PDF sem texto extraível; pode ser escaneado
08/09/2026 10:01:35 | WARNING | PDF não indexado | arquivo=F:\Documentos\Rafael\4 - ARQUIVO MORTO\TRANSPORTES LUFT\ARMAZÉM.............87.689.402-0090-07\E-PROCESS\CONTRATO DE LOCAÇÃO LUFT.pdf | motivo=PDF sem texto extraível; pode ser escaneado
08/09/2026 10:01:35 | WARNING | PDF não indexado | arquivo=F:\Documentos\Rafael\4 - ARQUIVO MORTO\TRANSPORTES LUFT\ARMAZÉM.............87.689.402-0090-07\E-PROCESS\FOTO FACHADA 1.pdf | motivo=PDF sem texto extraível; pode ser escaneado
08/09/2026 10:01:35 | WARNING | PDF não indexado | arquivo=F:\Documentos\Rafael\4 - ARQUIVO MORTO\TRANSPORTES LUFT\ARMAZÉM.............87.689.402-0090-07\E-PROCESS\FOTO FACHADA 2.pdf | motivo=PDF sem texto extraível; pode ser escaneado
08/09/2026 10:01:35 | WARNING | PDF não indexado | arquivo=F:\Documentos\Rafael\4 - ARQUIVO MORTO\TRANSPORTES LUFT\ARMAZÉM.............87.689.402-0090-07\E-PROCESS\FOTO FACHADA 3.pdf | motivo=PDF sem texto extraível; pode ser escaneado
08/09/2026 10:01:35 | WARNING | PDF não indexado | arquivo=F:\Documentos\Rafael\4 - ARQUIVO MORTO\TRANSPORTES LUFT\ARMAZÉM.............87.689.402-0090-07\E-PROCESS\FOTO FACHADA 4.pdf | motivo=PDF sem texto extraível; pode ser escaneado
08/09/2026 10:01:36 | WARNING | PDF não indexado | arquivo=F:\Documentos\Rafael\4 - ARQUIVO MORTO\TRANSPORTES LUFT\ARMAZÉM.............87.689.402-0090-07\E-PROCESS - Atualização do Nome Fantasia\ALVARA.pdf | motivo=PDF sem texto extraível; pode ser escaneado
08/09/2026 10:01:36 | WARNING | PDF não indexado | arquivo=F:\Documentos\Rafael\4 - ARQUIVO MORTO\TRANSPORTES LUFT\ARMAZÉM.............87.689.402-0090-07\E-PROCESS - Atualização do Nome Fantasia\FACHADA 1.pdf | motivo=PDF sem texto extraível; pode ser escaneado
08/09/2026 10:01:36 | WARNING | PDF não indexado | arquivo=F:\Documentos\Rafael\4 - ARQUIVO MORTO\TRANSPORTES LUFT\ARMAZÉM.............87.689.402-0090-07\E-PROCESS - Atualização do Nome Fantasia\FACHADA 2.pdf | motivo=PDF sem texto extraível; pode ser escaneado
08/09/2026 10:01:36 | WARNING | PDF não indexado | arquivo=F:\Documentos\Rafael\4 - ARQUIVO MORTO\TRANSPORTES LUFT\ARMAZÉM.............87.689.402-0090-07\E-PROCESS - Atualização do Nome Fantasia\FACHADA 3.pdf | motivo=PDF sem texto extraível; pode ser escaneado
08/09/2026 10:01:36 | WARNING | PDF não indexado | arquivo=F:\Documentos\Rafael\4 - ARQUIVO MORTO\TRANSPORTES LUFT\ARMAZÉM.............87.689.402-0090-07\E-PROCESS - Atualização do Nome Fantasia\FACHADA 4.pdf | motivo=PDF sem texto extraível; pode ser escaneado
08/09/2026 10:01:36 | WARNING | PDF não indexado | arquivo=F:\Documentos\Rafael\4 - ARQUIVO MORTO\TRANSPORTES LUFT\ARMAZÉM.............87.689.402-0090-07\E-PROCESS - Atualização do Nome Fantasia\SOLICITAÇÃO DE ATUALIZAÇÃO CADASTRAL.pdf | motivo=PDF sem texto extraível; pode ser escaneado
08/09/2026 10:01:36 | WARNING | PDF não indexado | arquivo=F:\Documentos\Rafael\4 - ARQUIVO MORTO\TRANSPORTES LUFT\ARMAZÉM.............87.689.402-0090-07\E-PROCESS - Atualização do Nome Fantasia\TAXA DE SERVIÇOS.pdf | motivo=PDF sem texto extraível; pode ser escaneado
08/09/2026 10:01:37 | WARNING | PDF não indexado | arquivo=F:\Documentos\Rafael\4 - ARQUIVO MORTO\TRANSPORTES LUFT\ARMAZÉM.............87.689.402-0090-07\REGISTRO ARMAZÉM - ENCAMINHADO JUNTA.pdf | motivo=PDF sem texto extraível; pode ser escaneado
08/09/2026 10:01:37 | WARNING | PDF não indexado | arquivo=F:\Documentos\Rafael\4 - ARQUIVO MORTO\TRANSPORTES LUFT\DOCUMENTOS SÓCIOS\Balanço Patrimonial e Demonstração do Resultado de Exercício - LUFT.pdf | motivo=PDF sem texto extraível; pode ser escaneado
08/09/2026 10:01:47 | WARNING | PDF não indexado | arquivo=F:\Documentos\Rafael\4 - ARQUIVO MORTO\TRANSPORTES LUFT\DOCUMENTOS SÓCIOS\Declaração IR - ELOI LUFT.pdf | motivo=PDF sem texto extraível; pode ser escaneado
08/09/2026 10:01:57 | WARNING | PDF não indexado | arquivo=F:\Documentos\Rafael\4 - ARQUIVO MORTO\TRANSPORTES LUFT\DOCUMENTOS SÓCIOS\Declaração IR - FERNANDO LUFT.pdf | motivo=PDF sem texto extraível; pode ser escaneado
08/09/2026 10:02:05 | WARNING | PDF não indexado | arquivo=F:\Documentos\Rafael\4 - ARQUIVO MORTO\TRANSPORTES LUFT\DOCUMENTOS SÓCIOS\Declaração IR - LUCIANO LUFT.pdf | motivo=PDF sem texto extraível; pode ser escaneado
08/09/2026 10:02:07 | WARNING | PDF não indexado | arquivo=F:\Documentos\Rafael\4 - ARQUIVO MORTO\TRANSPORTES LUFT\DOCUMENTOS SÓCIOS\Recibo Declaração IR - ELOI LUFT.pdf | motivo=PDF sem texto extraível; pode ser escaneado
08/09/2026 10:02:07 | INFO | Indexação em andamento | 8000 de 27964 PDFs
08/09/2026 10:02:09 | WARNING | PDF não indexado | arquivo=F:\Documentos\Rafael\4 - ARQUIVO MORTO\TRANSPORTES LUFT\DOCUMENTOS SÓCIOS\Recibo Declaração IR - FERNANDO LUFT.pdf | motivo=PDF sem texto extraível; pode ser escaneado
08/09/2026 10:02:10 | WARNING | PDF não indexado | arquivo=F:\Documentos\Rafael\4 - ARQUIVO MORTO\TRANSPORTES LUFT\DOCUMENTOS SÓCIOS\Recibo Declaração IR - LUCIANO LUFT.pdf | motivo=PDF sem texto extraível; pode ser escaneado
08/09/2026 10:02:11 | WARNING | PDF não indexado | arquivo=F:\Documentos\Rafael\4 - ARQUIVO MORTO\TRANSPORTES LUFT\TRANSPORTE....... 87.689.402-0091-80\E-PROCESS\Alvara Luft - Transporte.pdf | motivo=PDF sem texto extraível; pode ser escaneado
08/09/2026 10:02:12 | WARNING | PDF não indexado | arquivo=F:\Documentos\Rafael\4 - ARQUIVO MORTO\TREVO ARMAZÉNS GERAIS\DOCUMENTOS SOCIO - MILTON.pdf | motivo=PDF sem texto extraível; pode ser escaneado
08/09/2026 10:02:27 | WARNING | PDF não indexado | arquivo=F:\Documentos\Rafael\4 - ARQUIVO MORTO\UNIAO AUTO PEÇAS LTDA\DOCUMENTOS PAULO.pdf | motivo=PDF sem texto extraível; pode ser escaneado
08/09/2026 10:02:28 | WARNING | PDF não indexado | arquivo=F:\Documentos\Rafael\4 - ARQUIVO MORTO\VALORIZA\DEPOSITO CAPITAL SOCIAL.pdf | motivo=PDF sem texto extraível; pode ser escaneado
08/09/2026 10:02:29 | WARNING | PDF não indexado | arquivo=F:\Documentos\Rafael\4 - ARQUIVO MORTO\VERLE MATERIAIS PARA CONSTRUÇÃO\ALVARÁ 2017.pdf | motivo=PDF sem texto extraível; pode ser escaneado
08/09/2026 10:02:30 | WARNING | PDF não indexado | arquivo=F:\Documentos\Rafael\4 - ARQUIVO MORTO\VERLE MATERIAIS PARA CONSTRUÇÃO\BAIXA FILIAL 1\LIVRO - REQUERIMENTO - EFD.pdf | motivo=PDF sem texto extraível; pode ser escaneado
08/09/2026 10:02:30 | WARNING | PDF não indexado | arquivo=F:\Documentos\Rafael\4 - ARQUIVO MORTO\VERLE MATERIAIS PARA CONSTRUÇÃO\BAIXA FILIAL 1\TERMO DE CIENCIA, RESPONSABILIDADE E FIEL DEPOSITÁRIO - ASSINADO.pdf | motivo=PDF sem texto extraível; pode ser escaneado
08/09/2026 10:02:30 | WARNING | PDF não indexado | arquivo=F:\Documentos\Rafael\4 - ARQUIVO MORTO\VERLE MATERIAIS PARA CONSTRUÇÃO\CONTRATO DE LOCAÇÃO.pdf | motivo=PDF sem texto extraível; pode ser escaneado
08/09/2026 10:02:30 | WARNING | PDF não indexado | arquivo=F:\Documentos\Rafael\4 - ARQUIVO MORTO\VERLE MATERIAIS PARA CONSTRUÇÃO\CONTRATO SOCIAL - 6º ALT.pdf | motivo=PDF sem texto extraível; pode ser escaneado
08/09/2026 10:02:30 | WARNING | PDF não indexado | arquivo=F:\Documentos\Rafael\4 - ARQUIVO MORTO\VERLE MATERIAIS PARA CONSTRUÇÃO\Documentos - LUIS HENRIQUE.pdf | motivo=PDF sem texto extraível; pode ser escaneado
08/09/2026 10:02:30 | WARNING | PDF não indexado | arquivo=F:\Documentos\Rafael\4 - ARQUIVO MORTO\VERLE MATERIAIS PARA CONSTRUÇÃO\EIRELI\Encaminhado Junta.pdf | motivo=PDF sem texto extraível; pode ser escaneado
08/09/2026 10:02:30 | WARNING | PDF não indexado | arquivo=F:\Documentos\Rafael\4 - ARQUIVO MORTO\VERLE MATERIAIS PARA CONSTRUÇÃO\EIRELI\PROTOCOLO ALVARÁ PREFEITURA.pdf | motivo=PDF sem texto extraível; pode ser escaneado
08/09/2026 10:02:31 | WARNING | PDF não indexado | arquivo=F:\Documentos\Rafael\4 - ARQUIVO MORTO\VERLE MATERIAIS PARA CONSTRUÇÃO\FAC - REATIVAÇÃO.pdf | motivo=PDF sem texto extraível; pode ser escaneado
08/09/2026 10:02:31 | WARNING | PDF não indexado | arquivo=F:\Documentos\Rafael\4 - ARQUIVO MORTO\VERLE MATERIAIS PARA CONSTRUÇÃO\FAC ASSINADA.pdf | motivo=PDF sem texto extraível; pode ser escaneado
08/09/2026 10:02:31 | WARNING | PDF não indexado | arquivo=F:\Documentos\Rafael\4 - ARQUIVO MORTO\VERLE MATERIAIS PARA CONSTRUÇÃO\MATRICULA.pdf | motivo=PDF sem texto extraível; pode ser escaneado
08/09/2026 10:02:31 | INFO | Indexação em andamento | 8100 de 27964 PDFs
08/09/2026 10:02:31 | WARNING | PDF não indexado | arquivo=F:\Documentos\Rafael\4 - ARQUIVO MORTO\VERLE MATERIAIS PARA CONSTRUÇÃO\SUSPENSÃO INSCRIÇÃO\TERMO DE CIENCIA, REPONSABILIDADE E FIEL DEPOSITARIO - ASSINADO.pdf | motivo=PDF sem texto extraível; pode ser escaneado
08/09/2026 10:02:33 | WARNING | PDF não indexado | arquivo=F:\Documentos\Rafael\4 - ARQUIVO MORTO\VINCENZI E VALGOI SERVIÇOS AUTOMOTIVOS LTDA\CONTRATO DE LOCAÇÃO.pdf | motivo=PDF sem texto extraível; pode ser escaneado
08/09/2026 10:02:35 | WARNING | PDF não indexado | arquivo=F:\Documentos\Rafael\4 - ARQUIVO MORTO\VINCENZI E VALGOI SERVIÇOS AUTOMOTIVOS LTDA\DOCUMENTOS SOCIO - ANDRE.pdf | motivo=PDF sem texto extraível; pode ser escaneado
08/09/2026 10:02:35 | WARNING | PDF não indexado | arquivo=F:\Documentos\Rafael\4 - ARQUIVO MORTO\VINCENZI E VALGOI SERVIÇOS AUTOMOTIVOS LTDA\DOCUMENTOS SOCIO - RODRIGO.pdf | motivo=PDF sem texto extraível; pode ser escaneado
08/09/2026 10:02:35 | WARNING | PDF não indexado | arquivo=F:\Documentos\Rafael\4 - ARQUIVO MORTO\VINCENZI E VALGOI SERVIÇOS AUTOMOTIVOS LTDA\FOTOS.pdf | motivo=PDF sem texto extraível; pode ser escaneado
08/09/2026 10:02:35 | WARNING | PDF não indexado | arquivo=F:\Documentos\Rafael\4 - ARQUIVO MORTO\VINCENZI E VALGOI SERVIÇOS AUTOMOTIVOS LTDA\HABITE-SE.pdf | motivo=PDF sem texto extraível; pode ser escaneado
08/09/2026 10:02:35 | WARNING | PDF não indexado | arquivo=F:\Documentos\Rafael\4 - ARQUIVO MORTO\VINCENZI E VALGOI SERVIÇOS AUTOMOTIVOS LTDA\PROTOCOLO LO.pdf | motivo=PDF sem texto extraível; pode ser escaneado
08/09/2026 10:02:36 | WARNING | PDF não indexado | arquivo=F:\Documentos\Rafael\4 - ARQUIVO MORTO\VINCENZI E VALGOI SERVIÇOS AUTOMOTIVOS LTDA\TAXA ALVARÁ DOS BOMBEIROS 2024.pdf | motivo=PDF sem texto extraível; pode ser escaneado
08/09/2026 10:02:38 | WARNING | PDF não indexado | arquivo=F:\Documentos\Rafael\4 - ARQUIVO MORTO\VIVI - MEI\GAZI\DOCUMENTOS MEI - 2020\DOCUMENTOS GRAZI.pdf | motivo=PDF sem texto extraível; pode ser escaneado
08/09/2026 10:02:39 | INFO | Indexação em andamento | 8200 de 27964 PDFs
08/09/2026 10:02:40 | WARNING | PDF não indexado | arquivo=F:\Documentos\Rafael\4 - ARQUIVO MORTO\VIVI - MEI\GLAUCIA\DOCUMENTOS MEI\DOCUMENTOS GLAUCIA.pdf | motivo=PDF sem texto extraível; pode ser escaneado
08/09/2026 10:02:41 | WARNING | PDF não indexado | arquivo=F:\Documentos\Rafael\4 - ARQUIVO MORTO\VIVI - MEI\LISI\DOCUMENTOS MEI\DOCUMENTOS LISI.pdf | motivo=PDF sem texto extraível; pode ser escaneado
08/09/2026 10:02:41 | WARNING | PDF não indexado | arquivo=F:\Documentos\Rafael\4 - ARQUIVO MORTO\VIVI - MEI\VIVI\CONSULTA OPTANTE.pdf | motivo=PDF sem texto extraível; pode ser escaneado
08/09/2026 10:02:43 | WARNING | PDF não indexado | arquivo=F:\Documentos\Rafael\4 - ARQUIVO MORTO\W. K. IMPORTAÇÃO E DISTRIBUIÇÃO DE MATERIAIS DE CONSTRUÇÃO LTDA\1º ALTERAÇÃO\CTR W.K .pdf | motivo=PDF sem texto extraível; pode ser escaneado
08/09/2026 10:02:43 | WARNING | PDF não indexado | arquivo=F:\Documentos\Rafael\4 - ARQUIVO MORTO\W. K. IMPORTAÇÃO E DISTRIBUIÇÃO DE MATERIAIS DE CONSTRUÇÃO LTDA\1º ALTERAÇÃO\FAC W.K.pdf | motivo=PDF sem texto extraível; pode ser escaneado
08/09/2026 10:02:43 | WARNING | PDF não indexado | arquivo=F:\Documentos\Rafael\4 - ARQUIVO MORTO\W. K. IMPORTAÇÃO E DISTRIBUIÇÃO DE MATERIAIS DE CONSTRUÇÃO LTDA\ALVARÁ.pdf | motivo=PDF sem texto extraível; pode ser escaneado
08/09/2026 10:02:43 | WARNING | PDF não indexado | arquivo=F:\Documentos\Rafael\4 - ARQUIVO MORTO\W. K. IMPORTAÇÃO E DISTRIBUIÇÃO DE MATERIAIS DE CONSTRUÇÃO LTDA\Documento - BRUNO.pdf | motivo=PDF sem texto extraível; pode ser escaneado
08/09/2026 10:02:43 | WARNING | PDF não indexado | arquivo=F:\Documentos\Rafael\4 - ARQUIVO MORTO\W. K. IMPORTAÇÃO E DISTRIBUIÇÃO DE MATERIAIS DE CONSTRUÇÃO LTDA\Documento - CLEDI.pdf | motivo=PDF sem texto extraível; pode ser escaneado
08/09/2026 10:02:43 | WARNING | PDF não indexado | arquivo=F:\Documentos\Rafael\4 - ARQUIVO MORTO\W. K. IMPORTAÇÃO E DISTRIBUIÇÃO DE MATERIAIS DE CONSTRUÇÃO LTDA\Documento - OLAVO.pdf | motivo=PDF sem texto extraível; pode ser escaneado
08/09/2026 10:02:43 | INFO | Indexação em andamento | 8300 de 27964 PDFs
08/09/2026 10:02:44 | WARNING | PDF não indexado | arquivo=F:\Documentos\Rafael\4 - ARQUIVO MORTO\W. K. IMPORTAÇÃO E DISTRIBUIÇÃO DE MATERIAIS DE CONSTRUÇÃO LTDA\EIRELI\CTR SOCIAL.pdf | motivo=PDF sem texto extraível; pode ser escaneado
08/09/2026 10:02:44 | WARNING | PDF não indexado | arquivo=F:\Documentos\Rafael\4 - ARQUIVO MORTO\W. K. IMPORTAÇÃO E DISTRIBUIÇÃO DE MATERIAIS DE CONSTRUÇÃO LTDA\EIRELI\Documentos Encaminhados JUCEMAT.pdf | motivo=PDF sem texto extraível; pode ser escaneado
08/09/2026 10:02:44 | WARNING | PDF não indexado | arquivo=F:\Documentos\Rafael\4 - ARQUIVO MORTO\W. K. IMPORTAÇÃO E DISTRIBUIÇÃO DE MATERIAIS DE CONSTRUÇÃO LTDA\EIRELI\FAC - ASSINADA.pdf | motivo=PDF sem texto extraível; pode ser escaneado
08/09/2026 10:02:45 | WARNING | PDF não indexado | arquivo=F:\Documentos\Rafael\4 - ARQUIVO MORTO\W. K. IMPORTAÇÃO E DISTRIBUIÇÃO DE MATERIAIS DE CONSTRUÇÃO LTDA\LO - SAMA.pdf | motivo=PDF sem texto extraível; pode ser escaneado
08/09/2026 10:02:45 | WARNING | PDF não indexado | arquivo=F:\Documentos\Rafael\4 - ARQUIVO MORTO\W. K. IMPORTAÇÃO E DISTRIBUIÇÃO DE MATERIAIS DE CONSTRUÇÃO LTDA\PROTOCOLO BOMBEIRO.pdf | motivo=PDF sem texto extraível; pode ser escaneado
08/09/2026 10:02:47 | WARNING | PDF não indexado | arquivo=F:\Documentos\Rafael\4 - ARQUIVO MORTO\WF AGRONEGOCIOS\CONTRATO DE ARRENDAMENTO - COOPERSORRISO x AVP ARMAZÉNS.pdf | motivo=PDF sem texto extraível; pode ser escaneado
08/09/2026 10:02:48 | WARNING | PDF não indexado | arquivo=F:\Documentos\Rafael\4 - ARQUIVO MORTO\WF AGRONEGOCIOS\CONTRATO DE LOCAÇÃO.pdf | motivo=PDF sem texto extraível; pode ser escaneado
08/09/2026 10:02:49 | WARNING | PDF não indexado | arquivo=F:\Documentos\Rafael\4 - ARQUIVO MORTO\WF AGRONEGOCIOS\DIFERIMENTO NA 2º OPERAÇÃO DE ICMS\LIVRO TERMO DE OCORRENCIAS.pdf | motivo=PDF sem texto extraível; pode ser escaneado
08/09/2026 10:02:49 | WARNING | PDF não indexado | arquivo=F:\Documentos\Rafael\4 - ARQUIVO MORTO\WF AGRONEGOCIOS\DIFERIMENTO NA 2º OPERAÇÃO DE ICMS\SOLICITAÇÃO DE RETROAGIMENTO.pdf | motivo=PDF sem texto extraível; pode ser escaneado
08/09/2026 10:02:49 | WARNING | PDF não indexado | arquivo=F:\Documentos\Rafael\4 - ARQUIVO MORTO\WF AGRONEGOCIOS\DIFERIMENTO NA 2º OPERAÇÃO DE ICMS\TERMO DE OPÇÃO PARA REALIZAÇÃO DE OPERAÇÃO COM DIFERIMENTO DO ICMS.pdf | motivo=PDF sem texto extraível; pode ser escaneado
08/09/2026 10:02:49 | WARNING | PDF não indexado | arquivo=F:\Documentos\Rafael\4 - ARQUIVO MORTO\WF AGRONEGOCIOS\DOCUMENTOS FABIANO.pdf | motivo=PDF sem texto extraível; pode ser escaneado
08/09/2026 10:02:49 | WARNING | PDF não indexado | arquivo=F:\Documentos\Rafael\4 - ARQUIVO MORTO\WF AGRONEGOCIOS\DOCUMENTOS WAGNER.pdf | motivo=PDF sem texto extraível; pode ser escaneado
08/09/2026 10:02:49 | WARNING | PDF não indexado | arquivo=F:\Documentos\Rafael\4 - ARQUIVO MORTO\WF AGRONEGOCIOS\DOCUMENTOS WILLIAN.pdf | motivo=PDF sem texto extraível; pode ser escaneado
08/09/2026 10:02:50 | WARNING | PDF não indexado | arquivo=F:\Documentos\Rafael\4 - ARQUIVO MORTO\WF AGRONEGOCIOS\FOTOS.pdf | motivo=PDF sem texto extraível; pode ser escaneado
08/09/2026 10:02:50 | WARNING | PDF não indexado | arquivo=F:\Documentos\Rafael\4 - ARQUIVO MORTO\WF AGRONEGOCIOS\MATRICULA.pdf | motivo=PDF sem texto extraível; pode ser escaneado
08/09/2026 10:02:50 | WARNING | PDF não indexado | arquivo=F:\Documentos\Rafael\4 - ARQUIVO MORTO\WF AGRONEGOCIOS\PROTOCOLO BOMBEIROS.pdf | motivo=PDF sem texto extraível; pode ser escaneado
08/09/2026 10:02:50 | WARNING | PDF não indexado | arquivo=F:\Documentos\Rafael\4 - ARQUIVO MORTO\WF AGRONEGOCIOS\TERMO DE COMPROMISSO - REDESIM.pdf | motivo=PDF sem texto extraível; pode ser escaneado
08/09/2026 10:02:51 | WARNING | PDF não indexado | arquivo=F:\Documentos\Rafael\4 - ARQUIVO MORTO\YOKOTOBI\CONTRATO SOCIAL YOKOTOBI - 8ª ALTERAÇÃO.pdf | motivo=PDF sem texto extraível; pode ser escaneado
08/09/2026 10:02:51 | WARNING | PDF não indexado | arquivo=F:\Documentos\Rafael\4 - ARQUIVO MORTO\YOKOTOBI\Doc. 5 - MEMORANDO EXPORTAÇAO COFCO.pdf | motivo=PDF sem texto extraível; pode ser escaneado
08/09/2026 10:02:52 | WARNING | PDF não indexado | arquivo=F:\Documentos\Rafael\4 - ARQUIVO MORTO\YOKOTOBI\Doc. 6 - MEMORANDO EXPORTAÇAO CUTRALE.pdf | motivo=PDF sem texto extraível; pode ser escaneado
08/09/2026 10:03:40 | WARNING | PDF não indexado | arquivo=F:\Documentos\Rafael\4 - ARQUIVO MORTO\YOKOTOBI\FALE COM O SECRETÁRIO\Documentos Solicitados - Despacho Fiscal\3 - IR 2022 - DECLARACAO - Sócio.pdf | motivo=PDF sem texto extraível; pode ser escaneado
08/09/2026 10:03:42 | WARNING | PDF não indexado | arquivo=F:\Documentos\Rafael\4 - ARQUIVO MORTO\YOKOTOBI\FALE COM O SECRETÁRIO\Documentos Solicitados - Despacho Fiscal\3 - IR 2022 - RECIBO - Sócio.pdf | motivo=PDF sem texto extraível; pode ser escaneado
08/09/2026 10:03:42 | WARNING | PDF não indexado | arquivo=F:\Documentos\Rafael\4 - ARQUIVO MORTO\YOKOTOBI\FALE COM O SECRETÁRIO\Documentos Solicitados - Despacho Fiscal\4 - BALANÇO E DRE - 2019.PDF | motivo=PDF sem texto extraível; pode ser escaneado
08/09/2026 10:03:42 | WARNING | PDF não indexado | arquivo=F:\Documentos\Rafael\4 - ARQUIVO MORTO\YOKOTOBI\FALE COM O SECRETÁRIO\Documentos Solicitados - Despacho Fiscal\4 - BALANÇO E DRE - 2020.pdf | motivo=PDF sem texto extraível; pode ser escaneado
08/09/2026 10:03:42 | WARNING | PDF não indexado | arquivo=F:\Documentos\Rafael\4 - ARQUIVO MORTO\YOKOTOBI\FALE COM O SECRETÁRIO\Documentos Solicitados - Despacho Fiscal\4 - BALANÇO E DRE - 2021.pdf | motivo=PDF sem texto extraível; pode ser escaneado
08/09/2026 10:03:43 | WARNING | PDF não indexado | arquivo=F:\Documentos\Rafael\4 - ARQUIVO MORTO\YOKOTOBI\FALE COM O SECRETÁRIO\Documentos Solicitados - Despacho Fiscal\4 - BALANÇO E DRE - 2º TRIM 2022.pdf | motivo=PDF sem texto extraível; pode ser escaneado
08/09/2026 10:03:43 | WARNING | PDF não indexado | arquivo=F:\Documentos\Rafael\4 - ARQUIVO MORTO\YOKOTOBI\FALE COM O SECRETÁRIO\Documentos Solicitados - Despacho Fiscal\4 - FATURAMENTOS.pdf | motivo=PDF sem texto extraível; pode ser escaneado
08/09/2026 10:03:43 | WARNING | PDF não indexado | arquivo=F:\Documentos\Rafael\4 - ARQUIVO MORTO\YOKOTOBI\FALE COM O SECRETÁRIO\Documentos Solicitados - Despacho Fiscal\BP E FAT REF 2020-2021.PDF | motivo=PDF sem texto extraível; pode ser escaneado
08/09/2026 10:03:43 | WARNING | PDF não indexado | arquivo=F:\Documentos\Rafael\4 - ARQUIVO MORTO\YOKOTOBI\FALE COM O SECRETÁRIO\Documentos Solicitados - Despacho Fiscal\DRE REF 2º TRIM-2022.pdf | motivo=PDF sem texto extraível; pode ser escaneado
08/09/2026 10:03:44 | WARNING | PDF não indexado | arquivo=F:\Documentos\Rafael\4 - ARQUIVO MORTO\YOKOTOBI\FALE COM O SECRETÁRIO\Documentos Solicitados - Despacho Fiscal\SCAN_20220715_094103737.pdf | motivo=PDF sem texto extraível; pode ser escaneado
08/09/2026 10:03:44 | WARNING | PDF não indexado | arquivo=F:\Documentos\Rafael\4 - ARQUIVO MORTO\YOKOTOBI\FALE COM O SECRETÁRIO\Documentos Solicitados - Despacho Fiscal\SCAN_20220715_094620239.pdf | motivo=PDF sem texto extraível; pode ser escaneado
08/09/2026 10:03:47 | INFO | Indexação em andamento | 8400 de 27964 PDFs
08/09/2026 10:03:47 | WARNING | PDF não indexado | arquivo=F:\Documentos\Rafael\5 - MODELOS DE DOCUMENTOS\CONTRATOS ELIZETE\1 - ok.pdf | motivo=PDF sem texto extraível; pode ser escaneado
08/09/2026 10:03:47 | WARNING | PDF não indexado | arquivo=F:\Documentos\Rafael\5 - MODELOS DE DOCUMENTOS\CONTRATOS ELIZETE\2 - ok.pdf | motivo=PDF sem texto extraível; pode ser escaneado
08/09/2026 10:03:47 | WARNING | PDF não indexado | arquivo=F:\Documentos\Rafael\5 - MODELOS DE DOCUMENTOS\CONTRATOS ELIZETE\3.pdf | motivo=PDF sem texto extraível; pode ser escaneado
08/09/2026 10:03:48 | WARNING | PDF não indexado | arquivo=F:\Documentos\Rafael\5 - MODELOS DE DOCUMENTOS\CONTRATOS ELIZETE\doc01392220221207170942.pdf | motivo=PDF sem texto extraível; pode ser escaneado
08/09/2026 10:03:48 | WARNING | PDF não indexado | arquivo=F:\Documentos\Rafael\5 - MODELOS DE DOCUMENTOS\CONTRATOS ELIZETE\DOCUMENTOS DOMINGOS BARUFFI.pdf | motivo=PDF sem texto extraível; pode ser escaneado
08/09/2026 10:03:49 | WARNING | PDF não indexado | arquivo=F:\Documentos\Rafael\5 - MODELOS DE DOCUMENTOS\CONTRATOS ELIZETE\IDENTIFICAÇÃO.pdf | motivo=PDF sem texto extraível; pode ser escaneado
08/09/2026 10:03:49 | WARNING | PDF não indexado | arquivo=F:\Documentos\Rafael\5 - MODELOS DE DOCUMENTOS\~$tição de Inventário - Marcelo Vinicius Dressler - 12.08.2025 AD (1).pdf | motivo=PdfStreamError: Stream has ended unexpectedly
08/09/2026 10:04:01 | INFO | Indexação em andamento | 8500 de 27964 PDFs
08/09/2026 10:04:14 | INFO | Indexação em andamento | 8600 de 27964 PDFs
08/09/2026 10:04:16 | WARNING | PDF não indexado | arquivo=F:\Documentos\Rafael\6 - ALVARÁS\2026\DULCE CARLA STECIUK SOCIEDADE INDIVIDUAL DE ADVOCACIA.pdf | motivo=PDF sem texto extraível; pode ser escaneado
08/09/2026 10:04:23 | WARNING | PDF não indexado | arquivo=F:\Documentos\Rafael\6 - ALVARÁS\2026\PARAEM HOTEIS ( HOTEL IMPERIAL SORRISO).pdf | motivo=PDF sem texto extraível; pode ser escaneado
08/09/2026 10:04:28 | INFO | Indexação em andamento | 8700 de 27964 PDFs
08/09/2026 10:04:37 | INFO | Indexação em andamento | 8800 de 27964 PDFs
08/09/2026 10:04:42 | WARNING | PDF não indexado | arquivo=F:\Documentos\Rafael\6 - ALVARÁS\TAXAS 2024\ACB AGRONEGOCIOS LTDA.pdf | motivo=PDF sem texto extraível; pode ser escaneado
08/09/2026 10:04:47 | INFO | Indexação em andamento | 8900 de 27964 PDFs
08/09/2026 10:04:55 | INFO | Indexação em andamento | 9000 de 27964 PDFs
08/09/2026 10:05:08 | INFO | Indexação em andamento | 9100 de 27964 PDFs
08/09/2026 10:05:22 | WARNING | PDF não indexado | arquivo=F:\Documentos\Rafael\7 - HOLDINGS - ESTUDO\080217_holding.pdf | motivo=PDF sem texto extraível; pode ser escaneado
08/09/2026 10:05:46 | WARNING | PDF não indexado | arquivo=F:\Documentos\Rafael\9 - LEIS\ICMS\TABELA ALÍQUOTAS INTERESTADUAIS.pdf | motivo=PDF sem texto extraível; pode ser escaneado
08/09/2026 10:05:52 | INFO | Indexação em andamento | 9200 de 27964 PDFs
08/09/2026 10:06:11 | WARNING | PDF não indexado | arquivo=F:\Documentos\Rafael\9 - LEIS\MUNICIPAL\DECRETO - 869-2023.pdf | motivo=PDF sem texto extraível; pode ser escaneado
08/09/2026 10:06:26 | WARNING | PDF não indexado | arquivo=F:\Documentos\Rafael\9 - LEIS\MUNICIPAL\RETENÇÕES PREFEITURA\COMUNICADO DA PREFEITURA AOS FORNECEDORES SOBRE A RETENÇÃO.pdf | motivo=PDF sem texto extraível; pode ser escaneado
08/09/2026 10:07:49 | INFO | Indexação em andamento | 9300 de 27964 PDFs
08/09/2026 10:08:04 | INFO | Indexação em andamento | 9400 de 27964 PDFs
08/09/2026 10:08:15 | WARNING | PDF não indexado | arquivo=F:\Documentos\Rafael\A. P. MONTEIRO LTDA\DOCUMENTOS SÓCIO - Certidão de emancipação.pdf | motivo=PDF sem texto extraível; pode ser escaneado
08/09/2026 10:08:16 | WARNING | PDF não indexado | arquivo=F:\Documentos\Rafael\A. P. MONTEIRO LTDA\DOCUMENTOS SÓCIO - Certidão de nascimento.pdf | motivo=PDF sem texto extraível; pode ser escaneado
08/09/2026 10:08:16 | WARNING | PDF não indexado | arquivo=F:\Documentos\Rafael\A. P. MONTEIRO LTDA\DOCUMENTOS SÓCIO - CFP e RG.pdf | motivo=PDF sem texto extraível; pode ser escaneado
08/09/2026 10:08:16 | WARNING | PDF não indexado | arquivo=F:\Documentos\Rafael\A. P. MONTEIRO LTDA\DOCUMENTOS SÓCIO - Escritura de emancipação.pdf | motivo=PDF sem texto extraível; pode ser escaneado
08/09/2026 10:08:16 | WARNING | PDF não indexado | arquivo=F:\Documentos\Rafael\A. P. MONTEIRO LTDA\HABITE-SE.pdf | motivo=PDF sem texto extraível; pode ser escaneado
08/09/2026 10:08:17 | WARNING | PDF não indexado | arquivo=F:\Documentos\Rafael\A. P. MONTEIRO LTDA\TITULO ELEITOR.pdf | motivo=PDF sem texto extraível; pode ser escaneado
08/09/2026 10:08:18 | WARNING | PDF não indexado | arquivo=F:\Documentos\Rafael\ACB AGRONEGÓCIOS\CONTRATO DE PARCERIA RURAL - ACB x PFs.pdf | motivo=PDF sem texto extraível; pode ser escaneado
08/09/2026 10:08:22 | WARNING | PDF não indexado | arquivo=F:\Documentos\Rafael\ACB AGRONEGÓCIOS\MATRICULA INTEGRALIZADA\ITBI - PARECER JURÍDICO - Cálculo diferença.pdf | motivo=PDF sem texto extraível; pode ser escaneado
08/09/2026 10:08:22 | WARNING | PDF não indexado | arquivo=F:\Documentos\Rafael\ACB AGRONEGÓCIOS\MATRICULA INTEGRALIZADA\ITBI - PARECER JURÍDICO e RELATÓRIO JURÍDICO.pdf | motivo=PDF sem texto extraível; pode ser escaneado
08/09/2026 10:08:28 | INFO | Indexação em andamento | 9500 de 27964 PDFs
08/09/2026 10:08:34 | WARNING | PDF não indexado | arquivo=F:\Documentos\Rafael\ADRIANE BEHLING (CAMELUS)\DOCUMENTOS ADRIANE BEHLING.pdf | motivo=PDF sem texto extraível; pode ser escaneado
08/09/2026 10:08:34 | WARNING | PDF não indexado | arquivo=F:\Documentos\Rafael\ADRIANE BEHLING (CAMELUS)\IMPUGNAÇÃO SIMPLES\Nova Pasta\comprovante_01_10_2025_145454.pdf | motivo=PDF sem texto extraível; pode ser escaneado
08/09/2026 10:08:34 | WARNING | PDF não indexado | arquivo=F:\Documentos\Rafael\ADRIANE BEHLING (CAMELUS)\IMPUGNAÇÃO SIMPLES\Nova Pasta\comprovante_01_10_2025_145625.pdf | motivo=PDF sem texto extraível; pode ser escaneado
08/09/2026 10:08:35 | WARNING | PDF não indexado | arquivo=F:\Documentos\Rafael\ADRIANE BEHLING (CAMELUS)\IMPUGNAÇÃO SIMPLES\Nova Pasta\Novo Documento 2025-10-01 10.28.43.pdf | motivo=PDF sem texto extraível; pode ser escaneado
08/09/2026 10:08:35 | WARNING | PDF não indexado | arquivo=F:\Documentos\Rafael\ADRIANE BEHLING (CAMELUS)\IMPUGNAÇÃO SIMPLES\Nova Pasta\Novo Documento 2025-10-01 10.33.24.pdf | motivo=PDF sem texto extraível; pode ser escaneado
08/09/2026 10:08:35 | WARNING | PDF não indexado | arquivo=F:\Documentos\Rafael\ADRIANE BEHLING (CAMELUS)\IMPUGNAÇÃO SIMPLES\Nova Pasta\Novo Documento 2025-10-02 12.51.08 (2).pdf | motivo=PDF sem texto extraível; pode ser escaneado
08/09/2026 10:08:37 | WARNING | PDF não indexado | arquivo=F:\Documentos\Rafael\ADRIANE BEHLING (CAMELUS)\REQUERIMENTO EMPRESÁRIO.pdf | motivo=PDF sem texto extraível; pode ser escaneado
08/09/2026 10:08:38 | WARNING | PDF não indexado | arquivo=F:\Documentos\Rafael\ADSS CONSULTORIA E CORRETORA DE IMOVEIS\ALVARÁ BOMBEIROS.pdf | motivo=PDF sem texto extraível; pode ser escaneado
08/09/2026 10:08:38 | WARNING | PDF não indexado | arquivo=F:\Documentos\Rafael\ADSS CONSULTORIA E CORRETORA DE IMOVEIS\CNH ALEXANDRE.pdf | motivo=PDF sem texto extraível; pode ser escaneado
08/09/2026 10:08:39 | WARNING | PDF não indexado | arquivo=F:\Documentos\Rafael\ADSS CONSULTORIA E CORRETORA DE IMOVEIS\CONTRATO DE LOCAÇÃO.pdf | motivo=PDF sem texto extraível; pode ser escaneado
08/09/2026 10:08:40 | WARNING | PDF não indexado | arquivo=F:\Documentos\Rafael\ADSS CONSULTORIA E CORRETORA DE IMOVEIS\DOCUMENTOS ALEXANDRE.pdf | motivo=PDF sem texto extraível; pode ser escaneado
08/09/2026 10:08:41 | WARNING | PDF não indexado | arquivo=F:\Documentos\Rafael\ADSS CONSULTORIA E CORRETORA DE IMOVEIS\DOCUMENTOS DULCE.pdf | motivo=PDF sem texto extraível; pode ser escaneado
08/09/2026 10:08:41 | WARNING | PDF não indexado | arquivo=F:\Documentos\Rafael\ADSS CONSULTORIA E CORRETORA DE IMOVEIS\DOCUMENTOS SOCIOS.pdf | motivo=PDF sem texto extraível; pode ser escaneado
08/09/2026 10:08:41 | WARNING | PDF não indexado | arquivo=F:\Documentos\Rafael\ADSS CONSULTORIA E CORRETORA DE IMOVEIS\FOTOS.pdf | motivo=PDF sem texto extraível; pode ser escaneado
08/09/2026 10:08:41 | WARNING | PDF não indexado | arquivo=F:\Documentos\Rafael\ADSS CONSULTORIA E CORRETORA DE IMOVEIS\HABITE-SE.pdf | motivo=PDF sem texto extraível; pode ser escaneado
08/09/2026 10:08:41 | WARNING | PDF não indexado | arquivo=F:\Documentos\Rafael\ADSS CONSULTORIA E CORRETORA DE IMOVEIS\MATRÍCULA.pdf | motivo=PDF sem texto extraível; pode ser escaneado
08/09/2026 10:08:44 | WARNING | PDF não indexado | arquivo=F:\Documentos\Rafael\AERO AGRICOLA TELES PIRES\CamScanner_19-05-2026_14.12.pdf | motivo=PDF sem texto extraível; pode ser escaneado
08/09/2026 10:08:44 | WARNING | PDF não indexado | arquivo=F:\Documentos\Rafael\AERO AGRICOLA TELES PIRES\CONTRATO DE COMODATO E LOCAÇÃO.pdf | motivo=PDF sem texto extraível; pode ser escaneado
08/09/2026 10:08:45 | WARNING | PDF não indexado | arquivo=F:\Documentos\Rafael\AERO AGRICOLA TELES PIRES\CONTRATO DE LOCAÇÃO.pdf | motivo=PDF sem texto extraível; pode ser escaneado
08/09/2026 10:08:46 | WARNING | PDF não indexado | arquivo=F:\Documentos\Rafael\AERO AGRICOLA TELES PIRES\CONTRFATO DE COMODATO.pdf | motivo=PDF sem texto extraível; pode ser escaneado
08/09/2026 10:08:46 | WARNING | PDF não indexado | arquivo=F:\Documentos\Rafael\AERO AGRICOLA TELES PIRES\DOCUMENTOS - DARCI.pdf | motivo=PDF sem texto extraível; pode ser escaneado
08/09/2026 10:08:46 | WARNING | PDF não indexado | arquivo=F:\Documentos\Rafael\AERO AGRICOLA TELES PIRES\DOCUMENTOS SÓCIO - DANIEL WEIS.pdf | motivo=PDF sem texto extraível; pode ser escaneado
08/09/2026 10:08:46 | INFO | Indexação em andamento | 9600 de 27964 PDFs
08/09/2026 10:08:46 | WARNING | PDF não indexado | arquivo=F:\Documentos\Rafael\AERO AGRICOLA TELES PIRES\DOCUMENTOS SÓCIO - GUILHERME.pdf | motivo=PDF sem texto extraível; pode ser escaneado
08/09/2026 10:08:47 | WARNING | PDF não indexado | arquivo=F:\Documentos\Rafael\AERO AGRICOLA TELES PIRES\FOTOS.pdf | motivo=PDF sem texto extraível; pode ser escaneado
08/09/2026 10:08:47 | WARNING | PDF não indexado | arquivo=F:\Documentos\Rafael\AERO AGRICOLA TELES PIRES\MATRICULA 4681.pdf | motivo=PDF sem texto extraível; pode ser escaneado
08/09/2026 10:08:47 | WARNING | PDF não indexado | arquivo=F:\Documentos\Rafael\AERO AGRICOLA TELES PIRES\MATRICULA ATUALIZADA.pdf | motivo=PDF sem texto extraível; pode ser escaneado
08/09/2026 10:08:48 | WARNING | PDF não indexado | arquivo=F:\Documentos\Rafael\AERO AGRICOLA TELES PIRES\TAC - 2023.pdf | motivo=PDF sem texto extraível; pode ser escaneado
08/09/2026 10:08:48 | WARNING | PDF não indexado | arquivo=F:\Documentos\Rafael\AERO AGRICOLA TELES PIRES\TAC - 2024.pdf | motivo=PDF sem texto extraível; pode ser escaneado
08/09/2026 10:08:54 | WARNING | PDF não indexado | arquivo=F:\Documentos\Rafael\AGRO ALIANCA LTDA\CERTIDÃO CASAMENTO AVELINO.pdf | motivo=PDF sem texto extraível; pode ser escaneado
08/09/2026 10:08:54 | WARNING | PDF não indexado | arquivo=F:\Documentos\Rafael\AGRO ALIANCA LTDA\CERTIDÃO CASAMENTO CRISTINA.pdf | motivo=PDF sem texto extraível; pode ser escaneado
08/09/2026 10:08:54 | WARNING | PDF não indexado | arquivo=F:\Documentos\Rafael\AGRO ALIANCA LTDA\CERTIDÃO CASAMENTO REGINA.pdf | motivo=PDF sem texto extraível; pode ser escaneado
08/09/2026 10:09:03 | WARNING | PDF não indexado | arquivo=F:\Documentos\Rafael\AGRO ALIANCA LTDA\DOCUMENTOS AVELINO.pdf | motivo=PDF sem texto extraível; pode ser escaneado
08/09/2026 10:09:03 | WARNING | PDF não indexado | arquivo=F:\Documentos\Rafael\AGRO ALIANCA LTDA\DOCUMENTOS CRISTINA.pdf | motivo=PDF sem texto extraível; pode ser escaneado
08/09/2026 10:09:03 | WARNING | PDF não indexado | arquivo=F:\Documentos\Rafael\AGRO ALIANCA LTDA\DOCUMENTOS IRACEMA.pdf | motivo=PDF sem texto extraível; pode ser escaneado
08/09/2026 10:09:03 | WARNING | PDF não indexado | arquivo=F:\Documentos\Rafael\AGRO ALIANCA LTDA\DOCUMENTOS JEAN.pdf | motivo=PDF sem texto extraível; pode ser escaneado
08/09/2026 10:09:04 | WARNING | PDF não indexado | arquivo=F:\Documentos\Rafael\AGRO ALIANCA LTDA\DOCUMENTOS LUIS.pdf | motivo=PDF sem texto extraível; pode ser escaneado
08/09/2026 10:09:04 | WARNING | PDF não indexado | arquivo=F:\Documentos\Rafael\AGRO ALIANCA LTDA\DOCUMENTOS REGINA KIELBA BOCOLLI AVILA.pdf | motivo=PDF sem texto extraível; pode ser escaneado
08/09/2026 10:09:04 | WARNING | PDF não indexado | arquivo=F:\Documentos\Rafael\AGRO ALIANCA LTDA\DOCUMENTOS SÓCIOS\CERTIDÃO CASAMENTO AVELINO.pdf | motivo=PDF sem texto extraível; pode ser escaneado
08/09/2026 10:09:04 | WARNING | PDF não indexado | arquivo=F:\Documentos\Rafael\AGRO ALIANCA LTDA\DOCUMENTOS SÓCIOS\CERTIDÃO CASAMENTO CRISTINA.pdf | motivo=PDF sem texto extraível; pode ser escaneado
08/09/2026 10:09:04 | WARNING | PDF não indexado | arquivo=F:\Documentos\Rafael\AGRO ALIANCA LTDA\DOCUMENTOS SÓCIOS\CERTIDÃO CASAMENTO REGINA.pdf | motivo=PDF sem texto extraível; pode ser escaneado
08/09/2026 10:09:04 | WARNING | PDF não indexado | arquivo=F:\Documentos\Rafael\AGRO ALIANCA LTDA\DOCUMENTOS SÓCIOS\DOCUMENTOS AVELINO.pdf | motivo=PDF sem texto extraível; pode ser escaneado
08/09/2026 10:09:04 | WARNING | PDF não indexado | arquivo=F:\Documentos\Rafael\AGRO ALIANCA LTDA\DOCUMENTOS SÓCIOS\DOCUMENTOS CRISTINA.pdf | motivo=PDF sem texto extraível; pode ser escaneado
08/09/2026 10:09:04 | WARNING | PDF não indexado | arquivo=F:\Documentos\Rafael\AGRO ALIANCA LTDA\DOCUMENTOS SÓCIOS\DOCUMENTOS IRACEMA.pdf | motivo=PDF sem texto extraível; pode ser escaneado
08/09/2026 10:09:04 | WARNING | PDF não indexado | arquivo=F:\Documentos\Rafael\AGRO ALIANCA LTDA\DOCUMENTOS SÓCIOS\DOCUMENTOS JEAN.pdf | motivo=PDF sem texto extraível; pode ser escaneado
08/09/2026 10:09:04 | WARNING | PDF não indexado | arquivo=F:\Documentos\Rafael\AGRO ALIANCA LTDA\DOCUMENTOS SÓCIOS\DOCUMENTOS REGINA KIELBA BOCOLLI AVILA.pdf | motivo=PDF sem texto extraível; pode ser escaneado
08/09/2026 10:09:04 | WARNING | PDF não indexado | arquivo=F:\Documentos\Rafael\AGRO ALIANCA LTDA\DOCUMENTOS SÓCIOS\DOCUMENTOS REGINA.pdf | motivo=PDF sem texto extraível; pode ser escaneado
08/09/2026 10:09:04 | WARNING | PDF não indexado | arquivo=F:\Documentos\Rafael\AGRO ALIANCA LTDA\INSCRIÇÃO ESTADUAL\CONTRATO DE COMODATO.pdf | motivo=PDF sem texto extraível; pode ser escaneado
08/09/2026 10:09:04 | WARNING | PDF não indexado | arquivo=F:\Documentos\Rafael\AGRO ALIANCA LTDA\INSCRIÇÃO ESTADUAL\DOCUMENTOS AVELINO.pdf | motivo=PDF sem texto extraível; pode ser escaneado
08/09/2026 10:09:04 | WARNING | PDF não indexado | arquivo=F:\Documentos\Rafael\AGRO ALIANCA LTDA\INSCRIÇÃO ESTADUAL\DOCUMENTOS CRISTINA.pdf | motivo=PDF sem texto extraível; pode ser escaneado
08/09/2026 10:09:04 | WARNING | PDF não indexado | arquivo=F:\Documentos\Rafael\AGRO ALIANCA LTDA\INSCRIÇÃO ESTADUAL\DOCUMENTOS REGINA.pdf | motivo=PDF sem texto extraível; pode ser escaneado
08/09/2026 10:09:04 | WARNING | PDF não indexado | arquivo=F:\Documentos\Rafael\AGRO ALIANCA LTDA\INSCRIÇÃO ESTADUAL\FAC.pdf | motivo=PDF sem texto extraível; pode ser escaneado
08/09/2026 10:09:05 | WARNING | PDF não indexado | arquivo=F:\Documentos\Rafael\AGRO ALIANCA LTDA\INSCRIÇÃO ESTADUAL\MATRÍCULA.pdf | motivo=PDF sem texto extraível; pode ser escaneado
08/09/2026 10:09:05 | WARNING | PDF não indexado | arquivo=F:\Documentos\Rafael\AGRO ALIANCA LTDA\INSCRIÇÃO ESTADUAL\TERMO DE OPÇÃO.pdf | motivo=PDF sem texto extraível; pode ser escaneado
08/09/2026 10:09:06 | INFO | Indexação em andamento | 9700 de 27964 PDFs
08/09/2026 10:09:07 | WARNING | PDF não indexado | arquivo=F:\Documentos\Rafael\AGRO ALIANCA LTDA\INTEGRALIZAÇÕES\CARTÓRIO APIACÁS\REQUERIMENTO APIACAS.pdf | motivo=PDF sem texto extraível; pode ser escaneado
08/09/2026 10:09:08 | WARNING | PDF não indexado | arquivo=F:\Documentos\Rafael\AGRO ALIANCA LTDA\INTEGRALIZAÇÕES\CARTÓRIO PORTO DOS GAÚCHOS\GUIAS ITBI - ISENÇÃO.pdf | motivo=PDF sem texto extraível; pode ser escaneado
08/09/2026 10:09:18 | WARNING | PDF não indexado | arquivo=F:\Documentos\Rafael\AGRO ALIANCA LTDA\INTEGRALIZAÇÕES\CARTÓRIO SINOP (STA CARMEM)\banco\Certidão Simplificada 06.07.2021.pdf | motivo=PDF sem texto extraível; pode ser escaneado
08/09/2026 10:09:25 | WARNING | PDF não indexado | arquivo=F:\Documentos\Rafael\AGRO ALIANCA LTDA\INTEGRALIZAÇÕES\CARTÓRIO SINOP (STA CARMEM)\GUIAS ITBI - SANTA CARMEM\documento 09022021.pdf | motivo=PDF sem texto extraível; pode ser escaneado
08/09/2026 10:09:25 | WARNING | PDF não indexado | arquivo=F:\Documentos\Rafael\AGRO ALIANCA LTDA\INTEGRALIZAÇÕES\CARTÓRIO SINOP (STA CARMEM)\GUIAS ITBI - SANTA CARMEM\oficio10022021.pdf | motivo=PDF sem texto extraível; pode ser escaneado
08/09/2026 10:09:25 | WARNING | PDF não indexado | arquivo=F:\Documentos\Rafael\AGRO ALIANCA LTDA\INTEGRALIZAÇÕES\CARTÓRIO SINOP (STA CARMEM)\ISENÇÕES ITBI.pdf | motivo=PDF sem texto extraível; pode ser escaneado
08/09/2026 10:09:26 | WARNING | PDF não indexado | arquivo=F:\Documentos\Rafael\AGRO ALIANCA LTDA\INTEGRALIZAÇÕES\CARTÓRIO SINOP (STA CARMEM)\PGTO CARTORIO.pdf | motivo=PDF sem texto extraível; pode ser escaneado
08/09/2026 10:09:26 | WARNING | PDF não indexado | arquivo=F:\Documentos\Rafael\AGRO ALIANCA LTDA\INTEGRALIZAÇÕES\CARTÓRIO SINOP (STA CARMEM)\SANTA CARMEM\OFICIO INTERNO PREFEITURA.pdf | motivo=PDF sem texto extraível; pode ser escaneado
08/09/2026 10:09:26 | WARNING | PDF não indexado | arquivo=F:\Documentos\Rafael\AGRO ALIANCA LTDA\INTEGRALIZAÇÕES\CARTÓRIO SINOP (STA CARMEM)\SANTA CARMEM\PARECER PREFEITURA.pdf | motivo=PDF sem texto extraível; pode ser escaneado
08/09/2026 10:09:26 | WARNING | PDF não indexado | arquivo=F:\Documentos\Rafael\AGRO ALIANCA LTDA\INTEGRALIZAÇÕES\GUIAS ITBI - SANTA CARMEM\documento 09022021.pdf | motivo=PDF sem texto extraível; pode ser escaneado
08/09/2026 10:09:27 | WARNING | PDF não indexado | arquivo=F:\Documentos\Rafael\AGRO ALIANCA LTDA\INTEGRALIZAÇÕES\GUIAS ITBI - SANTA CARMEM\oficio10022021.pdf | motivo=PDF sem texto extraível; pode ser escaneado
08/09/2026 10:09:27 | WARNING | PDF não indexado | arquivo=F:\Documentos\Rafael\AGRO ALIANCA LTDA\INTEGRALIZAÇÕES\SANTA CARMEM\OFICIO INTERNO PREFEITURA.pdf | motivo=PDF sem texto extraível; pode ser escaneado
08/09/2026 10:09:27 | WARNING | PDF não indexado | arquivo=F:\Documentos\Rafael\AGRO ALIANCA LTDA\INTEGRALIZAÇÕES\SANTA CARMEM\PARECER PREFEITURA.pdf | motivo=PDF sem texto extraível; pode ser escaneado
08/09/2026 10:09:27 | WARNING | PDF não indexado | arquivo=F:\Documentos\Rafael\AGRO ALIANCA LTDA\MATRICULAS\13.180.pdf | motivo=PDF sem texto extraível; pode ser escaneado
08/09/2026 10:09:28 | WARNING | PDF não indexado | arquivo=F:\Documentos\Rafael\AGRO ALIANCA LTDA\MATRICULAS\13.447.pdf | motivo=PDF sem texto extraível; pode ser escaneado
08/09/2026 10:09:28 | WARNING | PDF não indexado | arquivo=F:\Documentos\Rafael\AGRO ALIANCA LTDA\MATRICULAS\2.530.pdf | motivo=PDF sem texto extraível; pode ser escaneado
08/09/2026 10:09:29 | WARNING | PDF não indexado | arquivo=F:\Documentos\Rafael\AGRO ALIANCA LTDA\MATRICULAS\2.531.pdf | motivo=PDF sem texto extraível; pode ser escaneado
08/09/2026 10:09:32 | WARNING | PDF não indexado | arquivo=F:\Documentos\Rafael\AGRO ALIANCA LTDA\MATRICULAS\30.173.pdf | motivo=PDF sem texto extraível; pode ser escaneado
08/09/2026 10:09:34 | WARNING | PDF não indexado | arquivo=F:\Documentos\Rafael\AGRO ALIANCA LTDA\MATRICULAS\64.514.pdf | motivo=PDF sem texto extraível; pode ser escaneado
08/09/2026 10:09:37 | WARNING | PDF não indexado | arquivo=F:\Documentos\Rafael\AGRO ALIANCA LTDA\MATRICULAS\64.515.pdf | motivo=PDF sem texto extraível; pode ser escaneado
08/09/2026 10:09:40 | WARNING | PDF não indexado | arquivo=F:\Documentos\Rafael\AGRO ALIANCA LTDA\MATRICULAS\64.516.pdf | motivo=PDF sem texto extraível; pode ser escaneado
08/09/2026 10:09:42 | INFO | Indexação em andamento | 9800 de 27964 PDFs
08/09/2026 10:09:44 | WARNING | PDF não indexado | arquivo=F:\Documentos\Rafael\AGRO FLORESTAL BELA VISTA\AGRO FRANCIO LTDA\CONTRATO SOCIAL - CONSTITUIÇÃO.pdf | motivo=PDF sem texto extraível; pode ser escaneado
08/09/2026 10:09:44 | WARNING | PDF não indexado | arquivo=F:\Documentos\Rafael\AGRO FLORESTAL BELA VISTA\AGRO FRANCIO LTDA\INSCRIÇÃO ESTADUAL\69.185.pdf | motivo=PDF sem texto extraível; pode ser escaneado
08/09/2026 10:09:46 | WARNING | PDF não indexado | arquivo=F:\Documentos\Rafael\AGRO FLORESTAL BELA VISTA\DOCUMENTOS CELSO.pdf | motivo=PDF sem texto extraível; pode ser escaneado
08/09/2026 10:09:46 | WARNING | PDF não indexado | arquivo=F:\Documentos\Rafael\AGRO FLORESTAL BELA VISTA\DOCUMENTOS VILMA.pdf | motivo=PDF sem texto extraível; pode ser escaneado
08/09/2026 10:09:48 | WARNING | PDF não indexado | arquivo=F:\Documentos\Rafael\AGRO IMOBILIARIA\CONSTITUIÇÃO\IPTU IMOBILIARIA.pdf | motivo=PDF sem texto extraível; pode ser escaneado
08/09/2026 10:09:48 | WARNING | PDF não indexado | arquivo=F:\Documentos\Rafael\AGRO IMOBILIARIA\CONTRATO DE LOCAÇÃO.pdf | motivo=PDF sem texto extraível; pode ser escaneado
08/09/2026 10:09:49 | WARNING | PDF não indexado | arquivo=F:\Documentos\Rafael\AGRO IMOBILIARIA\DOCUMENTOS FABIANO.pdf | motivo=PDF sem texto extraível; pode ser escaneado
08/09/2026 10:09:49 | WARNING | PDF não indexado | arquivo=F:\Documentos\Rafael\AGRO IMOBILIARIA\DOCUMENTOS GLAUDIMIR.pdf | motivo=PDF sem texto extraível; pode ser escaneado
08/09/2026 10:09:50 | WARNING | PDF não indexado | arquivo=F:\Documentos\Rafael\AGRO IMOBILIARIA\FOTOS.pdf | motivo=PDF sem texto extraível; pode ser escaneado
08/09/2026 10:09:50 | WARNING | PDF não indexado | arquivo=F:\Documentos\Rafael\AGRO IMOBILIARIA\HABITE-SE.pdf | motivo=PDF sem texto extraível; pode ser escaneado
08/09/2026 10:09:51 | WARNING | PDF não indexado | arquivo=F:\Documentos\Rafael\AGRO IMOBILIARIA\TAXA ALVARÁ DOS BOMBEIROS 2024.pdf | motivo=PDF sem texto extraível; pode ser escaneado
08/09/2026 10:09:55 | WARNING | PDF não indexado | arquivo=F:\Documentos\Rafael\AGRO MISSIO LTDA\1º ALTERAÇÃO\~$EQUADO mascarelo fabiano INSTRUMENTO DOAÇÃO - AGRO MISSIO alteraçoes a pedido do fabiano (1).pdf | motivo=PdfStreamError: Stream has ended unexpectedly
08/09/2026 10:09:55 | WARNING | PDF não indexado | arquivo=F:\Documentos\Rafael\AGRO MISSIO LTDA\1º ALTERAÇÃO\~$EQUADO mascarelo fabiano MPG-182-MINUTA - AGRO MISSIO LTDA - 1º alt.pdf | motivo=PdfStreamError: Stream has ended unexpectedly
08/09/2026 10:09:55 | WARNING | PDF não indexado | arquivo=F:\Documentos\Rafael\AGRO MISSIO LTDA\1º ALTERAÇÃO\~$INSTRUMENTO DOAÇÃO - AGRO MISSIO para FABIANO MISSIO - 04.03.2024 - Correção número RG Fabiano 5-3-24 fabiano assinou.pdf | motivo=PdfStreamError: Stream has ended unexpectedly
08/09/2026 10:09:55 | WARNING | PDF não indexado | arquivo=F:\Documentos\Rafael\AGRO MISSIO LTDA\CARTÓRIO\CERTIDAO VALOR VENAL IMÓVEIS.pdf | motivo=PDF sem texto extraível; pode ser escaneado
08/09/2026 10:09:56 | WARNING | PDF não indexado | arquivo=F:\Documentos\Rafael\AGRO MISSIO LTDA\CARTÓRIO\MAT. 783 - DECLARAÇÃO ITBI.pdf | motivo=PDF sem texto extraível; pode ser escaneado
08/09/2026 10:09:56 | WARNING | PDF não indexado | arquivo=F:\Documentos\Rafael\AGRO MISSIO LTDA\CARTÓRIO\MAT. 784 - DECLARAÇÃO ITBI.pdf | motivo=PDF sem texto extraível; pode ser escaneado
08/09/2026 10:09:57 | WARNING | PDF não indexado | arquivo=F:\Documentos\Rafael\AGRO MISSIO LTDA\CARTÓRIO\MAT. 785 - DECLARAÇÃO ITBI.pdf | motivo=PDF sem texto extraível; pode ser escaneado
08/09/2026 10:09:58 | WARNING | PDF não indexado | arquivo=F:\Documentos\Rafael\AGRO MISSIO LTDA\CONTRATO SOCIAL - 1º alt (Ass Cartório).pdf | motivo=PDF sem texto extraível; pode ser escaneado
08/09/2026 10:10:01 | WARNING | PDF não indexado | arquivo=F:\Documentos\Rafael\AGRO MISSIO LTDA\DOCUMENTO FABIANO.pdf | motivo=PDF sem texto extraível; pode ser escaneado
08/09/2026 10:10:01 | WARNING | PDF não indexado | arquivo=F:\Documentos\Rafael\AGRO MISSIO LTDA\DOCUMENTO JULIANO.pdf | motivo=PDF sem texto extraível; pode ser escaneado
08/09/2026 10:10:01 | WARNING | PDF não indexado | arquivo=F:\Documentos\Rafael\AGRO MISSIO LTDA\DOCUMENTOS DORNELES.pdf | motivo=PDF sem texto extraível; pode ser escaneado
08/09/2026 10:10:01 | WARNING | PDF não indexado | arquivo=F:\Documentos\Rafael\AGRO MISSIO LTDA\DOCUMENTOS JANDIRA.pdf | motivo=PDF sem texto extraível; pode ser escaneado
08/09/2026 10:10:01 | WARNING | PDF não indexado | arquivo=F:\Documentos\Rafael\AGRO MISSIO LTDA\DOCUMENTOS ODONI.pdf | motivo=PDF sem texto extraível; pode ser escaneado
08/09/2026 10:10:01 | INFO | Indexação em andamento | 9900 de 27964 PDFs
08/09/2026 10:10:02 | WARNING | PDF não indexado | arquivo=F:\Documentos\Rafael\AGRO MISSIO LTDA\GIA ITCD\Jandira x Fabiano - GIA - DAR.pdf | motivo=PDF sem texto extraível; pode ser escaneado
08/09/2026 10:10:02 | WARNING | PDF não indexado | arquivo=F:\Documentos\Rafael\AGRO MISSIO LTDA\INSCRIÇÃO ESTADUAL\CONTRATO COMODATO.pdf | motivo=PDF sem texto extraível; pode ser escaneado
08/09/2026 10:10:02 | WARNING | PDF não indexado | arquivo=F:\Documentos\Rafael\AGRO MISSIO LTDA\INSCRIÇÃO ESTADUAL\FAC ASSINADA.pdf | motivo=PDF sem texto extraível; pode ser escaneado
08/09/2026 10:10:03 | WARNING | PDF não indexado | arquivo=F:\Documentos\Rafael\AGRO MISSIO LTDA\INSCRIÇÃO ESTADUAL\TERMO DE OPÇÃO PARA REALIZAÇÃO DE OPERAÇÃO.pdf | motivo=PDF sem texto extraível; pode ser escaneado
08/09/2026 10:10:03 | WARNING | PDF não indexado | arquivo=F:\Documentos\Rafael\AGRO MISSIO LTDA\INTRUMENTO PARTICULAR DE DOACAO - Ass reconhecidas.pdf | motivo=PDF sem texto extraível; pode ser escaneado
08/09/2026 10:10:03 | WARNING | PDF não indexado | arquivo=F:\Documentos\Rafael\AGRO MISSIO LTDA\MATRÍCULAS\CERTIDAO VALOR VENAL IMÓVEIS.pdf | motivo=PDF sem texto extraível; pode ser escaneado
08/09/2026 10:10:03 | WARNING | PDF não indexado | arquivo=F:\Documentos\Rafael\AGRO MISSIO LTDA\MATRÍCULAS\MATRÍCULA 783.pdf | motivo=PDF sem texto extraível; pode ser escaneado
08/09/2026 10:10:03 | WARNING | PDF não indexado | arquivo=F:\Documentos\Rafael\AGRO MISSIO LTDA\MATRÍCULAS\MATRÍCULA 784.pdf | motivo=PDF sem texto extraível; pode ser escaneado
08/09/2026 10:10:03 | WARNING | PDF não indexado | arquivo=F:\Documentos\Rafael\AGRO MISSIO LTDA\MATRÍCULAS\MATRÍCULA 785.pdf | motivo=PDF sem texto extraível; pode ser escaneado
08/09/2026 10:10:03 | WARNING | PDF não indexado | arquivo=F:\Documentos\Rafael\AGRO MISSIO LTDA\PROCURAÇÃO - Dorneles x Nilza.pdf | motivo=PDF sem texto extraível; pode ser escaneado
08/09/2026 10:10:04 | WARNING | PDF não indexado | arquivo=F:\Documentos\Rafael\AGRO MISSIO LTDA\SPU\PROTOCOLO SPU.pdf | motivo=PDF sem texto extraível; pode ser escaneado
08/09/2026 10:10:27 | WARNING | PDF não indexado | arquivo=F:\Documentos\Rafael\AGRO ROSSATO     (AGRO RANDON)\DOCUMENTOS SÓCIOS - Divórcio Dilceu e Catia.pdf | motivo=PDF sem texto extraível; pode ser escaneado
08/09/2026 10:10:30 | WARNING | PDF não indexado | arquivo=F:\Documentos\Rafael\AGRO ROSSATO     (AGRO RANDON)\MATRICULAS INTEGRALIZADAS\CARTORIO\1 - MATRICULA 68.994    OK\1 MAT. 68.994 - Faz. Jóia.pdf | motivo=PDF sem texto extraível; pode ser escaneado
08/09/2026 10:10:31 | WARNING | PDF não indexado | arquivo=F:\Documentos\Rafael\AGRO ROSSATO     (AGRO RANDON)\MATRICULAS INTEGRALIZADAS\CARTORIO\10 - MATRICULA 66.731    OK\10 MAT. 66.731 - Faz. Mata Verde III.pdf | motivo=PDF sem texto extraível; pode ser escaneado
08/09/2026 10:10:33 | WARNING | PDF não indexado | arquivo=F:\Documentos\Rafael\AGRO ROSSATO     (AGRO RANDON)\MATRICULAS INTEGRALIZADAS\CARTORIO\11 - MATRICULA 65.313    OK\11 MAT. 65.313 - Faz. Carol IV.pdf | motivo=PDF sem texto extraível; pode ser escaneado
08/09/2026 10:10:34 | INFO | Indexação em andamento | 10000 de 27964 PDFs
08/09/2026 10:10:34 | WARNING | PDF não indexado | arquivo=F:\Documentos\Rafael\AGRO ROSSATO     (AGRO RANDON)\MATRICULAS INTEGRALIZADAS\CARTORIO\12 - MATRICULA 65.340    OK\12 MAT. 65.340 - Faz. Carol V.pdf | motivo=PDF sem texto extraível; pode ser escaneado
08/09/2026 10:10:36 | WARNING | PDF não indexado | arquivo=F:\Documentos\Rafael\AGRO ROSSATO     (AGRO RANDON)\MATRICULAS INTEGRALIZADAS\CARTORIO\2 - MATRICULA 65.295    OK\2  MAT. 65.295.pdf | motivo=PDF sem texto extraível; pode ser escaneado
08/09/2026 10:10:38 | WARNING | PDF não indexado | arquivo=F:\Documentos\Rafael\AGRO ROSSATO     (AGRO RANDON)\MATRICULAS INTEGRALIZADAS\CARTORIO\3 - MATRICULA 57.847    OK\3 MAT. 57.847 - Faz. Carol II.pdf | motivo=PDF sem texto extraível; pode ser escaneado
08/09/2026 10:10:40 | WARNING | PDF não indexado | arquivo=F:\Documentos\Rafael\AGRO ROSSATO     (AGRO RANDON)\MATRICULAS INTEGRALIZADAS\CARTORIO\4 - MATRICULA 65.842    OK\4 MAT. 65.842 - Faz. Carol III.pdf | motivo=PDF sem texto extraível; pode ser escaneado
08/09/2026 10:10:42 | WARNING | PDF não indexado | arquivo=F:\Documentos\Rafael\AGRO ROSSATO     (AGRO RANDON)\MATRICULAS INTEGRALIZADAS\CARTORIO\5 - MATRICULA 60.857\5 MAT. 60.857- Faz. Luiz Eduardo I.pdf | motivo=PDF sem texto extraível; pode ser escaneado
08/09/2026 10:10:44 | WARNING | PDF não indexado | arquivo=F:\Documentos\Rafael\AGRO ROSSATO     (AGRO RANDON)\MATRICULAS INTEGRALIZADAS\CARTORIO\6 - MATRICULA 57.844\6 MAT. 57.844 - Faz. Luiz Eduardo II.pdf | motivo=PDF sem texto extraível; pode ser escaneado
08/09/2026 10:10:46 | WARNING | PDF não indexado | arquivo=F:\Documentos\Rafael\AGRO ROSSATO     (AGRO RANDON)\MATRICULAS INTEGRALIZADAS\CARTORIO\7 - MATRICULA 34.330\7 MAT. URBANA 34.330.pdf | motivo=PDF sem texto extraível; pode ser escaneado
08/09/2026 10:10:47 | WARNING | PDF não indexado | arquivo=F:\Documentos\Rafael\AGRO ROSSATO     (AGRO RANDON)\MATRICULAS INTEGRALIZADAS\CARTORIO\8 - MATRICULA 66.658\8 MAT. 66.658 - Faz. Mata Verde II.pdf | motivo=PDF sem texto extraível; pode ser escaneado
08/09/2026 10:10:49 | WARNING | PDF não indexado | arquivo=F:\Documentos\Rafael\AGRO ROSSATO     (AGRO RANDON)\MATRICULAS INTEGRALIZADAS\CARTORIO\9 - MATRICULA 39.303\9 MAT. 39.303 - Faz. Mata Verde I.pdf | motivo=PDF sem texto extraível; pode ser escaneado
08/09/2026 10:10:52 | WARNING | PDF não indexado | arquivo=F:\Documentos\Rafael\AGRO ROSSATO     (AGRO RANDON)\MATRICULAS INTEGRALIZADAS\MATRICULA 65.842.pdf | motivo=PDF sem texto extraível; pode ser escaneado
08/09/2026 10:10:53 | INFO | Indexação em andamento | 10100 de 27964 PDFs
08/09/2026 10:10:54 | WARNING | PDF não indexado | arquivo=F:\Documentos\Rafael\AGRO ROSSATO     (AGRO RANDON)\MATRÍCULAS\Mat. Urbana 35.525 04.04.2024.pdf | motivo=PDF sem texto extraível; pode ser escaneado
08/09/2026 10:10:54 | WARNING | PDF não indexado | arquivo=F:\Documentos\Rafael\AGRO ROSSATO     (AGRO RANDON)\MATRÍCULAS\Mat. Urbana 35.526 04.04.2024.pdf | motivo=PDF sem texto extraível; pode ser escaneado
08/09/2026 10:10:54 | WARNING | PDF não indexado | arquivo=F:\Documentos\Rafael\AGRO ROSSATO     (AGRO RANDON)\MATRÍCULAS\Mat. Urbana 35.526 15.01.2021.pdf | motivo=PDF sem texto extraível; pode ser escaneado
08/09/2026 10:10:55 | WARNING | PDF não indexado | arquivo=F:\Documentos\Rafael\AGRO ROSSATO     (AGRO RANDON)\MATRÍCULAS\Mat. Urbana 39.807 04.04.2024.pdf | motivo=PDF sem texto extraível; pode ser escaneado
08/09/2026 10:10:55 | WARNING | PDF não indexado | arquivo=F:\Documentos\Rafael\AGRO ROSSATO     (AGRO RANDON)\MATRÍCULAS\Mat. Urbana 48.700 04.04.2024.pdf | motivo=PDF sem texto extraível; pode ser escaneado
08/09/2026 10:11:01 | WARNING | PDF não indexado | arquivo=F:\Documentos\Rafael\AGROCLARA LTDA\CNH RAFAEL BEDIN.pdf | motivo=PDF sem texto extraível; pode ser escaneado
08/09/2026 10:11:07 | WARNING | PDF não indexado | arquivo=F:\Documentos\Rafael\AGROCLARA LTDA\DOCUMENTO ANA CLAUDIA BEDIN.pdf | motivo=PDF sem texto extraível; pode ser escaneado
08/09/2026 10:11:07 | WARNING | PDF não indexado | arquivo=F:\Documentos\Rafael\AGROCLARA LTDA\DOCUMENTO CLAUDIO BEDIN.pdf | motivo=PDF sem texto extraível; pode ser escaneado
08/09/2026 10:11:07 | WARNING | PDF não indexado | arquivo=F:\Documentos\Rafael\AGROCLARA LTDA\DOCUMENTO RAFAEL BEDIN.pdf | motivo=PDF sem texto extraível; pode ser escaneado
08/09/2026 10:11:07 | WARNING | PDF não indexado | arquivo=F:\Documentos\Rafael\AGROCLARA LTDA\INSCRIÇÃO ESTADUAL\CONTRATO DE COMODATO.pdf | motivo=PDF sem texto extraível; pode ser escaneado
08/09/2026 10:11:07 | WARNING | PDF não indexado | arquivo=F:\Documentos\Rafael\AGROCLARA LTDA\INSCRIÇÃO ESTADUAL\FAC.pdf | motivo=PDF sem texto extraível; pode ser escaneado
08/09/2026 10:11:07 | WARNING | PDF não indexado | arquivo=F:\Documentos\Rafael\AGROCLARA LTDA\INSCRIÇÃO ESTADUAL\MATRÍCULA 879.pdf | motivo=PDF sem texto extraível; pode ser escaneado
08/09/2026 10:11:07 | WARNING | PDF não indexado | arquivo=F:\Documentos\Rafael\AGROCLARA LTDA\INSCRIÇÃO ESTADUAL\TERMO DE OPÇÃO.pdf | motivo=PDF sem texto extraível; pode ser escaneado
08/09/2026 10:11:09 | WARNING | PDF não indexado | arquivo=F:\Documentos\Rafael\AGROCLARA LTDA\MATRICULA INTEGRALIZADA\CARTORIO\2 - Mat. 880.pdf | motivo=PDF sem texto extraível; pode ser escaneado
08/09/2026 10:11:09 | WARNING | PDF não indexado | arquivo=F:\Documentos\Rafael\AGROCLARA LTDA\MATRICULA INTEGRALIZADA\CARTORIO\3 - Mat. 940.pdf | motivo=PDF sem texto extraível; pode ser escaneado
08/09/2026 10:11:10 | WARNING | PDF não indexado | arquivo=F:\Documentos\Rafael\AGROCLARA LTDA\MATRICULA INTEGRALIZADA\CARTORIO\4 - Mat. 1.116.pdf | motivo=PDF sem texto extraível; pode ser escaneado
08/09/2026 10:11:16 | INFO | Indexação em andamento | 10200 de 27964 PDFs
08/09/2026 10:11:29 | WARNING | PDF não indexado | arquivo=F:\Documentos\Rafael\AGROPECUARIA DONA SENAIDE\DOCUMENTOS SÓCIOS\DOCUMENTOS ADEMIR.pdf | motivo=PDF sem texto extraível; pode ser escaneado
08/09/2026 10:11:29 | WARNING | PDF não indexado | arquivo=F:\Documentos\Rafael\AGROPECUARIA DONA SENAIDE\DOCUMENTOS SÓCIOS\DOCUMENTOS ANA.pdf | motivo=PDF sem texto extraível; pode ser escaneado
08/09/2026 10:11:29 | WARNING | PDF não indexado | arquivo=F:\Documentos\Rafael\AGROPECUARIA DONA SENAIDE\DOCUMENTOS SÓCIOS\DOCUMENTOS CARMELITA.pdf | motivo=PDF sem texto extraível; pode ser escaneado
08/09/2026 10:11:29 | WARNING | PDF não indexado | arquivo=F:\Documentos\Rafael\AGROPECUARIA DONA SENAIDE\DOCUMENTOS SÓCIOS\DOCUMENTOS CERENITA.pdf | motivo=PDF sem texto extraível; pode ser escaneado
08/09/2026 10:11:29 | WARNING | PDF não indexado | arquivo=F:\Documentos\Rafael\AGROPECUARIA DONA SENAIDE\DOCUMENTOS SÓCIOS\DOCUMENTOS MARCIA.pdf | motivo=PDF sem texto extraível; pode ser escaneado
08/09/2026 10:11:29 | WARNING | PDF não indexado | arquivo=F:\Documentos\Rafael\AGROPECUARIA DONA SENAIDE\DOCUMENTOS SÓCIOS\DOCUMENTOS MARIA.pdf | motivo=PDF sem texto extraível; pode ser escaneado
08/09/2026 10:11:29 | WARNING | PDF não indexado | arquivo=F:\Documentos\Rafael\AGROPECUARIA DONA SENAIDE\DOCUMENTOS SÓCIOS\DOCUMENTOS MARIBEL.pdf | motivo=PDF sem texto extraível; pode ser escaneado
08/09/2026 10:11:29 | WARNING | PDF não indexado | arquivo=F:\Documentos\Rafael\AGROPECUARIA DONA SENAIDE\DOCUMENTOS SÓCIOS\DOCUMENTOS NELSO.pdf | motivo=PDF sem texto extraível; pode ser escaneado
08/09/2026 10:11:30 | WARNING | PDF não indexado | arquivo=F:\Documentos\Rafael\AGROPECUARIA DONA SENAIDE\DOCUMENTOS SÓCIOS\DOCUMENTOS NEVIO.pdf | motivo=PDF sem texto extraível; pode ser escaneado
08/09/2026 10:11:30 | WARNING | PDF não indexado | arquivo=F:\Documentos\Rafael\AGROPECUARIA DONA SENAIDE\DOCUMENTOS SÓCIOS\DOCUMENTOS PAULO.pdf | motivo=PDF sem texto extraível; pode ser escaneado
08/09/2026 10:11:30 | WARNING | PDF não indexado | arquivo=F:\Documentos\Rafael\AGROPECUARIA DONA SENAIDE\DOCUMENTOS SÓCIOS\DOCUMENTOS SERGIO.pdf | motivo=PDF sem texto extraível; pode ser escaneado
08/09/2026 10:11:30 | WARNING | PDF não indexado | arquivo=F:\Documentos\Rafael\AGROPECUARIA DONA SENAIDE\DOCUMENTOS SÓCIOS\DOCUMENTOS VALTER.pdf | motivo=PDF sem texto extraível; pode ser escaneado
08/09/2026 10:11:30 | WARNING | PDF não indexado | arquivo=F:\Documentos\Rafael\AGROPECUARIA DONA SENAIDE\INSCRIÇÃO ESTADUAL\CONTRATO COMODATO - AGROP. DONA SENAIDE x SÓCIOS.pdf | motivo=PDF sem texto extraível; pode ser escaneado
08/09/2026 10:11:30 | WARNING | PDF não indexado | arquivo=F:\Documentos\Rafael\AGROPECUARIA DONA SENAIDE\INSCRIÇÃO ESTADUAL\FAC ASSINADA.pdf | motivo=PDF sem texto extraível; pode ser escaneado
08/09/2026 10:11:30 | INFO | Indexação em andamento | 10300 de 27964 PDFs
08/09/2026 10:11:30 | WARNING | PDF não indexado | arquivo=F:\Documentos\Rafael\AGROPECUARIA DONA SENAIDE\INSCRIÇÃO ESTADUAL\MATRÍCULA Nº 56.286.pdf | motivo=PDF sem texto extraível; pode ser escaneado
08/09/2026 10:11:30 | WARNING | PDF não indexado | arquivo=F:\Documentos\Rafael\AGROPECUARIA DONA SENAIDE\INSCRIÇÃO ESTADUAL\TERMO DE OPÇÃO PARA REALIZAÇÃO DE OPERAÇÃO-PRESTAÇÃO COM DIFERIMENTO DO ICMS.pdf | motivo=PDF sem texto extraível; pode ser escaneado
08/09/2026 10:11:31 | WARNING | PDF não indexado | arquivo=F:\Documentos\Rafael\AGROPECUARIA DONA SENAIDE\MATRÍCULAS INTEGRALIZADAS\INTEGRALIZADAS NO CARTÓRIO\47.714.pdf | motivo=PDF sem texto extraível; pode ser escaneado
08/09/2026 10:11:31 | WARNING | PDF não indexado | arquivo=F:\Documentos\Rafael\AGROPECUARIA DONA SENAIDE\MATRÍCULAS INTEGRALIZADAS\INTEGRALIZADAS NO CARTÓRIO\50.040.pdf | motivo=PDF sem texto extraível; pode ser escaneado
08/09/2026 10:11:31 | WARNING | PDF não indexado | arquivo=F:\Documentos\Rafael\AGROPECUARIA DONA SENAIDE\MATRÍCULAS INTEGRALIZADAS\INTEGRALIZADAS NO CARTÓRIO\56.286.pdf | motivo=PDF sem texto extraível; pode ser escaneado
08/09/2026 10:11:31 | WARNING | PDF não indexado | arquivo=F:\Documentos\Rafael\AGROPECUARIA DONA SENAIDE\MATRÍCULAS INTEGRALIZADAS\INTEGRALIZADAS NO CONTRATO\11220.pdf | motivo=PDF sem texto extraível; pode ser escaneado
08/09/2026 10:11:31 | WARNING | PDF não indexado | arquivo=F:\Documentos\Rafael\AGROPECUARIA DONA SENAIDE\MATRÍCULAS INTEGRALIZADAS\INTEGRALIZADAS NO CONTRATO\11565.pdf | motivo=PDF sem texto extraível; pode ser escaneado
08/09/2026 10:11:31 | WARNING | PDF não indexado | arquivo=F:\Documentos\Rafael\AGROPECUARIA DONA SENAIDE\MATRÍCULAS INTEGRALIZADAS\INTEGRALIZADAS NO CONTRATO\11566.pdf | motivo=PDF sem texto extraível; pode ser escaneado
08/09/2026 10:11:31 | WARNING | PDF não indexado | arquivo=F:\Documentos\Rafael\AGROPECUARIA DONA SENAIDE\MATRÍCULAS INTEGRALIZADAS\INTEGRALIZADAS NO CONTRATO\11567.pdf | motivo=PDF sem texto extraível; pode ser escaneado
08/09/2026 10:11:32 | WARNING | PDF não indexado | arquivo=F:\Documentos\Rafael\AGROPECUARIA DONA SENAIDE\MATRÍCULAS INTEGRALIZADAS\INTEGRALIZADAS NO CONTRATO\12538.pdf | motivo=PDF sem texto extraível; pode ser escaneado
08/09/2026 10:11:32 | WARNING | PDF não indexado | arquivo=F:\Documentos\Rafael\AGROPECUARIA DONA SENAIDE\MATRÍCULAS INTEGRALIZADAS\INTEGRALIZADAS NO CONTRATO\21615.pdf | motivo=PDF sem texto extraível; pode ser escaneado
08/09/2026 10:11:32 | WARNING | PDF não indexado | arquivo=F:\Documentos\Rafael\AGROPECUARIA DONA SENAIDE\MATRÍCULAS INTEGRALIZADAS\INTEGRALIZADAS NO CONTRATO\23917.pdf | motivo=PDF sem texto extraível; pode ser escaneado
08/09/2026 10:11:32 | WARNING | PDF não indexado | arquivo=F:\Documentos\Rafael\AGROPECUARIA DONA SENAIDE\MATRÍCULAS INTEGRALIZADAS\INTEGRALIZADAS NO CONTRATO\249.pdf | motivo=PDF sem texto extraível; pode ser escaneado
08/09/2026 10:11:32 | WARNING | PDF não indexado | arquivo=F:\Documentos\Rafael\AGROPECUARIA DONA SENAIDE\MATRÍCULAS INTEGRALIZADAS\INTEGRALIZADAS NO CONTRATO\25449.pdf | motivo=PDF sem texto extraível; pode ser escaneado
08/09/2026 10:11:32 | WARNING | PDF não indexado | arquivo=F:\Documentos\Rafael\AGROPECUARIA DONA SENAIDE\MATRÍCULAS INTEGRALIZADAS\INTEGRALIZADAS NO CONTRATO\25517.pdf | motivo=PDF sem texto extraível; pode ser escaneado
08/09/2026 10:11:32 | WARNING | PDF não indexado | arquivo=F:\Documentos\Rafael\AGROPECUARIA DONA SENAIDE\MATRÍCULAS INTEGRALIZADAS\INTEGRALIZADAS NO CONTRATO\29998.pdf | motivo=PDF sem texto extraível; pode ser escaneado
08/09/2026 10:11:32 | WARNING | PDF não indexado | arquivo=F:\Documentos\Rafael\AGROPECUARIA DONA SENAIDE\MATRÍCULAS INTEGRALIZADAS\INTEGRALIZADAS NO CONTRATO\29999.pdf | motivo=PDF sem texto extraível; pode ser escaneado
08/09/2026 10:11:32 | WARNING | PDF não indexado | arquivo=F:\Documentos\Rafael\AGROPECUARIA DONA SENAIDE\MATRÍCULAS INTEGRALIZADAS\INTEGRALIZADAS NO CONTRATO\30032.pdf | motivo=PDF sem texto extraível; pode ser escaneado
08/09/2026 10:11:32 | WARNING | PDF não indexado | arquivo=F:\Documentos\Rafael\AGROPECUARIA DONA SENAIDE\MATRÍCULAS INTEGRALIZADAS\INTEGRALIZADAS NO CONTRATO\40950.pdf | motivo=PDF sem texto extraível; pode ser escaneado
08/09/2026 10:11:32 | WARNING | PDF não indexado | arquivo=F:\Documentos\Rafael\AGROPECUARIA DONA SENAIDE\MATRÍCULAS INTEGRALIZADAS\INTEGRALIZADAS NO CONTRATO\46534.pdf | motivo=PDF sem texto extraível; pode ser escaneado
08/09/2026 10:11:32 | WARNING | PDF não indexado | arquivo=F:\Documentos\Rafael\AGROPECUARIA DONA SENAIDE\MATRÍCULAS INTEGRALIZADAS\INTEGRALIZADAS NO CONTRATO\46535.pdf | motivo=PDF sem texto extraível; pode ser escaneado
08/09/2026 10:11:32 | WARNING | PDF não indexado | arquivo=F:\Documentos\Rafael\AGROPECUARIA DONA SENAIDE\MATRÍCULAS INTEGRALIZADAS\INTEGRALIZADAS NO CONTRATO\46536.pdf | motivo=PDF sem texto extraível; pode ser escaneado
08/09/2026 10:11:32 | WARNING | PDF não indexado | arquivo=F:\Documentos\Rafael\AGROPECUARIA DONA SENAIDE\MATRÍCULAS INTEGRALIZADAS\INTEGRALIZADAS NO CONTRATO\46537.pdf | motivo=PDF sem texto extraível; pode ser escaneado
08/09/2026 10:11:32 | WARNING | PDF não indexado | arquivo=F:\Documentos\Rafael\AGROPECUARIA DONA SENAIDE\MATRÍCULAS INTEGRALIZADAS\INTEGRALIZADAS NO CONTRATO\46539.pdf | motivo=PDF sem texto extraível; pode ser escaneado
08/09/2026 10:11:32 | WARNING | PDF não indexado | arquivo=F:\Documentos\Rafael\AGROPECUARIA DONA SENAIDE\MATRÍCULAS INTEGRALIZADAS\INTEGRALIZADAS NO CONTRATO\46763.pdf | motivo=PDF sem texto extraível; pode ser escaneado
08/09/2026 10:11:32 | WARNING | PDF não indexado | arquivo=F:\Documentos\Rafael\AGROPECUARIA DONA SENAIDE\MATRÍCULAS INTEGRALIZADAS\INTEGRALIZADAS NO CONTRATO\47714.pdf | motivo=PDF sem texto extraível; pode ser escaneado
08/09/2026 10:11:32 | WARNING | PDF não indexado | arquivo=F:\Documentos\Rafael\AGROPECUARIA DONA SENAIDE\MATRÍCULAS INTEGRALIZADAS\INTEGRALIZADAS NO CONTRATO\4773.pdf | motivo=PDF sem texto extraível; pode ser escaneado
08/09/2026 10:11:32 | WARNING | PDF não indexado | arquivo=F:\Documentos\Rafael\AGROPECUARIA DONA SENAIDE\MATRÍCULAS INTEGRALIZADAS\INTEGRALIZADAS NO CONTRATO\50040.pdf | motivo=PDF sem texto extraível; pode ser escaneado
08/09/2026 10:11:32 | WARNING | PDF não indexado | arquivo=F:\Documentos\Rafael\AGROPECUARIA DONA SENAIDE\MATRÍCULAS INTEGRALIZADAS\INTEGRALIZADAS NO CONTRATO\53295.pdf | motivo=PDF sem texto extraível; pode ser escaneado
08/09/2026 10:11:32 | WARNING | PDF não indexado | arquivo=F:\Documentos\Rafael\AGROPECUARIA DONA SENAIDE\MATRÍCULAS INTEGRALIZADAS\INTEGRALIZADAS NO CONTRATO\56286.pdf | motivo=PDF sem texto extraível; pode ser escaneado
08/09/2026 10:11:32 | WARNING | PDF não indexado | arquivo=F:\Documentos\Rafael\AGROPECUARIA DONA SENAIDE\MATRÍCULAS INTEGRALIZADAS\INTEGRALIZADAS NO CONTRATO\7208.pdf | motivo=PDF sem texto extraível; pode ser escaneado
08/09/2026 10:11:32 | WARNING | PDF não indexado | arquivo=F:\Documentos\Rafael\AGROPECUARIA DONA SENAIDE\MATRÍCULAS INTEGRALIZADAS\INTEGRALIZADAS NO CONTRATO\8532.pdf | motivo=PDF sem texto extraível; pode ser escaneado
08/09/2026 10:11:32 | WARNING | PDF não indexado | arquivo=F:\Documentos\Rafael\AGROPECUARIA DONA SENAIDE\MATRÍCULAS INTEGRALIZADAS\INTEGRALIZADAS NO CONTRATO\874.pdf | motivo=PDF sem texto extraível; pode ser escaneado
08/09/2026 10:11:32 | WARNING | PDF não indexado | arquivo=F:\Documentos\Rafael\AGROPECUARIA DONA SENAIDE\MATRÍCULAS INTEGRALIZADAS\INTEGRALIZADAS NO CONTRATO\877.pdf | motivo=PDF sem texto extraível; pode ser escaneado
08/09/2026 10:11:32 | WARNING | PDF não indexado | arquivo=F:\Documentos\Rafael\AGROPECUARIA DONA SENAIDE\MATRÍCULAS INTEGRALIZADAS\INTEGRALIZADAS NO CONTRATO\881.pdf | motivo=PDF sem texto extraível; pode ser escaneado
08/09/2026 10:11:32 | WARNING | PDF não indexado | arquivo=F:\Documentos\Rafael\AGROPECUARIA DONA SENAIDE\MATRÍCULAS INTEGRALIZADAS\INTEGRALIZADAS NO CONTRATO\882.pdf | motivo=PDF sem texto extraível; pode ser escaneado
08/09/2026 10:11:32 | WARNING | PDF não indexado | arquivo=F:\Documentos\Rafael\AGROPECUARIA DONA SENAIDE\MATRÍCULAS INTEGRALIZADAS\INTEGRALIZADAS NO CONTRATO\883.pdf | motivo=PDF sem texto extraível; pode ser escaneado
08/09/2026 10:11:32 | WARNING | PDF não indexado | arquivo=F:\Documentos\Rafael\AGROPECUARIA DONA SENAIDE\MATRÍCULAS INTEGRALIZADAS\INTEGRALIZADAS NO CONTRATO\884.pdf | motivo=PDF sem texto extraível; pode ser escaneado
08/09/2026 10:11:32 | WARNING | PDF não indexado | arquivo=F:\Documentos\Rafael\AGROPECUARIA DONA SENAIDE\MATRÍCULAS INTEGRALIZADAS\INTEGRALIZADAS NO CONTRATO\888.pdf | motivo=PDF sem texto extraível; pode ser escaneado
08/09/2026 10:11:33 | WARNING | PDF não indexado | arquivo=F:\Documentos\Rafael\AGROPECUARIA DONA SENAIDE\MATRÍCULAS INTEGRALIZADAS\MATRÍCULA NÃO INTEGRALIZADAS - FAZER\43.850.pdf | motivo=PDF sem texto extraível; pode ser escaneado
08/09/2026 10:11:33 | WARNING | PDF não indexado | arquivo=F:\Documentos\Rafael\AGROPECUARIA DONA SENAIDE\MATRÍCULAS INTEGRALIZADAS\MATRÍCULA NÃO INTEGRALIZADAS - FAZER\65.971 (11.565).pdf | motivo=PDF sem texto extraível; pode ser escaneado
08/09/2026 10:11:33 | WARNING | PDF não indexado | arquivo=F:\Documentos\Rafael\AGROPECUARIA DONA SENAIDE\MATRÍCULAS INTEGRALIZADAS\MATRÍCULA NÃO INTEGRALIZADAS - FAZER\65.972 (11.565).pdf | motivo=PDF sem texto extraível; pode ser escaneado
08/09/2026 10:11:33 | WARNING | PDF não indexado | arquivo=F:\Documentos\Rafael\AGROPECUARIA DONA SENAIDE\MATRÍCULAS INTEGRALIZADAS\MATRÍCULA NÃO INTEGRALIZADAS - FAZER\65.973 (881).pdf | motivo=PDF sem texto extraível; pode ser escaneado
08/09/2026 10:11:33 | WARNING | PDF não indexado | arquivo=F:\Documentos\Rafael\AGROPECUARIA DONA SENAIDE\MATRÍCULAS INTEGRALIZADAS\MATRÍCULA NÃO INTEGRALIZADAS - FAZER\65.974 (881).pdf | motivo=PDF sem texto extraível; pode ser escaneado
08/09/2026 10:11:33 | WARNING | PDF não indexado | arquivo=F:\Documentos\Rafael\AGROPECUARIA DONA SENAIDE\MATRÍCULAS INTEGRALIZADAS\MATRÍCULA NÃO INTEGRALIZADAS - FAZER\65.975 (249).pdf | motivo=PDF sem texto extraível; pode ser escaneado
08/09/2026 10:11:33 | WARNING | PDF não indexado | arquivo=F:\Documentos\Rafael\AGROPECUARIA DONA SENAIDE\MATRÍCULAS INTEGRALIZADAS\MATRÍCULA NÃO INTEGRALIZADAS - FAZER\65.976 (11.566).pdf | motivo=PDF sem texto extraível; pode ser escaneado
08/09/2026 10:11:33 | WARNING | PDF não indexado | arquivo=F:\Documentos\Rafael\AGROPECUARIA DONA SENAIDE\MATRÍCULAS INTEGRALIZADAS\MATRÍCULA NÃO INTEGRALIZADAS - FAZER\65.977 (11.566).pdf | motivo=PDF sem texto extraível; pode ser escaneado
08/09/2026 10:11:33 | WARNING | PDF não indexado | arquivo=F:\Documentos\Rafael\AGROPECUARIA DONA SENAIDE\MATRÍCULAS INTEGRALIZADAS\MATRÍCULA NÃO INTEGRALIZADAS - FAZER\65.978 (25.449).pdf | motivo=PDF sem texto extraível; pode ser escaneado
08/09/2026 10:11:33 | WARNING | PDF não indexado | arquivo=F:\Documentos\Rafael\AGROPECUARIA DONA SENAIDE\MATRÍCULAS INTEGRALIZADAS\MATRÍCULA NÃO INTEGRALIZADAS - FAZER\65.979 (25.449).pdf | motivo=PDF sem texto extraível; pode ser escaneado
08/09/2026 10:11:34 | WARNING | PDF não indexado | arquivo=F:\Documentos\Rafael\AGROPECUARIA DONA SENAIDE\MATRÍCULAS INTEGRALIZADAS\MATRÍCULA NÃO INTEGRALIZADAS - FAZER\70.305 (12.538).pdf | motivo=PDF sem texto extraível; pode ser escaneado
08/09/2026 10:11:34 | WARNING | PDF não indexado | arquivo=F:\Documentos\Rafael\AGROPECUARIA DONA SENAIDE\MATRÍCULAS INTEGRALIZADAS\MATRÍCULA NÃO INTEGRALIZADAS - FAZER\70.311.pdf | motivo=PDF sem texto extraível; pode ser escaneado
08/09/2026 10:11:36 | WARNING | PDF não indexado | arquivo=F:\Documentos\Rafael\AGROPECUARIA FIUT E FICAGNA\DOCUMENTOS ADRIANO.pdf | motivo=PDF sem texto extraível; pode ser escaneado
08/09/2026 10:11:36 | WARNING | PDF não indexado | arquivo=F:\Documentos\Rafael\AGROPECUARIA FIUT E FICAGNA\DOCUMENTOS EDUARDO.pdf | motivo=PDF sem texto extraível; pode ser escaneado
08/09/2026 10:11:40 | WARNING | PDF não indexado | arquivo=F:\Documentos\Rafael\AGROPECUARIA FRANCIO LTDA\CONTRATO PARCERIA - Agrop. X PF.pdf | motivo=PDF sem texto extraível; pode ser escaneado
08/09/2026 10:11:40 | INFO | Indexação em andamento | 10400 de 27964 PDFs
08/09/2026 10:11:57 | WARNING | PDF não indexado | arquivo=F:\Documentos\Rafael\AGROPECUARIA FRANCIO LTDA\DOCUMENTOS - ADRIANA.pdf | motivo=PDF sem texto extraível; pode ser escaneado
08/09/2026 10:11:57 | WARNING | PDF não indexado | arquivo=F:\Documentos\Rafael\AGROPECUARIA FRANCIO LTDA\DOCUMENTOS - LUCIANE COPIA SIMPLES.pdf | motivo=PDF sem texto extraível; pode ser escaneado
08/09/2026 10:11:57 | WARNING | PDF não indexado | arquivo=F:\Documentos\Rafael\AGROPECUARIA FRANCIO LTDA\DOCUMENTOS - LUCIANE.pdf | motivo=PDF sem texto extraível; pode ser escaneado
08/09/2026 10:11:57 | WARNING | PDF não indexado | arquivo=F:\Documentos\Rafael\AGROPECUARIA FRANCIO LTDA\DOCUMENTOS - NEI.pdf | motivo=PDF sem texto extraível; pode ser escaneado
08/09/2026 10:11:57 | WARNING | PDF não indexado | arquivo=F:\Documentos\Rafael\AGROPECUARIA FRANCIO LTDA\DOCUMENTOS - RAFAELE FRANCIO  COPIA SIMPLES.pdf | motivo=PDF sem texto extraível; pode ser escaneado
08/09/2026 10:11:57 | WARNING | PDF não indexado | arquivo=F:\Documentos\Rafael\AGROPECUARIA FRANCIO LTDA\DOCUMENTOS - RAFAELE.pdf | motivo=PDF sem texto extraível; pode ser escaneado
08/09/2026 10:11:58 | WARNING | PDF não indexado | arquivo=F:\Documentos\Rafael\AGROPECUARIA FRANCIO LTDA\INSCRIÇÃO ESTADUAL - FILIAL\3 - CONTRATO PARCERIA - Agrop. X PF.pdf | motivo=PDF sem texto extraível; pode ser escaneado
08/09/2026 10:11:58 | WARNING | PDF não indexado | arquivo=F:\Documentos\Rafael\AGROPECUARIA FRANCIO LTDA\INSCRIÇÃO ESTADUAL - FILIAL\5 - MAT. 2.619.pdf | motivo=PDF sem texto extraível; pode ser escaneado
08/09/2026 10:11:59 | WARNING | PDF não indexado | arquivo=F:\Documentos\Rafael\AGROPECUARIA FRANCIO LTDA\INSCRIÇÃO ESTADUAL - FILIAL\MATRICULA\MAT 75.625.pdf | motivo=PDF sem texto extraível; pode ser escaneado
08/09/2026 10:11:59 | WARNING | PDF não indexado | arquivo=F:\Documentos\Rafael\AGROPECUARIA FRANCIO LTDA\INSCRIÇÃO ESTADUAL - FILIAL\MATRICULA\MAT 75.638.pdf | motivo=PDF sem texto extraível; pode ser escaneado
08/09/2026 10:11:59 | WARNING | PDF não indexado | arquivo=F:\Documentos\Rafael\AGROPECUARIA FRANCIO LTDA\INSCRIÇÃO ESTADUAL - FILIAL\MATRICULA\MAT.  2.619.pdf | motivo=PDF sem texto extraível; pode ser escaneado
08/09/2026 10:11:59 | WARNING | PDF não indexado | arquivo=F:\Documentos\Rafael\AGROPECUARIA FRANCIO LTDA\INSCRIÇÃO ESTADUAL - FILIAL\MATRICULA\MAT.  2.622.pdf | motivo=PDF sem texto extraível; pode ser escaneado
08/09/2026 10:11:59 | WARNING | PDF não indexado | arquivo=F:\Documentos\Rafael\AGROPECUARIA FRANCIO LTDA\INSCRIÇÃO ESTADUAL - FILIAL\MATRICULA\MAT.  3.332.pdf | motivo=PDF sem texto extraível; pode ser escaneado
08/09/2026 10:12:00 | WARNING | PDF não indexado | arquivo=F:\Documentos\Rafael\AGROPECUARIA FRANCIO LTDA\INSCRIÇÃO ESTADUAL - FILIAL\MATRICULA\MAT.  75.632.pdf | motivo=PDF sem texto extraível; pode ser escaneado
08/09/2026 10:12:00 | WARNING | PDF não indexado | arquivo=F:\Documentos\Rafael\AGROPECUARIA FRANCIO LTDA\INSCRIÇÃO ESTADUAL - FILIAL\MATRICULA\MAT. 036.pdf | motivo=PDF sem texto extraível; pode ser escaneado
08/09/2026 10:12:00 | WARNING | PDF não indexado | arquivo=F:\Documentos\Rafael\AGROPECUARIA FRANCIO LTDA\INSCRIÇÃO ESTADUAL - FILIAL\MATRICULA\MAT. 1.133.pdf | motivo=PDF sem texto extraível; pode ser escaneado
08/09/2026 10:12:01 | WARNING | PDF não indexado | arquivo=F:\Documentos\Rafael\AGROPECUARIA FRANCIO LTDA\INSCRIÇÃO ESTADUAL - FILIAL\MATRICULA\MAT. 2.621.pdf | motivo=PDF sem texto extraível; pode ser escaneado
08/09/2026 10:12:01 | WARNING | PDF não indexado | arquivo=F:\Documentos\Rafael\AGROPECUARIA FRANCIO LTDA\INSCRIÇÃO ESTADUAL - FILIAL\MATRICULA\MAT. 21.808.pdf | motivo=PDF sem texto extraível; pode ser escaneado
08/09/2026 10:12:02 | WARNING | PDF não indexado | arquivo=F:\Documentos\Rafael\AGROPECUARIA FRANCIO LTDA\INSCRIÇÃO ESTADUAL - FILIAL\MATRICULA\MAT. 3.331.pdf | motivo=PDF sem texto extraível; pode ser escaneado
08/09/2026 10:12:02 | WARNING | PDF não indexado | arquivo=F:\Documentos\Rafael\AGROPECUARIA FRANCIO LTDA\INSCRIÇÃO ESTADUAL - FILIAL\MATRICULA\MAT. 3.333.pdf | motivo=PDF sem texto extraível; pode ser escaneado
08/09/2026 10:12:02 | WARNING | PDF não indexado | arquivo=F:\Documentos\Rafael\AGROPECUARIA FRANCIO LTDA\INSCRIÇÃO ESTADUAL - FILIAL\MATRICULA\MAT. 3.334.pdf | motivo=PDF sem texto extraível; pode ser escaneado
08/09/2026 10:12:02 | WARNING | PDF não indexado | arquivo=F:\Documentos\Rafael\AGROPECUARIA FRANCIO LTDA\INSCRIÇÃO ESTADUAL - FILIAL\MATRICULA\MAT. 3.335.pdf | motivo=PDF sem texto extraível; pode ser escaneado
08/09/2026 10:12:03 | WARNING | PDF não indexado | arquivo=F:\Documentos\Rafael\AGROPECUARIA FRANCIO LTDA\INSCRIÇÃO ESTADUAL - FILIAL\MATRICULA\MAT. 31.639.pdf | motivo=PDF sem texto extraível; pode ser escaneado
08/09/2026 10:12:03 | WARNING | PDF não indexado | arquivo=F:\Documentos\Rafael\AGROPECUARIA FRANCIO LTDA\INSCRIÇÃO ESTADUAL - FILIAL\MATRICULA\MAT. 63.671.pdf | motivo=PDF sem texto extraível; pode ser escaneado
08/09/2026 10:12:03 | WARNING | PDF não indexado | arquivo=F:\Documentos\Rafael\AGROPECUARIA FRANCIO LTDA\INSCRIÇÃO ESTADUAL - FILIAL\MATRICULA\MAT. 73.640.pdf | motivo=PDF sem texto extraível; pode ser escaneado
08/09/2026 10:12:03 | WARNING | PDF não indexado | arquivo=F:\Documentos\Rafael\AGROPECUARIA FRANCIO LTDA\INSCRIÇÃO ESTADUAL - FILIAL\MATRICULA\MAT. 73.688.pdf | motivo=PDF sem texto extraível; pode ser escaneado
08/09/2026 10:12:03 | WARNING | PDF não indexado | arquivo=F:\Documentos\Rafael\AGROPECUARIA FRANCIO LTDA\INSCRIÇÃO ESTADUAL - FILIAL\MATRICULA\MAT. 75.616.pdf | motivo=PDF sem texto extraível; pode ser escaneado
08/09/2026 10:12:03 | WARNING | PDF não indexado | arquivo=F:\Documentos\Rafael\AGROPECUARIA FRANCIO LTDA\INSCRIÇÃO ESTADUAL - FILIAL\MATRICULA\MAT. 75.626.pdf | motivo=PDF sem texto extraível; pode ser escaneado
08/09/2026 10:12:04 | WARNING | PDF não indexado | arquivo=F:\Documentos\Rafael\AGROPECUARIA FRANCIO LTDA\INSCRIÇÃO ESTADUAL - MATRIZ\CONTRATO DE PARCERIA.pdf | motivo=PDF sem texto extraível; pode ser escaneado
08/09/2026 10:12:04 | WARNING | PDF não indexado | arquivo=F:\Documentos\Rafael\AGROPECUARIA FRANCIO LTDA\INSCRIÇÃO ESTADUAL - MATRIZ\FAC - ASSINADA.pdf | motivo=PDF sem texto extraível; pode ser escaneado
08/09/2026 10:12:05 | WARNING | PDF não indexado | arquivo=F:\Documentos\Rafael\AGROPECUARIA FRANCIO LTDA\INSCRIÇÃO ESTADUAL - MATRIZ\MATRÍCULA 1130.pdf | motivo=PDF sem texto extraível; pode ser escaneado
08/09/2026 10:12:05 | WARNING | PDF não indexado | arquivo=F:\Documentos\Rafael\AGROPECUARIA FRANCIO LTDA\INSCRIÇÃO ESTADUAL - MATRIZ\TERMO DE OPÇÃO - assinado.pdf | motivo=PDF sem texto extraível; pode ser escaneado
08/09/2026 10:12:06 | WARNING | PDF não indexado | arquivo=F:\Documentos\Rafael\AGROPECUARIA FRANCIO LTDA\MATRÍCULAS INTEGRALIZADAS\MATRICULA VERA\2619.pdf | motivo=PDF sem texto extraível; pode ser escaneado
08/09/2026 10:12:06 | WARNING | PDF não indexado | arquivo=F:\Documentos\Rafael\AGROPECUARIA FRANCIO LTDA\MATRÍCULAS INTEGRALIZADAS\MATRICULA VERA\2621 [atual 4912] - Integralizada.pdf | motivo=PDF sem texto extraível; pode ser escaneado
08/09/2026 10:12:06 | WARNING | PDF não indexado | arquivo=F:\Documentos\Rafael\AGROPECUARIA FRANCIO LTDA\MATRÍCULAS INTEGRALIZADAS\MATRICULA VERA\2622.pdf | motivo=PDF sem texto extraível; pode ser escaneado
08/09/2026 10:12:09 | WARNING | PDF não indexado | arquivo=F:\Documentos\Rafael\AGROPECUARIA FRANCIO LTDA\MATRÍCULAS INTEGRALIZADAS\MATRICULA VERA\CARTÓRIO - Processos\MAT. 2621, 3333, 3334 e 3335 - Exigência Cartório [2022].pdf | motivo=PDF sem texto extraível; pode ser escaneado
08/09/2026 10:12:14 | WARNING | PDF não indexado | arquivo=F:\Documentos\Rafael\AGROPECUARIA FRANCIO LTDA\MATRÍCULAS INTEGRALIZADAS\MATRICULA VERA\CARTÓRIO - Processos\MAT. 4912\1.4 - MAT. 2621 (33%) - PARECER JURÍDICO - [deferido integral] - 2021.pdf | motivo=PDF sem texto extraível; pode ser escaneado
08/09/2026 10:12:15 | WARNING | PDF não indexado | arquivo=F:\Documentos\Rafael\AGROPECUARIA FRANCIO LTDA\MATRÍCULAS INTEGRALIZADAS\MATRICULA VERA\CARTÓRIO - Processos\MAT. 4912\1.4 e 1.6 - MAT. 2621 - CERTIDÃO DE NÃO INCIDÊNCIA DE ITBI e AVALIAÇÃO - 2021.pdf | motivo=PDF sem texto extraível; pode ser escaneado
08/09/2026 10:12:17 | INFO | Indexação em andamento | 10500 de 27964 PDFs
08/09/2026 10:12:17 | WARNING | PDF não indexado | arquivo=F:\Documentos\Rafael\AGROPECUARIA FRANCIO LTDA\MATRÍCULAS INTEGRALIZADAS\MATRICULA VERA\ITBI\MAT. 2619 - CERTIDÃO DE NÃO INCIDÊNCIA DE ITBI e AVALIAÇÃO - 2021.pdf | motivo=PDF sem texto extraível; pode ser escaneado
08/09/2026 10:12:17 | WARNING | PDF não indexado | arquivo=F:\Documentos\Rafael\AGROPECUARIA FRANCIO LTDA\MATRÍCULAS INTEGRALIZADAS\MATRICULA VERA\ITBI\MAT. 2619 - PARECER JURÍDICO - [deferido integral] - 2021.pdf | motivo=PDF sem texto extraível; pode ser escaneado
08/09/2026 10:12:18 | WARNING | PDF não indexado | arquivo=F:\Documentos\Rafael\AGROPECUARIA FRANCIO LTDA\MATRÍCULAS INTEGRALIZADAS\MATRICULA VERA\ITBI\MAT. 2621 (33%) - PARECER JURÍDICO - [deferido integral] - 2021.pdf | motivo=PDF sem texto extraível; pode ser escaneado
08/09/2026 10:12:18 | WARNING | PDF não indexado | arquivo=F:\Documentos\Rafael\AGROPECUARIA FRANCIO LTDA\MATRÍCULAS INTEGRALIZADAS\MATRICULA VERA\ITBI\MAT. 2621 (33%) - PARECER JURÍDICO e DESPACHO - [deferido parcial] - 2022.pdf | motivo=PDF sem texto extraível; pode ser escaneado
08/09/2026 10:12:18 | WARNING | PDF não indexado | arquivo=F:\Documentos\Rafael\AGROPECUARIA FRANCIO LTDA\MATRÍCULAS INTEGRALIZADAS\MATRICULA VERA\ITBI\MAT. 2621 (33%) - PARECER JURÍDICO, DESPACHO e CÁLCULO - [deferido parcial] - 2023.pdf | motivo=PDF sem texto extraível; pode ser escaneado
08/09/2026 10:12:18 | WARNING | PDF não indexado | arquivo=F:\Documentos\Rafael\AGROPECUARIA FRANCIO LTDA\MATRÍCULAS INTEGRALIZADAS\MATRICULA VERA\ITBI\MAT. 2621 - CERTIDÃO DE NÃO INCIDÊNCIA DE ITBI e AVALIAÇÃO - 2021.pdf | motivo=PDF sem texto extraível; pode ser escaneado
08/09/2026 10:12:19 | WARNING | PDF não indexado | arquivo=F:\Documentos\Rafael\AGROPECUARIA FRANCIO LTDA\MATRÍCULAS INTEGRALIZADAS\MATRICULA VERA\ITBI\MAT. 2622 (50%) - PARECER JURÍDICO - [indeferido - não analisado] - 2023.pdf | motivo=PDF sem texto extraível; pode ser escaneado
08/09/2026 10:12:19 | WARNING | PDF não indexado | arquivo=F:\Documentos\Rafael\AGROPECUARIA FRANCIO LTDA\MATRÍCULAS INTEGRALIZADAS\MATRICULA VERA\ITBI\MAT. 3331 (50%) - PARECER JURÍDICO - [deferido integral] - 2021.pdf | motivo=PDF sem texto extraível; pode ser escaneado
08/09/2026 10:12:19 | WARNING | PDF não indexado | arquivo=F:\Documentos\Rafael\AGROPECUARIA FRANCIO LTDA\MATRÍCULAS INTEGRALIZADAS\MATRICULA VERA\ITBI\MAT. 3331 (50%) - PARECER JURÍDICO e DESPACHO - [deferido parcial] - 2024.pdf | motivo=PDF sem texto extraível; pode ser escaneado
08/09/2026 10:12:19 | WARNING | PDF não indexado | arquivo=F:\Documentos\Rafael\AGROPECUARIA FRANCIO LTDA\MATRÍCULAS INTEGRALIZADAS\MATRICULA VERA\ITBI\MAT. 3331 (50%) - PARECER JURÍDICO, DESPACHO e CÁLCULO - [deferido parcial] - 2023.pdf | motivo=PDF sem texto extraível; pode ser escaneado
08/09/2026 10:12:20 | WARNING | PDF não indexado | arquivo=F:\Documentos\Rafael\AGROPECUARIA FRANCIO LTDA\MATRÍCULAS INTEGRALIZADAS\MATRICULA VERA\ITBI\MAT. 3332 - PARECER JURÍDICO e DESPACHO - [deferido parcial] - 2024.pdf | motivo=PDF sem texto extraível; pode ser escaneado
08/09/2026 10:12:20 | WARNING | PDF não indexado | arquivo=F:\Documentos\Rafael\AGROPECUARIA FRANCIO LTDA\MATRÍCULAS INTEGRALIZADAS\MATRICULA VERA\ITBI\MAT. 3333 - CERTIDÃO DE NÃO INCIDÊNCIA DE ITBI e AVALIAÇÃO - 2021.pdf | motivo=PDF sem texto extraível; pode ser escaneado
08/09/2026 10:12:20 | WARNING | PDF não indexado | arquivo=F:\Documentos\Rafael\AGROPECUARIA FRANCIO LTDA\MATRÍCULAS INTEGRALIZADAS\MATRICULA VERA\ITBI\MAT. 3333 - PARECER JURÍDICO - [deferido integral] - 2021.pdf | motivo=PDF sem texto extraível; pode ser escaneado
08/09/2026 10:12:20 | WARNING | PDF não indexado | arquivo=F:\Documentos\Rafael\AGROPECUARIA FRANCIO LTDA\MATRÍCULAS INTEGRALIZADAS\MATRICULA VERA\ITBI\MAT. 3334 - CERTIDÃO DE NÃO INCIDÊNCIA DE ITBI e AVALIAÇÃO - 2021.pdf | motivo=PDF sem texto extraível; pode ser escaneado
08/09/2026 10:12:20 | WARNING | PDF não indexado | arquivo=F:\Documentos\Rafael\AGROPECUARIA FRANCIO LTDA\MATRÍCULAS INTEGRALIZADAS\MATRICULA VERA\ITBI\MAT. 3334 - PARECER JURÍDICO - [deferido integral] - 2021.pdf | motivo=PDF sem texto extraível; pode ser escaneado
08/09/2026 10:12:20 | WARNING | PDF não indexado | arquivo=F:\Documentos\Rafael\AGROPECUARIA FRANCIO LTDA\MATRÍCULAS INTEGRALIZADAS\MATRICULA VERA\ITBI\MAT. 3335 - CERTIDÃO DE NÃO INCIDÊNCIA DE ITBI e AVALIAÇÃO - 2021.pdf | motivo=PDF sem texto extraível; pode ser escaneado
08/09/2026 10:12:20 | WARNING | PDF não indexado | arquivo=F:\Documentos\Rafael\AGROPECUARIA FRANCIO LTDA\MATRÍCULAS INTEGRALIZADAS\MATRICULA VERA\ITBI\MAT. 3335 - PARECER JURÍDICO - [deferido integral] - 2021.pdf | motivo=PDF sem texto extraível; pode ser escaneado
08/09/2026 10:12:20 | WARNING | PDF não indexado | arquivo=F:\Documentos\Rafael\AGROPECUARIA FRANCIO LTDA\MATRÍCULAS INTEGRALIZADAS\MATRICULAS SORRISO\1130 - [atual 73640].pdf | motivo=PDF sem texto extraível; pode ser escaneado
08/09/2026 10:12:20 | WARNING | PDF não indexado | arquivo=F:\Documentos\Rafael\AGROPECUARIA FRANCIO LTDA\MATRÍCULAS INTEGRALIZADAS\MATRICULAS SORRISO\1133.pdf | motivo=PDF sem texto extraível; pode ser escaneado
08/09/2026 10:12:21 | WARNING | PDF não indexado | arquivo=F:\Documentos\Rafael\AGROPECUARIA FRANCIO LTDA\MATRÍCULAS INTEGRALIZADAS\MATRICULAS SORRISO\1134 - [atual 75626].pdf | motivo=PDF sem texto extraível; pode ser escaneado
08/09/2026 10:12:21 | WARNING | PDF não indexado | arquivo=F:\Documentos\Rafael\AGROPECUARIA FRANCIO LTDA\MATRÍCULAS INTEGRALIZADAS\MATRICULAS SORRISO\21808 - [integralizada cartório].pdf | motivo=PDF sem texto extraível; pode ser escaneado
08/09/2026 10:12:21 | WARNING | PDF não indexado | arquivo=F:\Documentos\Rafael\AGROPECUARIA FRANCIO LTDA\MATRÍCULAS INTEGRALIZADAS\MATRICULAS SORRISO\21809.pdf | motivo=PDF sem texto extraível; pode ser escaneado
08/09/2026 10:12:21 | WARNING | PDF não indexado | arquivo=F:\Documentos\Rafael\AGROPECUARIA FRANCIO LTDA\MATRÍCULAS INTEGRALIZADAS\MATRICULAS SORRISO\21810.pdf | motivo=PDF sem texto extraível; pode ser escaneado
08/09/2026 10:12:22 | WARNING | PDF não indexado | arquivo=F:\Documentos\Rafael\AGROPECUARIA FRANCIO LTDA\MATRÍCULAS INTEGRALIZADAS\MATRICULAS SORRISO\31639.pdf | motivo=PDF sem texto extraível; pode ser escaneado
08/09/2026 10:12:22 | WARNING | PDF não indexado | arquivo=F:\Documentos\Rafael\AGROPECUARIA FRANCIO LTDA\MATRÍCULAS INTEGRALIZADAS\MATRICULAS SORRISO\35 - [atual 75616].pdf | motivo=PDF sem texto extraível; pode ser escaneado
08/09/2026 10:12:22 | WARNING | PDF não indexado | arquivo=F:\Documentos\Rafael\AGROPECUARIA FRANCIO LTDA\MATRÍCULAS INTEGRALIZADAS\MATRICULAS SORRISO\36.pdf | motivo=PDF sem texto extraível; pode ser escaneado
08/09/2026 10:12:22 | WARNING | PDF não indexado | arquivo=F:\Documentos\Rafael\AGROPECUARIA FRANCIO LTDA\MATRÍCULAS INTEGRALIZADAS\MATRICULAS SORRISO\40.pdf | motivo=PDF sem texto extraível; pode ser escaneado
08/09/2026 10:12:23 | WARNING | PDF não indexado | arquivo=F:\Documentos\Rafael\AGROPECUARIA FRANCIO LTDA\MATRÍCULAS INTEGRALIZADAS\MATRICULAS SORRISO\63671 - [passou a 78008 (atual 83642, 83643, 83644, 83645)].pdf | motivo=PDF sem texto extraível; pode ser escaneado
08/09/2026 10:12:23 | WARNING | PDF não indexado | arquivo=F:\Documentos\Rafael\AGROPECUARIA FRANCIO LTDA\MATRÍCULAS INTEGRALIZADAS\MATRICULAS SORRISO\73688 - [antiga 21810] - [integralizada cartório].pdf | motivo=PDF sem texto extraível; pode ser escaneado
08/09/2026 10:12:23 | WARNING | PDF não indexado | arquivo=F:\Documentos\Rafael\AGROPECUARIA FRANCIO LTDA\MATRÍCULAS INTEGRALIZADAS\MATRICULAS SORRISO\7384.pdf | motivo=PDF sem texto extraível; pode ser escaneado
08/09/2026 10:12:23 | WARNING | PDF não indexado | arquivo=F:\Documentos\Rafael\AGROPECUARIA FRANCIO LTDA\MATRÍCULAS INTEGRALIZADAS\MATRICULAS SORRISO\75626 - [antiga 1134] - [integralizada a parte da Luciane].pdf | motivo=PDF sem texto extraível; pode ser escaneado
08/09/2026 10:12:23 | WARNING | PDF não indexado | arquivo=F:\Documentos\Rafael\AGROPECUARIA FRANCIO LTDA\MATRÍCULAS INTEGRALIZADAS\MATRICULAS SORRISO\75638 - [antiga 50259].pdf | motivo=PDF sem texto extraível; pode ser escaneado
08/09/2026 10:12:24 | WARNING | PDF não indexado | arquivo=F:\Documentos\Rafael\AGROPECUARIA FRANCIO LTDA\MATRÍCULAS INTEGRALIZADAS\MATRICULAS SORRISO\83642 - [antiga 78008 (ant. 63671)].pdf | motivo=PDF sem texto extraível; pode ser escaneado
08/09/2026 10:12:24 | WARNING | PDF não indexado | arquivo=F:\Documentos\Rafael\AGROPECUARIA FRANCIO LTDA\MATRÍCULAS INTEGRALIZADAS\MATRICULAS SORRISO\83643 - [antiga 78008 (ant. 63671)].pdf | motivo=PDF sem texto extraível; pode ser escaneado
08/09/2026 10:12:24 | WARNING | PDF não indexado | arquivo=F:\Documentos\Rafael\AGROPECUARIA FRANCIO LTDA\MATRÍCULAS INTEGRALIZADAS\MATRICULAS SORRISO\83644 - [antiga 78008 (ant. 63671)].pdf | motivo=PDF sem texto extraível; pode ser escaneado
08/09/2026 10:12:24 | WARNING | PDF não indexado | arquivo=F:\Documentos\Rafael\AGROPECUARIA FRANCIO LTDA\MATRÍCULAS INTEGRALIZADAS\MATRICULAS SORRISO\83645 - [antiga 78008 (ant. 63671)].pdf | motivo=PDF sem texto extraível; pode ser escaneado
08/09/2026 10:12:47 | WARNING | PDF não indexado | arquivo=F:\Documentos\Rafael\AGROPECUARIA FRANCIO LTDA\MATRÍCULAS INTEGRALIZADAS\MATRICULAS SORRISO\CARTÓRIO - Processos\MAT. 73640 [antiga 1130] - PEDIDO DE SUSCITAÇÃO DE DÚVIDA\7. Certidão de Imunidade de ITBI.pdf | motivo=PDF sem texto extraível; pode ser escaneado
08/09/2026 10:12:47 | WARNING | PDF não indexado | arquivo=F:\Documentos\Rafael\AGROPECUARIA FRANCIO LTDA\MATRÍCULAS INTEGRALIZADAS\MATRICULAS SORRISO\CARTÓRIO - Processos\MAT. 73640 [antiga 1130] - PEDIDO DE SUSCITAÇÃO DE DÚVIDA\8. Matrícula 1130.pdf | motivo=PDF sem texto extraível; pode ser escaneado
08/09/2026 10:12:47 | WARNING | PDF não indexado | arquivo=F:\Documentos\Rafael\AGROPECUARIA FRANCIO LTDA\MATRÍCULAS INTEGRALIZADAS\MATRICULAS SORRISO\CARTÓRIO - Processos\MAT. 73640 [antiga 1130] - PEDIDO DE SUSCITAÇÃO DE DÚVIDA\9. Matrícula 73.640.pdf | motivo=PDF sem texto extraível; pode ser escaneado
08/09/2026 10:12:48 | WARNING | PDF não indexado | arquivo=F:\Documentos\Rafael\AGROPECUARIA FRANCIO LTDA\MATRÍCULAS INTEGRALIZADAS\MATRICULAS SORRISO\CARTÓRIO - Processos\MAT. 73640 [antiga 1130] - PEDIDO DE SUSCITAÇÃO DE DÚVIDA\PARECER ITBI SORRISO - SEGUNDO PEDIDO.pdf | motivo=PDF sem texto extraível; pode ser escaneado
08/09/2026 10:12:49 | INFO | Indexação em andamento | 10600 de 27964 PDFs
08/09/2026 10:13:11 | WARNING | PDF não indexado | arquivo=F:\Documentos\Rafael\AGROPECUARIA FRANCIO LTDA\MATRÍCULAS INTEGRALIZADAS\MATRICULAS SORRISO\CARTÓRIO - Processos\MAT. 82433 (antiga 21809)\MAT. 21809 - CERTIDÃO NÃO INCIDÊNCIA ITBI.pdf | motivo=PDF sem texto extraível; pode ser escaneado
08/09/2026 10:13:11 | WARNING | PDF não indexado | arquivo=F:\Documentos\Rafael\AGROPECUARIA FRANCIO LTDA\MATRÍCULAS INTEGRALIZADAS\MATRICULAS SORRISO\ITBI\MAT. 1130 - CERTIDÃO NÃO INCIDÊNCIA ITBI.pdf | motivo=PDF sem texto extraível; pode ser escaneado
08/09/2026 10:13:11 | WARNING | PDF não indexado | arquivo=F:\Documentos\Rafael\AGROPECUARIA FRANCIO LTDA\MATRÍCULAS INTEGRALIZADAS\MATRICULAS SORRISO\ITBI\MAT. 1133 - CERTIDÃO NÃO INCIDÊNCIA ITBI.pdf | motivo=PDF sem texto extraível; pode ser escaneado
08/09/2026 10:13:12 | WARNING | PDF não indexado | arquivo=F:\Documentos\Rafael\AGROPECUARIA FRANCIO LTDA\MATRÍCULAS INTEGRALIZADAS\MATRICULAS SORRISO\ITBI\MAT. 1134 - CERTIDÃO NÃO INCIDÊNCIA ITBI - [integralização do Nei e Adriana].pdf | motivo=PDF sem texto extraível; pode ser escaneado
08/09/2026 10:13:12 | WARNING | PDF não indexado | arquivo=F:\Documentos\Rafael\AGROPECUARIA FRANCIO LTDA\MATRÍCULAS INTEGRALIZADAS\MATRICULAS SORRISO\ITBI\MAT. 1134 - CERTIDÃO NÃO INCIDÊNCIA ITBI.pdf | motivo=PDF sem texto extraível; pode ser escaneado
08/09/2026 10:13:12 | WARNING | PDF não indexado | arquivo=F:\Documentos\Rafael\AGROPECUARIA FRANCIO LTDA\MATRÍCULAS INTEGRALIZADAS\MATRICULAS SORRISO\ITBI\MAT. 21808 - CERTIDÃO NÃO INCIDÊNCIA ITBI.pdf | motivo=PDF sem texto extraível; pode ser escaneado
08/09/2026 10:13:12 | WARNING | PDF não indexado | arquivo=F:\Documentos\Rafael\AGROPECUARIA FRANCIO LTDA\MATRÍCULAS INTEGRALIZADAS\MATRICULAS SORRISO\ITBI\MAT. 21809 - CERTIDÃO NÃO INCIDÊNCIA ITBI.pdf | motivo=PDF sem texto extraível; pode ser escaneado
08/09/2026 10:13:12 | WARNING | PDF não indexado | arquivo=F:\Documentos\Rafael\AGROPECUARIA FRANCIO LTDA\MATRÍCULAS INTEGRALIZADAS\MATRICULAS SORRISO\ITBI\MAT. 21810 - CERTIDÃO NÃO INCIDÊNCIA ITBI.pdf | motivo=PDF sem texto extraível; pode ser escaneado
08/09/2026 10:13:12 | WARNING | PDF não indexado | arquivo=F:\Documentos\Rafael\AGROPECUARIA FRANCIO LTDA\MATRÍCULAS INTEGRALIZADAS\MATRICULAS SORRISO\ITBI\MAT. 35 - CERTIDÃO NÃO INCIDÊNCIA DE ITBI.pdf | motivo=PDF sem texto extraível; pode ser escaneado
08/09/2026 10:13:12 | WARNING | PDF não indexado | arquivo=F:\Documentos\Rafael\AGROPECUARIA FRANCIO LTDA\MATRÍCULAS INTEGRALIZADAS\MATRICULAS SORRISO\ITBI\MAT. 36 - CERTIDÃO NÃO INCIDÊNCIA ITBI - [integralização do Luciane e Rafaele].pdf | motivo=PDF sem texto extraível; pode ser escaneado
08/09/2026 10:13:12 | WARNING | PDF não indexado | arquivo=F:\Documentos\Rafael\AGROPECUARIA FRANCIO LTDA\MATRÍCULAS INTEGRALIZADAS\MATRICULAS SORRISO\ITBI\MAT. 73640 - CERTIDÃO DE VALOR VENAL - Segundo Pedido.pdf | motivo=PDF sem texto extraível; pode ser escaneado
08/09/2026 10:13:12 | WARNING | PDF não indexado | arquivo=F:\Documentos\Rafael\AGROPECUARIA FRANCIO LTDA\MATRÍCULAS INTEGRALIZADAS\MATRICULAS SORRISO\ITBI\MAT. 73640 - PARECER ITBI - Segundo Pedido.pdf | motivo=PDF sem texto extraível; pode ser escaneado
08/09/2026 10:13:13 | WARNING | PDF não indexado | arquivo=F:\Documentos\Rafael\AGROPECUARIA FRANCIO LTDA\MATRÍCULAS INTEGRALIZADAS\MATRICULAS SORRISO\ITBI\MAT. 75.626 - Pedido novo de 2026 - Integralização da parte da Luciane\1134 - [atual 75626].pdf | motivo=PDF sem texto extraível; pode ser escaneado
08/09/2026 10:13:13 | WARNING | PDF não indexado | arquivo=F:\Documentos\Rafael\AGROPECUARIA FRANCIO LTDA\MATRÍCULAS INTEGRALIZADAS\MATRICULAS SORRISO\ITBI\MAT. 75.626 - Pedido novo de 2026 - Integralização da parte da Luciane\75626 - [antiga 1134] - [integralizada a parte da Luciane].pdf | motivo=PDF sem texto extraível; pode ser escaneado
08/09/2026 10:13:18 | WARNING | PDF não indexado | arquivo=F:\Documentos\Rafael\AGROPECUARIA FRANCIO LTDA\MATRÍCULAS INTEGRALIZADAS\MATRICULAS SORRISO\ITBI\MAT. 75.626 - Pedido novo de 2026 - Integralização da parte da Luciane\DOCUMENTOS - NEI.pdf | motivo=PDF sem texto extraível; pode ser escaneado
08/09/2026 10:13:20 | WARNING | PDF não indexado | arquivo=F:\Documentos\Rafael\AGROPECUARIA FRANCIO LTDA\MATRÍCULAS INTEGRALIZADAS\MATRICULAS SORRISO\ITBI\MAT. 75625 - CERTIDÃO NÃO INCIDÊNCIA ITBI.pdf | motivo=PDF sem texto extraível; pode ser escaneado
08/09/2026 10:13:20 | WARNING | PDF não indexado | arquivo=F:\Documentos\Rafael\AGROPECUARIA FRANCIO LTDA\MATRÍCULAS INTEGRALIZADAS\MATRICULAS SORRISO\ITBI\MAT. 75626 - CERTIDÃO NÃO INCIDÊNCIA ITBI - [integralização Luciane].pdf | motivo=PDF sem texto extraível; pode ser escaneado
08/09/2026 10:13:20 | WARNING | PDF não indexado | arquivo=F:\Documentos\Rafael\AGROPECUARIA FRANCIO LTDA\MATRÍCULAS INTEGRALIZADAS\MATRICULAS SORRISO\ITBI\MAT. 75638 - CERTIDÃO NÃO INCIDÊNCIA ITBI.pdf | motivo=PDF sem texto extraível; pode ser escaneado
08/09/2026 10:13:30 | WARNING | PDF não indexado | arquivo=F:\Documentos\Rafael\AGROPECUARIA GARDIN LTDA\DOCUMENTO ADISLAINE.pdf | motivo=PDF sem texto extraível; pode ser escaneado
08/09/2026 10:13:30 | WARNING | PDF não indexado | arquivo=F:\Documentos\Rafael\AGROPECUARIA GARDIN LTDA\DOCUMENTOS ALCIMAR.pdf | motivo=PDF sem texto extraível; pode ser escaneado
08/09/2026 10:13:30 | WARNING | PDF não indexado | arquivo=F:\Documentos\Rafael\AGROPECUARIA GARDIN LTDA\DOCUMENTOS IVANDA.pdf | motivo=PDF sem texto extraível; pode ser escaneado
08/09/2026 10:13:30 | WARNING | PDF não indexado | arquivo=F:\Documentos\Rafael\AGROPECUARIA GARDIN LTDA\DOCUMENTOS MARCOS.pdf | motivo=PDF sem texto extraível; pode ser escaneado
08/09/2026 10:13:30 | WARNING | PDF não indexado | arquivo=F:\Documentos\Rafael\AGROPECUARIA GARDIN LTDA\DOCUMENTOS MARIA.pdf | motivo=PDF sem texto extraível; pode ser escaneado
08/09/2026 10:13:31 | INFO | Indexação em andamento | 10700 de 27964 PDFs
08/09/2026 10:13:32 | WARNING | PDF não indexado | arquivo=F:\Documentos\Rafael\AGROPECUARIA GARDIN LTDA\INSCRIÇÃO ESTADUAL\MATRÍCULAS INTEGRALIZADAS.pdf | motivo=PDF sem texto extraível; pode ser escaneado
08/09/2026 10:13:36 | WARNING | PDF não indexado | arquivo=F:\Documentos\Rafael\AGROPECUARIA GARDIN LTDA\MATRÍCULAS INTEGRALIZADAS\CARTÓRIO\EXIGENCIA\Exigencia 1\1.3.B - DOCUMENTO ADISLAINE.pdf | motivo=PDF sem texto extraível; pode ser escaneado
08/09/2026 10:13:36 | WARNING | PDF não indexado | arquivo=F:\Documentos\Rafael\AGROPECUARIA GARDIN LTDA\MATRÍCULAS INTEGRALIZADAS\CARTÓRIO\EXIGENCIA\Exigencia 1\1.3.B - DOCUMENTOS IVANDA.pdf | motivo=PDF sem texto extraível; pode ser escaneado
08/09/2026 10:13:36 | WARNING | PDF não indexado | arquivo=F:\Documentos\Rafael\AGROPECUARIA GARDIN LTDA\MATRÍCULAS INTEGRALIZADAS\CARTÓRIO\EXIGENCIA\Exigencia 1\1.3.B - DOCUMENTOS MARCOS.pdf | motivo=PDF sem texto extraível; pode ser escaneado
08/09/2026 10:13:36 | WARNING | PDF não indexado | arquivo=F:\Documentos\Rafael\AGROPECUARIA GARDIN LTDA\MATRÍCULAS INTEGRALIZADAS\CARTÓRIO\EXIGENCIA\Exigencia 1\1.3.B - DOCUMENTOS MARIA.pdf | motivo=PDF sem texto extraível; pode ser escaneado
08/09/2026 10:13:36 | WARNING | PDF não indexado | arquivo=F:\Documentos\Rafael\AGROPECUARIA GARDIN LTDA\MATRÍCULAS INTEGRALIZADAS\CARTÓRIO\EXIGENCIA\Exigencia 1\1.3.B.C - DOCUMENTOS ALCIMAR EGARDIN E CONJUGUE.pdf | motivo=PDF sem texto extraível; pode ser escaneado
08/09/2026 10:13:36 | WARNING | PDF não indexado | arquivo=F:\Documentos\Rafael\AGROPECUARIA GARDIN LTDA\MATRÍCULAS INTEGRALIZADAS\CARTÓRIO\EXIGENCIA\Exigencia 1\1.3.C - CERT. CASAMENTO MARCOS e ADISLAINE.pdf | motivo=PDF sem texto extraível; pode ser escaneado
08/09/2026 10:13:40 | WARNING | PDF não indexado | arquivo=F:\Documentos\Rafael\AGROPECUARIA GARDIN LTDA\MATRÍCULAS INTEGRALIZADAS\CARTÓRIO\EXIGENCIA\Prot. 20.310 - 1.2.a - DOCUMENTOS ADISLAINE.pdf | motivo=PDF sem texto extraível; pode ser escaneado
08/09/2026 10:13:40 | WARNING | PDF não indexado | arquivo=F:\Documentos\Rafael\AGROPECUARIA GARDIN LTDA\MATRÍCULAS INTEGRALIZADAS\CARTÓRIO\EXIGENCIA\Prot. 20.310 - 1.2.a - DOCUMENTOS MARCOS.pdf.pdf | motivo=PDF sem texto extraível; pode ser escaneado
08/09/2026 10:13:40 | WARNING | PDF não indexado | arquivo=F:\Documentos\Rafael\AGROPECUARIA GARDIN LTDA\MATRÍCULAS INTEGRALIZADAS\CARTÓRIO\EXIGENCIA\Prot. 20.310 - 1.2.B - CERTIDÃO CASAMENTO - Marcos x Adislaine.pdf | motivo=PDF sem texto extraível; pode ser escaneado
08/09/2026 10:13:43 | WARNING | PDF não indexado | arquivo=F:\Documentos\Rafael\AGROPECUARIA GARDIN LTDA\MATRÍCULAS INTEGRALIZADAS\CARTÓRIO\EXIGENCIA\Prot. 20.310 - 1.8 - GUIAS ITBI E PGTOS.pdf | motivo=PDF sem texto extraível; pode ser escaneado
08/09/2026 10:13:43 | WARNING | PDF não indexado | arquivo=F:\Documentos\Rafael\AGROPECUARIA GARDIN LTDA\MATRÍCULAS INTEGRALIZADAS\CARTÓRIO\EXIGENCIA\Prot. 20.311 - 1.2.b - DOCUMENTOS ADISLAINE.pdf | motivo=PDF sem texto extraível; pode ser escaneado
08/09/2026 10:13:44 | WARNING | PDF não indexado | arquivo=F:\Documentos\Rafael\AGROPECUARIA GARDIN LTDA\MATRÍCULAS INTEGRALIZADAS\CARTÓRIO\EXIGENCIA\Prot. 20.311 - 1.2.b - DOCUMENTOS ALCIMAR.pdf | motivo=PDF sem texto extraível; pode ser escaneado
08/09/2026 10:13:44 | WARNING | PDF não indexado | arquivo=F:\Documentos\Rafael\AGROPECUARIA GARDIN LTDA\MATRÍCULAS INTEGRALIZADAS\CARTÓRIO\EXIGENCIA\Prot. 20.311 - 1.2.b - DOCUMENTOS IVANDA.pdf | motivo=PDF sem texto extraível; pode ser escaneado
08/09/2026 10:13:44 | WARNING | PDF não indexado | arquivo=F:\Documentos\Rafael\AGROPECUARIA GARDIN LTDA\MATRÍCULAS INTEGRALIZADAS\CARTÓRIO\EXIGENCIA\Prot. 20.311 - 1.2.b - DOCUMENTOS MARCOS.pdf.pdf | motivo=PDF sem texto extraível; pode ser escaneado
08/09/2026 10:13:44 | WARNING | PDF não indexado | arquivo=F:\Documentos\Rafael\AGROPECUARIA GARDIN LTDA\MATRÍCULAS INTEGRALIZADAS\CARTÓRIO\EXIGENCIA\Prot. 20.311 - 1.2.b - DOCUMENTOS MARIA.pdf | motivo=PDF sem texto extraível; pode ser escaneado
08/09/2026 10:13:44 | WARNING | PDF não indexado | arquivo=F:\Documentos\Rafael\AGROPECUARIA GARDIN LTDA\MATRÍCULAS INTEGRALIZADAS\CARTÓRIO\EXIGENCIA\Prot. 20.311 - 1.2.c - CERTIDÃO DE CASAMENTO ALCIMAR.pdf | motivo=PDF sem texto extraível; pode ser escaneado
08/09/2026 10:13:44 | WARNING | PDF não indexado | arquivo=F:\Documentos\Rafael\AGROPECUARIA GARDIN LTDA\MATRÍCULAS INTEGRALIZADAS\CARTÓRIO\EXIGENCIA\Prot. 20.311 - 1.2.c - CERTIDÃO DE CASAMENTO MARCOS.PDF | motivo=PDF sem texto extraível; pode ser escaneado
08/09/2026 10:13:44 | WARNING | PDF não indexado | arquivo=F:\Documentos\Rafael\AGROPECUARIA GARDIN LTDA\MATRÍCULAS INTEGRALIZADAS\CARTÓRIO\EXIGENCIA\Prot. 20.311 - 1.2.d - PACTO ANTENUPCIAL ALCIMAR.pdf | motivo=PDF sem texto extraível; pode ser escaneado
08/09/2026 10:13:47 | WARNING | PDF não indexado | arquivo=F:\Documentos\Rafael\AGROPECUARIA GARDIN LTDA\MATRÍCULAS INTEGRALIZADAS\CARTÓRIO\MATRICULA - 2.774\MATRICULA 2.774 - CCIR.pdf | motivo=PDF sem texto extraível; pode ser escaneado
08/09/2026 10:13:47 | WARNING | PDF não indexado | arquivo=F:\Documentos\Rafael\AGROPECUARIA GARDIN LTDA\MATRÍCULAS INTEGRALIZADAS\CARTÓRIO\MATRICULA - 2.774\MATRICULA 2.774 - CERTIDÃO DE AVALIAÇÃO.pdf | motivo=PDF sem texto extraível; pode ser escaneado
08/09/2026 10:13:47 | WARNING | PDF não indexado | arquivo=F:\Documentos\Rafael\AGROPECUARIA GARDIN LTDA\MATRÍCULAS INTEGRALIZADAS\CARTÓRIO\MATRICULA - 2.774\MATRICULA 2.774 - CERTIDÃO NÃO INCIDENCIA.pdf | motivo=PDF sem texto extraível; pode ser escaneado
08/09/2026 10:13:48 | WARNING | PDF não indexado | arquivo=F:\Documentos\Rafael\AGROPECUARIA GARDIN LTDA\MATRÍCULAS INTEGRALIZADAS\CARTÓRIO\MATRICULA - 2.774\MATRICULA 2.774 - CND ITR.pdf | motivo=PDF sem texto extraível; pode ser escaneado
08/09/2026 10:13:48 | WARNING | PDF não indexado | arquivo=F:\Documentos\Rafael\AGROPECUARIA GARDIN LTDA\MATRÍCULAS INTEGRALIZADAS\CARTÓRIO\MATRICULA - 3.072 E 3.252\MATRICULA 3.072 - CERTIDÃO DE AVALIAÇÃO.pdf | motivo=PDF sem texto extraível; pode ser escaneado
08/09/2026 10:13:48 | WARNING | PDF não indexado | arquivo=F:\Documentos\Rafael\AGROPECUARIA GARDIN LTDA\MATRÍCULAS INTEGRALIZADAS\CARTÓRIO\MATRICULA - 3.072 E 3.252\MATRICULA 3.072 - CERTIDÃO NÃO INCIDENCIA.pdf | motivo=PDF sem texto extraível; pode ser escaneado
08/09/2026 10:13:49 | WARNING | PDF não indexado | arquivo=F:\Documentos\Rafael\AGROPECUARIA GARDIN LTDA\MATRÍCULAS INTEGRALIZADAS\CARTÓRIO\MATRICULA - 3.072 E 3.252\MATRICULA 3.252 - CERTIDÃO DE AVALIAÇÃO.pdf | motivo=PDF sem texto extraível; pode ser escaneado
08/09/2026 10:13:49 | WARNING | PDF não indexado | arquivo=F:\Documentos\Rafael\AGROPECUARIA GARDIN LTDA\MATRÍCULAS INTEGRALIZADAS\CARTÓRIO\MATRICULA - 3.072 E 3.252\MATRICULA 3.252 - CERTIDÃO NÃO INCIDENCIA.pdf | motivo=PDF sem texto extraível; pode ser escaneado
08/09/2026 10:13:51 | WARNING | PDF não indexado | arquivo=F:\Documentos\Rafael\AGROPECUARIA GARDIN LTDA\MATRÍCULAS INTEGRALIZADAS\CARTÓRIO\MATRICULA - 3.072 E 3.252\MATRÍCULA 3072 e 3252 - CCIR.pdf | motivo=PDF sem texto extraível; pode ser escaneado
08/09/2026 10:13:51 | WARNING | PDF não indexado | arquivo=F:\Documentos\Rafael\AGROPECUARIA GARDIN LTDA\MATRÍCULAS INTEGRALIZADAS\CARTÓRIO\MATRICULA - 3.072 E 3.252\MATRÍCULA 3072 e 3252 - CND ITR.pdf | motivo=PDF sem texto extraível; pode ser escaneado
08/09/2026 10:13:52 | INFO | Indexação em andamento | 10800 de 27964 PDFs
08/09/2026 10:13:52 | WARNING | PDF não indexado | arquivo=F:\Documentos\Rafael\AGROPECUARIA GARDIN LTDA\MATRÍCULAS INTEGRALIZADAS\CARTÓRIO\MATRICULA - 3.074  (ATUAL 4.539)\5ab3416c-738b-4411-ab8e-3a2388ad1464.pdf | motivo=PDF sem texto extraível; pode ser escaneado
08/09/2026 10:13:52 | WARNING | PDF não indexado | arquivo=F:\Documentos\Rafael\AGROPECUARIA GARDIN LTDA\MATRÍCULAS INTEGRALIZADAS\CARTÓRIO\MATRICULA - 3.074  (ATUAL 4.539)\bdebf114-1c43-4490-9bb6-b1c284752d31.pdf | motivo=PDF sem texto extraível; pode ser escaneado
08/09/2026 10:13:53 | WARNING | PDF não indexado | arquivo=F:\Documentos\Rafael\AGROPECUARIA GARDIN LTDA\MATRÍCULAS INTEGRALIZADAS\CARTÓRIO\MATRICULA - 3.074  (ATUAL 4.539)\EXIGENCIA\NOTA DEVOLUTIVA.pdf | motivo=PDF sem texto extraível; pode ser escaneado
08/09/2026 10:13:53 | WARNING | PDF não indexado | arquivo=F:\Documentos\Rafael\AGROPECUARIA GARDIN LTDA\MATRÍCULAS INTEGRALIZADAS\CARTÓRIO\MATRICULA - 3.074  (ATUAL 4.539)\MATRICULA 4.539 - CERTIDÃO DE AVALIAÇÃO.pdf | motivo=PDF sem texto extraível; pode ser escaneado
08/09/2026 10:13:54 | WARNING | PDF não indexado | arquivo=F:\Documentos\Rafael\AGROPECUARIA GARDIN LTDA\MATRÍCULAS INTEGRALIZADAS\CARTÓRIO\MATRICULA - 3.074  (ATUAL 4.539)\MATRICULA 4.539 - CERTIDÃO NÃO INCIDENCIA.pdf | motivo=PDF sem texto extraível; pode ser escaneado
08/09/2026 10:13:54 | WARNING | PDF não indexado | arquivo=F:\Documentos\Rafael\AGROPECUARIA GARDIN LTDA\MATRÍCULAS INTEGRALIZADAS\CARTÓRIO\MATRICULA - 3.074  (ATUAL 4.539)\MATRICULA 4.539 - GUIA ITBI E COMPROVANTE QUITAÇÃO.pdf | motivo=PDF sem texto extraível; pode ser escaneado
08/09/2026 10:13:55 | WARNING | PDF não indexado | arquivo=F:\Documentos\Rafael\AGROPECUARIA GARDIN LTDA\MATRÍCULAS INTEGRALIZADAS\CARTÓRIO\MATRICULA - 3.080 E 3.251\MATRICULA 3.080 - CERTIDÃO DE AVALIAÇÃO.pdf | motivo=PDF sem texto extraível; pode ser escaneado
08/09/2026 10:13:55 | WARNING | PDF não indexado | arquivo=F:\Documentos\Rafael\AGROPECUARIA GARDIN LTDA\MATRÍCULAS INTEGRALIZADAS\CARTÓRIO\MATRICULA - 3.080 E 3.251\MATRICULA 3.080 - CERTIDÃO NÃO INCIDENCIA.pdf | motivo=PDF sem texto extraível; pode ser escaneado
08/09/2026 10:13:55 | WARNING | PDF não indexado | arquivo=F:\Documentos\Rafael\AGROPECUARIA GARDIN LTDA\MATRÍCULAS INTEGRALIZADAS\CARTÓRIO\MATRICULA - 3.080 E 3.251\MATRICULA 3.251 - CERTIDÃO DE AVALIAÇÃO.pdf | motivo=PDF sem texto extraível; pode ser escaneado
08/09/2026 10:13:55 | WARNING | PDF não indexado | arquivo=F:\Documentos\Rafael\AGROPECUARIA GARDIN LTDA\MATRÍCULAS INTEGRALIZADAS\CARTÓRIO\MATRICULA - 3.080 E 3.251\MATRICULA 3.251 - CERTIDÃO NÃO INCIDENCIA.pdf | motivo=PDF sem texto extraível; pode ser escaneado
08/09/2026 10:13:56 | WARNING | PDF não indexado | arquivo=F:\Documentos\Rafael\AGROPECUARIA GARDIN LTDA\MATRÍCULAS INTEGRALIZADAS\CARTÓRIO\MATRICULA - 3.080 E 3.251\MATRÍCULA 3080 e 3251 - CND ITR.pdf | motivo=PDF sem texto extraível; pode ser escaneado
08/09/2026 10:13:56 | WARNING | PDF não indexado | arquivo=F:\Documentos\Rafael\AGROPECUARIA GARDIN LTDA\MATRÍCULAS INTEGRALIZADAS\CARTÓRIO\MATRICULA - 3.120\MATRICULA 3.120 - CERTIDÃO DE AVALIAÇÃO.pdf | motivo=PDF sem texto extraível; pode ser escaneado
08/09/2026 10:13:56 | WARNING | PDF não indexado | arquivo=F:\Documentos\Rafael\AGROPECUARIA GARDIN LTDA\MATRÍCULAS INTEGRALIZADAS\CARTÓRIO\MATRICULA - 3.120\MATRICULA 3.120 - CERTIDÃO NÃO INCIDENCIA.pdf | motivo=PDF sem texto extraível; pode ser escaneado
08/09/2026 10:13:57 | WARNING | PDF não indexado | arquivo=F:\Documentos\Rafael\AGROPECUARIA GARDIN LTDA\MATRÍCULAS INTEGRALIZADAS\CARTÓRIO\MATRICULA - 3.120\MATRÍCULA 3120 - CND ITR.pdf | motivo=PDF sem texto extraível; pode ser escaneado
08/09/2026 10:13:57 | WARNING | PDF não indexado | arquivo=F:\Documentos\Rafael\AGROPECUARIA GARDIN LTDA\MATRÍCULAS INTEGRALIZADAS\CARTÓRIO\MATRÍCULA - 3.078\MATRICULA 3.078 - CERTIDÃO DE AVALIAÇÃO.pdf | motivo=PDF sem texto extraível; pode ser escaneado
08/09/2026 10:13:57 | WARNING | PDF não indexado | arquivo=F:\Documentos\Rafael\AGROPECUARIA GARDIN LTDA\MATRÍCULAS INTEGRALIZADAS\CARTÓRIO\MATRÍCULA - 3.078\MATRICULA 3.078 - CERTIDÃO NÃO INCIDENCIA.pdf | motivo=PDF sem texto extraível; pode ser escaneado
08/09/2026 10:14:00 | WARNING | PDF não indexado | arquivo=F:\Documentos\Rafael\AGROPECUARIA GARDIN LTDA\MATRÍCULAS INTEGRALIZADAS\CARTÓRIO\MATRÍCULA - 3.078\MATRÍCULA 3078 - CCIR.pdf | motivo=PDF sem texto extraível; pode ser escaneado
08/09/2026 10:14:00 | WARNING | PDF não indexado | arquivo=F:\Documentos\Rafael\AGROPECUARIA GARDIN LTDA\MATRÍCULAS INTEGRALIZADAS\CARTÓRIO\MATRÍCULA - 3.078\MATRÍCULA 3078 - CND ITR.pdf | motivo=PDF sem texto extraível; pode ser escaneado
08/09/2026 10:14:00 | WARNING | PDF não indexado | arquivo=F:\Documentos\Rafael\AGROPECUARIA GARDIN LTDA\MATRÍCULAS INTEGRALIZADAS\CARTÓRIO\MATRÍCULA - 3.253\MATRÍCULA 3.253 - CERTIDÃO DE AVALIAÇÃO.pdf | motivo=PDF sem texto extraível; pode ser escaneado
08/09/2026 10:14:01 | WARNING | PDF não indexado | arquivo=F:\Documentos\Rafael\AGROPECUARIA GARDIN LTDA\MATRÍCULAS INTEGRALIZADAS\CARTÓRIO\MATRÍCULA - 3.253\MATRÍCULA 3.253 - CERTIDÃO DE NÃO INCIDÊNCIA.pdf | motivo=PDF sem texto extraível; pode ser escaneado
08/09/2026 10:14:01 | WARNING | PDF não indexado | arquivo=F:\Documentos\Rafael\AGROPECUARIA GARDIN LTDA\MATRÍCULAS INTEGRALIZADAS\CARTÓRIO\MATRÍCULA - 3.271\MATRÍCULA 3.271 - CERTIDÃO DE AVALIAÇÃO.pdf | motivo=PDF sem texto extraível; pode ser escaneado
08/09/2026 10:14:01 | WARNING | PDF não indexado | arquivo=F:\Documentos\Rafael\AGROPECUARIA GARDIN LTDA\MATRÍCULAS INTEGRALIZADAS\CARTÓRIO\MATRÍCULA - 3.271\MATRÍCULA 3.271 - CERTIDÃO DE NÃO INCIDÊNCIA.pdf | motivo=PDF sem texto extraível; pode ser escaneado
08/09/2026 10:14:01 | WARNING | PDF não indexado | arquivo=F:\Documentos\Rafael\AGROPECUARIA GARDIN LTDA\MATRÍCULAS INTEGRALIZADAS\GUIAS ITBI\Mat. 2.774 - DOCUMENTOS ITBI.pdf | motivo=PDF sem texto extraível; pode ser escaneado
08/09/2026 10:14:01 | WARNING | PDF não indexado | arquivo=F:\Documentos\Rafael\AGROPECUARIA GARDIN LTDA\MATRÍCULAS INTEGRALIZADAS\GUIAS ITBI\Mat. 3.072 - DOCUMENTOS ITBI.pdf | motivo=PDF sem texto extraível; pode ser escaneado
08/09/2026 10:14:01 | WARNING | PDF não indexado | arquivo=F:\Documentos\Rafael\AGROPECUARIA GARDIN LTDA\MATRÍCULAS INTEGRALIZADAS\GUIAS ITBI\Mat. 3.074 - DOCUMENTOS ITBI (MAT. ATUAL 4.539).pdf | motivo=PDF sem texto extraível; pode ser escaneado
08/09/2026 10:14:02 | WARNING | PDF não indexado | arquivo=F:\Documentos\Rafael\AGROPECUARIA GARDIN LTDA\MATRÍCULAS INTEGRALIZADAS\GUIAS ITBI\Mat. 3.078 - DOCUMENTOS ITBI.pdf | motivo=PDF sem texto extraível; pode ser escaneado
08/09/2026 10:14:02 | WARNING | PDF não indexado | arquivo=F:\Documentos\Rafael\AGROPECUARIA GARDIN LTDA\MATRÍCULAS INTEGRALIZADAS\GUIAS ITBI\Mat. 3.080 - DOCUMENTOS ITBI.pdf | motivo=PDF sem texto extraível; pode ser escaneado
08/09/2026 10:14:02 | WARNING | PDF não indexado | arquivo=F:\Documentos\Rafael\AGROPECUARIA GARDIN LTDA\MATRÍCULAS INTEGRALIZADAS\GUIAS ITBI\Mat. 3.120 - DOCUMENTOS ITBI.pdf | motivo=PDF sem texto extraível; pode ser escaneado
08/09/2026 10:14:02 | WARNING | PDF não indexado | arquivo=F:\Documentos\Rafael\AGROPECUARIA GARDIN LTDA\MATRÍCULAS INTEGRALIZADAS\GUIAS ITBI\Mat. 3.251 - DOCUMENTOS ITBI.pdf | motivo=PDF sem texto extraível; pode ser escaneado
08/09/2026 10:14:02 | WARNING | PDF não indexado | arquivo=F:\Documentos\Rafael\AGROPECUARIA GARDIN LTDA\MATRÍCULAS INTEGRALIZADAS\GUIAS ITBI\Mat. 3.252 - DOCUMENTOS ITBI.pdf | motivo=PDF sem texto extraível; pode ser escaneado
08/09/2026 10:14:02 | WARNING | PDF não indexado | arquivo=F:\Documentos\Rafael\AGROPECUARIA GARDIN LTDA\MATRÍCULAS INTEGRALIZADAS\GUIAS ITBI\Mat. 3.253 - DOCUMENTOS ITBI.pdf | motivo=PDF sem texto extraível; pode ser escaneado
08/09/2026 10:14:03 | WARNING | PDF não indexado | arquivo=F:\Documentos\Rafael\AGROPECUARIA GARDIN LTDA\MATRÍCULAS INTEGRALIZADAS\GUIAS ITBI\Mat. 3.271 - DOCUMENTOS ITBI.pdf | motivo=PDF sem texto extraível; pode ser escaneado
08/09/2026 10:14:03 | WARNING | PDF não indexado | arquivo=F:\Documentos\Rafael\AGROPECUARIA GARDIN LTDA\MATRÍCULAS INTEGRALIZADAS\GUIAS ITBI\PARECER JURIDICO ITBI - AGROP. GARDIN.pdf | motivo=PDF sem texto extraível; pode ser escaneado
08/09/2026 10:14:05 | WARNING | PDF não indexado | arquivo=F:\Documentos\Rafael\AGROPECUARIA GARDIN LTDA\MATRÍCULAS INTEGRALIZADAS\Matricula 64.550.pdf | motivo=PDF sem texto extraível; pode ser escaneado
08/09/2026 10:14:06 | WARNING | PDF não indexado | arquivo=F:\Documentos\Rafael\AGROPECUARIA GARDIN LTDA\MATRÍCULAS INTEGRALIZADAS\Matricula 65.233.pdf | motivo=PDF sem texto extraível; pode ser escaneado
08/09/2026 10:14:06 | WARNING | PDF não indexado | arquivo=F:\Documentos\Rafael\AGROPECUARIA GARDIN LTDA\MATRÍCULAS INTEGRALIZADAS\MATRÍCULAS SORRISO.pdf | motivo=PDF sem texto extraível; pode ser escaneado
08/09/2026 10:14:09 | WARNING | PDF não indexado | arquivo=F:\Documentos\Rafael\AGROPECUARIA GGM LTDA\DOCUMENTOS ELONI.pdf | motivo=PDF sem texto extraível; pode ser escaneado
08/09/2026 10:14:09 | WARNING | PDF não indexado | arquivo=F:\Documentos\Rafael\AGROPECUARIA GGM LTDA\DOCUMENTOS GABRIEL.pdf | motivo=PDF sem texto extraível; pode ser escaneado
08/09/2026 10:14:12 | WARNING | PDF não indexado | arquivo=F:\Documentos\Rafael\AGROPECUARIA J.E.B\CONTRATO DE COMODATO.pdf | motivo=PDF sem texto extraível; pode ser escaneado
08/09/2026 10:14:12 | INFO | Indexação em andamento | 10900 de 27964 PDFs
08/09/2026 10:14:14 | WARNING | PDF não indexado | arquivo=F:\Documentos\Rafael\AGROPECUARIA J.E.B\DOCUMENTOS - EGIDIO.pdf | motivo=PDF sem texto extraível; pode ser escaneado
08/09/2026 10:14:14 | WARNING | PDF não indexado | arquivo=F:\Documentos\Rafael\AGROPECUARIA J.E.B\DOCUMENTOS - JOSE BAGGIO.pdf | motivo=PDF sem texto extraível; pode ser escaneado
08/09/2026 10:14:14 | WARNING | PDF não indexado | arquivo=F:\Documentos\Rafael\AGROPECUARIA J.E.B\FAC ASSINADA.pdf | motivo=PDF sem texto extraível; pode ser escaneado
08/09/2026 10:14:14 | WARNING | PDF não indexado | arquivo=F:\Documentos\Rafael\AGROPECUARIA J.E.B\MATRICULA.pdf | motivo=PDF sem texto extraível; pode ser escaneado
08/09/2026 10:14:17 | WARNING | PDF não indexado | arquivo=F:\Documentos\Rafael\AGROPECUARIA LEANDRO BEDIN\ALVARÁ.pdf | motivo=PDF sem texto extraível; pode ser escaneado
08/09/2026 10:14:18 | WARNING | PDF não indexado | arquivo=F:\Documentos\Rafael\AGROPECUARIA LEANDRO BEDIN\CERTIDÃO CASAMENTO - DAYANE YUME COVRE BEDIN.pdf | motivo=PDF sem texto extraível; pode ser escaneado
08/09/2026 10:14:18 | WARNING | PDF não indexado | arquivo=F:\Documentos\Rafael\AGROPECUARIA LEANDRO BEDIN\CONTRATO COMPRA CASA.pdf | motivo=PDF sem texto extraível; pode ser escaneado
08/09/2026 10:14:18 | WARNING | PDF não indexado | arquivo=F:\Documentos\Rafael\AGROPECUARIA LEANDRO BEDIN\CONTRATO SOCIAL - 1º ALT.pdf | motivo=PDF sem texto extraível; pode ser escaneado
08/09/2026 10:14:21 | WARNING | PDF não indexado | arquivo=F:\Documentos\Rafael\AGROPECUARIA LEANDRO BEDIN\CONTRATO SOCIAL - CONSTITUIÇÃO.pdf | motivo=PDF sem texto extraível; pode ser escaneado
08/09/2026 10:14:21 | WARNING | PDF não indexado | arquivo=F:\Documentos\Rafael\AGROPECUARIA LEANDRO BEDIN\Documentos  LEANDRO.pdf | motivo=PDF sem texto extraível; pode ser escaneado
08/09/2026 10:14:21 | WARNING | PDF não indexado | arquivo=F:\Documentos\Rafael\AGROPECUARIA LEANDRO BEDIN\Documentos - ELOI.pdf | motivo=PDF sem texto extraível; pode ser escaneado
08/09/2026 10:14:21 | WARNING | PDF não indexado | arquivo=F:\Documentos\Rafael\AGROPECUARIA LEANDRO BEDIN\Documentos - VOLMAR.pdf | motivo=PDF sem texto extraível; pode ser escaneado
08/09/2026 10:14:21 | WARNING | PDF não indexado | arquivo=F:\Documentos\Rafael\AGROPECUARIA LEANDRO BEDIN\FOTOS.pdf | motivo=PDF sem texto extraível; pode ser escaneado
08/09/2026 10:14:21 | WARNING | PDF não indexado | arquivo=F:\Documentos\Rafael\AGROPECUARIA LEANDRO BEDIN\MATRICULAS\MATRICULA 60.934 - FAZ. VALE DO VERDE.pdf | motivo=PDF sem texto extraível; pode ser escaneado
08/09/2026 10:14:22 | WARNING | PDF não indexado | arquivo=F:\Documentos\Rafael\AGROPECUARIA LEANDRO BEDIN\MATRICULAS\MATRICULA 63.785 - FAZ. SANTO ANTONIO.pdf | motivo=PDF sem texto extraível; pode ser escaneado
08/09/2026 10:14:22 | WARNING | PDF não indexado | arquivo=F:\Documentos\Rafael\AGROPECUARIA LEANDRO BEDIN\MATRICULAS\MATRICULA 64.510 - FAZ. BURITI.pdf | motivo=PDF sem texto extraível; pode ser escaneado
08/09/2026 10:14:22 | WARNING | PDF não indexado | arquivo=F:\Documentos\Rafael\AGROPECUARIA LEANDRO BEDIN\MATRICULAS\MATRICULA 64.511 - FAZ. BURITI.pdf | motivo=PDF sem texto extraível; pode ser escaneado
08/09/2026 10:14:22 | WARNING | PDF não indexado | arquivo=F:\Documentos\Rafael\AGROPECUARIA LEANDRO BEDIN\MATRICULAS\MATRICULA 66.036 - FAZ. ESPERANÇA.pdf | motivo=PDF sem texto extraível; pode ser escaneado
08/09/2026 10:14:22 | WARNING | PDF não indexado | arquivo=F:\Documentos\Rafael\AGROPECUARIA LEANDRO BEDIN\MATRICULAS\MATRICULA 66.037 - FAZ. ESPERANÇA.pdf | motivo=PDF sem texto extraível; pode ser escaneado
08/09/2026 10:14:22 | WARNING | PDF não indexado | arquivo=F:\Documentos\Rafael\AGROPECUARIA LEANDRO BEDIN\MATRICULAS\MATRICULA 66.652 - FAZ. LUNA DEL MAR.pdf | motivo=PDF sem texto extraível; pode ser escaneado
08/09/2026 10:14:26 | WARNING | PDF não indexado | arquivo=F:\Documentos\Rafael\AGROPECUARIA MATA VERDE\DOCUMENTOS ROGERIO.pdf | motivo=PDF sem texto extraível; pode ser escaneado
08/09/2026 10:14:28 | WARNING | PDF não indexado | arquivo=F:\Documentos\Rafael\AGROPECUARIA PROGRESSO\CARTORIO\CARTORIO RENASCENÇA\EXIGENCIA\d) DOCUMENTOS - CLEVI - CERTIDÃO DE CASAMENTO.pdf | motivo=PDF sem texto extraível; pode ser escaneado
08/09/2026 10:14:28 | WARNING | PDF não indexado | arquivo=F:\Documentos\Rafael\AGROPECUARIA PROGRESSO\CARTORIO\CARTORIO RENASCENÇA\EXIGENCIA\d) DOCUMENTOS - CLEVI - DIVORCIO.pdf | motivo=PDF sem texto extraível; pode ser escaneado
08/09/2026 10:14:29 | INFO | Indexação em andamento | 11000 de 27964 PDFs
08/09/2026 10:14:30 | WARNING | PDF não indexado | arquivo=F:\Documentos\Rafael\AGROPECUARIA PROGRESSO\CARTORIO\CARTORIO RENASCENÇA\LAUDO DE AVALIAÇÃO - ÁREAS RENASCENÇA.pdf | motivo=PDF sem texto extraível; pode ser escaneado
08/09/2026 10:14:30 | WARNING | PDF não indexado | arquivo=F:\Documentos\Rafael\AGROPECUARIA PROGRESSO\CARTORIO\CARTORIO RENASCENÇA\Laudos de Avaliação.pdf | motivo=PDF sem texto extraível; pode ser escaneado
08/09/2026 10:14:30 | WARNING | PDF não indexado | arquivo=F:\Documentos\Rafael\AGROPECUARIA PROGRESSO\CARTORIO\CARTORIO RENASCENÇA\MATRICULA 8.180\PGTO GUIA ITBI - MAT. 8.180.pdf | motivo=PDF sem texto extraível; pode ser escaneado
08/09/2026 10:14:31 | WARNING | PDF não indexado | arquivo=F:\Documentos\Rafael\AGROPECUARIA PROGRESSO\CARTORIO\CARTORIO SORRISO\MAT. 47.878\6 - MAT. 47.878 - CERTIDÃO ITBI.pdf | motivo=PDF sem texto extraível; pode ser escaneado
08/09/2026 10:14:35 | WARNING | PDF não indexado | arquivo=F:\Documentos\Rafael\AGROPECUARIA PROGRESSO\DOCUMENTO - LUCIANE.pdf | motivo=PDF sem texto extraível; pode ser escaneado
08/09/2026 10:14:35 | WARNING | PDF não indexado | arquivo=F:\Documentos\Rafael\AGROPECUARIA PROGRESSO\DOCUMENTO - ROBERTA.pdf | motivo=PDF sem texto extraível; pode ser escaneado
08/09/2026 10:14:35 | WARNING | PDF não indexado | arquivo=F:\Documentos\Rafael\AGROPECUARIA PROGRESSO\DOCUMENTOS - CLEVI - CERTIDÃO DE CASAMENTO.pdf | motivo=PDF sem texto extraível; pode ser escaneado
08/09/2026 10:14:35 | WARNING | PDF não indexado | arquivo=F:\Documentos\Rafael\AGROPECUARIA PROGRESSO\DOCUMENTOS - CLEVI - DIVORCIO.pdf | motivo=PDF sem texto extraível; pode ser escaneado
08/09/2026 10:14:36 | WARNING | PDF não indexado | arquivo=F:\Documentos\Rafael\AGROPECUARIA PROGRESSO\DOCUMENTOS - CLEVI.pdf | motivo=PDF sem texto extraível; pode ser escaneado
08/09/2026 10:14:42 | INFO | Indexação em andamento | 11100 de 27964 PDFs
08/09/2026 10:14:42 | WARNING | PDF não indexado | arquivo=F:\Documentos\Rafael\AGROPECUARIA SANTA HELENA\CARTÓRIO\MATRÍCULA 289.pdf | motivo=PDF sem texto extraível; pode ser escaneado
08/09/2026 10:14:45 | WARNING | PDF não indexado | arquivo=F:\Documentos\Rafael\AGROPECUARIA SANTA HELENA\DOCUMENTOS ALEXANDRE.pdf | motivo=PDF sem texto extraível; pode ser escaneado
08/09/2026 10:14:45 | WARNING | PDF não indexado | arquivo=F:\Documentos\Rafael\AGROPECUARIA SANTA HELENA\DOCUMENTOS CELSO.pdf | motivo=PDF sem texto extraível; pode ser escaneado
08/09/2026 10:14:45 | WARNING | PDF não indexado | arquivo=F:\Documentos\Rafael\AGROPECUARIA SANTA HELENA\DOCUMENTOS RAFAEL.pdf | motivo=PDF sem texto extraível; pode ser escaneado
08/09/2026 10:14:45 | WARNING | PDF não indexado | arquivo=F:\Documentos\Rafael\AGROPECUARIA SANTA HELENA\INSCRIÇÃO ESTADUAL\CONTRATO COMODATO.pdf | motivo=PDF sem texto extraível; pode ser escaneado
08/09/2026 10:14:45 | WARNING | PDF não indexado | arquivo=F:\Documentos\Rafael\AGROPECUARIA SANTA HELENA\INSCRIÇÃO ESTADUAL\FAC ASSINADA.pdf | motivo=PDF sem texto extraível; pode ser escaneado
08/09/2026 10:14:46 | WARNING | PDF não indexado | arquivo=F:\Documentos\Rafael\AGROPECUARIA SANTA HELENA\INSCRIÇÃO ESTADUAL\MATRÍCULA.pdf | motivo=PDF sem texto extraível; pode ser escaneado
08/09/2026 10:14:46 | WARNING | PDF não indexado | arquivo=F:\Documentos\Rafael\AGROPECUARIA SANTA HELENA\INSCRIÇÃO ESTADUAL\TERMO DE OPÇÃO PARA REALIZAÇÃO DE OPERAÇÃO-PRESTAÇÃO COM DIFERIMENTO DO ICMS.pdf | motivo=PDF sem texto extraível; pode ser escaneado
08/09/2026 10:14:46 | WARNING | PDF não indexado | arquivo=F:\Documentos\Rafael\AGROPECUARIA SANTA HELENA\MATRICULAS\MAT. 288 - NOVA SANTA HELENA.pdf | motivo=PDF sem texto extraível; pode ser escaneado
08/09/2026 10:14:46 | WARNING | PDF não indexado | arquivo=F:\Documentos\Rafael\AGROPECUARIA SANTA HELENA\MATRICULAS\MAT. 289 - NOVA SANTA HELENA RAFAEL.pdf | motivo=PDF sem texto extraível; pode ser escaneado
08/09/2026 10:14:46 | WARNING | PDF não indexado | arquivo=F:\Documentos\Rafael\AGROPECUARIA SANTA HELENA\MATRICULAS\MAT. 290 - NOVA SANTA HELENA.pdf | motivo=PDF sem texto extraível; pode ser escaneado
08/09/2026 10:14:46 | WARNING | PDF não indexado | arquivo=F:\Documentos\Rafael\AGROPECUARIA SANTA HELENA\MATRICULAS\MAT. 292 - NOVA SANTA HELENA.pdf | motivo=PDF sem texto extraível; pode ser escaneado
08/09/2026 10:14:46 | WARNING | PDF não indexado | arquivo=F:\Documentos\Rafael\AGROPECUARIA SANTA HELENA\MATRICULAS\MAT. 293- NOVA SANTA HELANA.pdf | motivo=PDF sem texto extraível; pode ser escaneado
08/09/2026 10:14:46 | WARNING | PDF não indexado | arquivo=F:\Documentos\Rafael\AGROPECUARIA SANTA HELENA\MATRICULAS\MAT. 480 - NOVA SANTA HELENA.pdf | motivo=PDF sem texto extraível; pode ser escaneado
08/09/2026 10:14:46 | WARNING | PDF não indexado | arquivo=F:\Documentos\Rafael\AGROPECUARIA SANTA HELENA\MATRICULAS\MAT. 796 - NOVA SANTA HELENA.pdf | motivo=PDF sem texto extraível; pode ser escaneado
08/09/2026 10:14:46 | WARNING | PDF não indexado | arquivo=F:\Documentos\Rafael\AGROPECUARIA SANTA HELENA\MATRICULAS\MAT. 797 - NOVA SANTA HELENA.pdf | motivo=PDF sem texto extraível; pode ser escaneado
08/09/2026 10:14:52 | WARNING | PDF não indexado | arquivo=F:\Documentos\Rafael\AGROPECUARIA SAO PEDRO LTDA\4º ALTERAÇÃO\Instrumento Particular de Doacao Fernando e Giulianne ao Mateus.pdf | motivo=PDF sem texto extraível; pode ser escaneado
08/09/2026 10:14:53 | WARNING | PDF não indexado | arquivo=F:\Documentos\Rafael\AGROPECUARIA SAO PEDRO LTDA\CONTRATO DE DOAÇÃO DAS QUOTAS - Fernando e Giulianne x Mateus.pdf | motivo=PDF sem texto extraível; pode ser escaneado
08/09/2026 10:15:02 | WARNING | PDF não indexado | arquivo=F:\Documentos\Rafael\AGROPECUARIA SAO PEDRO LTDA\CONTRATOS E ATAS\COMODATO - PARCERIA - COMPRA\CONTRATO COMPRA E VENDA FAZENDA - Piazzeta x Agrop. - Faz. Entre Rios (GRÃOS).pdf | motivo=PDF sem texto extraível; pode ser escaneado
08/09/2026 10:15:07 | WARNING | PDF não indexado | arquivo=F:\Documentos\Rafael\AGROPECUARIA SAO PEDRO LTDA\DOCUMENTO SOCIO - FERNANDO.pdf | motivo=PDF sem texto extraível; pode ser escaneado
08/09/2026 10:15:07 | WARNING | PDF não indexado | arquivo=F:\Documentos\Rafael\AGROPECUARIA SAO PEDRO LTDA\DOCUMENTOS SOCIO - MATEUS.pdf | motivo=PDF sem texto extraível; pode ser escaneado
08/09/2026 10:15:09 | INFO | Indexação em andamento | 11200 de 27964 PDFs
08/09/2026 10:15:11 | WARNING | PDF não indexado | arquivo=F:\Documentos\Rafael\AGROPECUARIA SAO PEDRO LTDA\INSCRIÇÃO ESTADUAL - MATRIZ\Mat. 299.pdf | motivo=PDF sem texto extraível; pode ser escaneado
08/09/2026 10:15:11 | WARNING | PDF não indexado | arquivo=F:\Documentos\Rafael\AGROPECUARIA SAO PEDRO LTDA\INSCRIÇÃO ESTADUAL - MATRIZ\Mat. 301.pdf | motivo=PDF sem texto extraível; pode ser escaneado
08/09/2026 10:15:12 | WARNING | PDF não indexado | arquivo=F:\Documentos\Rafael\AGROPECUARIA SAO PEDRO LTDA\INSCRIÇÃO ESTADUAL - MATRIZ\Mat. 310.pdf | motivo=PDF sem texto extraível; pode ser escaneado
08/09/2026 10:15:15 | WARNING | PDF não indexado | arquivo=F:\Documentos\Rafael\AGROPECUARIA SAO PEDRO LTDA\MATRICULAS ADQUIRIDAS - PIAZZETA.pdf | motivo=PDF sem texto extraível; pode ser escaneado
08/09/2026 10:15:15 | WARNING | PDF não indexado | arquivo=F:\Documentos\Rafael\AGROPECUARIA SAO PEDRO LTDA\OPERAÇÕES - EMPRÉSTIMOS - PGTO ÁREA\PGTOS PIAZZETTA\PGTO PIAZZETTA - 1.500.000 (2x).pdf | motivo=PDF sem texto extraível; pode ser escaneado
08/09/2026 10:15:19 | WARNING | PDF não indexado | arquivo=F:\Documentos\Rafael\AGROPECUARIA SPR\DOCUMENTOS DALVIR.pdf | motivo=PDF sem texto extraível; pode ser escaneado
08/09/2026 10:15:19 | WARNING | PDF não indexado | arquivo=F:\Documentos\Rafael\AGROPECUARIA SPR\DOCUMENTOS DEBORA.pdf | motivo=PDF sem texto extraível; pode ser escaneado
08/09/2026 10:15:19 | WARNING | PDF não indexado | arquivo=F:\Documentos\Rafael\AGROPECUARIA SPR\DOCUMENTOS SÓCIOS - CERTIDAO DE CASAMENTO.pdf | motivo=PDF sem texto extraível; pode ser escaneado
08/09/2026 10:15:19 | WARNING | PDF não indexado | arquivo=F:\Documentos\Rafael\AGROPECUARIA SPR\DOCUMENTOS SÓCIOS - DALVIR TADEU ROSSATO.pdf | motivo=PDF sem texto extraível; pode ser escaneado
08/09/2026 10:15:19 | WARNING | PDF não indexado | arquivo=F:\Documentos\Rafael\AGROPECUARIA SPR\DOCUMENTOS SÓCIOS - DEBORA ROSSATO.pdf | motivo=PDF sem texto extraível; pode ser escaneado
08/09/2026 10:15:20 | WARNING | PDF não indexado | arquivo=F:\Documentos\Rafael\AGROPECUARIA SPR\INSCRIÇÃO ESTADUAL\FAC ASSINADA.pdf | motivo=PDF sem texto extraível; pode ser escaneado
08/09/2026 10:15:20 | WARNING | PDF não indexado | arquivo=F:\Documentos\Rafael\AGROPECUARIA SPR\INSCRIÇÃO ESTADUAL\Matrícula 21.964.pdf | motivo=PDF sem texto extraível; pode ser escaneado
08/09/2026 10:15:20 | WARNING | PDF não indexado | arquivo=F:\Documentos\Rafael\AGROPECUARIA SPR\INSCRIÇÃO ESTADUAL\Matrícula 21.965.pdf | motivo=PDF sem texto extraível; pode ser escaneado
08/09/2026 10:15:20 | WARNING | PDF não indexado | arquivo=F:\Documentos\Rafael\AGROPECUARIA SPR\INSCRIÇÃO ESTADUAL\TERMO DE OPÇÃO PARA REALIZAÇÃO DE OPERAÇÃO COM DIFERIMENTO DO ICMS.pdf | motivo=PDF sem texto extraível; pode ser escaneado
08/09/2026 10:15:21 | WARNING | PDF não indexado | arquivo=F:\Documentos\Rafael\AGROPECUARIA SPR\MATRÍCULAS\21964 [atual 82493].pdf | motivo=PDF sem texto extraível; pode ser escaneado
08/09/2026 10:15:21 | WARNING | PDF não indexado | arquivo=F:\Documentos\Rafael\AGROPECUARIA SPR\MATRÍCULAS\21965 [atual 83633].pdf | motivo=PDF sem texto extraível; pode ser escaneado
08/09/2026 10:15:21 | WARNING | PDF não indexado | arquivo=F:\Documentos\Rafael\AGROPECUARIA SPR\MATRÍCULAS\56091.pdf | motivo=PDF sem texto extraível; pode ser escaneado
08/09/2026 10:15:21 | WARNING | PDF não indexado | arquivo=F:\Documentos\Rafael\AGROPECUARIA SPR\MATRÍCULAS\56255.pdf | motivo=PDF sem texto extraível; pode ser escaneado
08/09/2026 10:15:22 | WARNING | PDF não indexado | arquivo=F:\Documentos\Rafael\AGROPECUARIA SPR\MATRÍCULAS\82493 [antiga 21964].pdf | motivo=PDF sem texto extraível; pode ser escaneado
08/09/2026 10:15:32 | WARNING | PDF não indexado | arquivo=F:\Documentos\Rafael\AGROPECUARIA SUL PARÁ\2º ALTERAÇÃO - PARADO\1º PUBLICAÇÃO ATA ALTERAÇÃO REDUÇÃO CAPITAL SOCIAL\PUBLICACAO IOMATa4pdfa.pdf | motivo=PDF sem texto extraível; pode ser escaneado
08/09/2026 10:15:36 | INFO | Indexação em andamento | 11300 de 27964 PDFs
08/09/2026 10:15:50 | WARNING | PDF não indexado | arquivo=F:\Documentos\Rafael\AGROPECUARIA TALISMA\DOCUMENTOS CLARICE.pdf | motivo=PDF sem texto extraível; pode ser escaneado
08/09/2026 10:15:50 | WARNING | PDF não indexado | arquivo=F:\Documentos\Rafael\AGROPECUARIA TALISMA\DOCUMENTOS ELONI - Certidão Casamento.pdf | motivo=PDF sem texto extraível; pode ser escaneado
08/09/2026 10:15:50 | WARNING | PDF não indexado | arquivo=F:\Documentos\Rafael\AGROPECUARIA TALISMA\DOCUMENTOS ELONI.pdf | motivo=PDF sem texto extraível; pode ser escaneado
08/09/2026 10:15:50 | WARNING | PDF não indexado | arquivo=F:\Documentos\Rafael\AGROPECUARIA TALISMA\DOCUMENTOS GISELI.pdf | motivo=PDF sem texto extraível; pode ser escaneado
08/09/2026 10:15:50 | WARNING | PDF não indexado | arquivo=F:\Documentos\Rafael\AGROPECUARIA TALISMA\DOCUMENTOS JOAO - Certidão de Casamento.pdf | motivo=PDF sem texto extraível; pode ser escaneado
08/09/2026 10:15:50 | WARNING | PDF não indexado | arquivo=F:\Documentos\Rafael\AGROPECUARIA TALISMA\DOCUMENTOS JOAO.pdf | motivo=PDF sem texto extraível; pode ser escaneado
08/09/2026 10:15:51 | WARNING | PDF não indexado | arquivo=F:\Documentos\Rafael\AGROPECUARIA TALISMA\INSCRIÇÃO ESTADUAL\CONTRATO PARTICULAR DE COMODATO DE IMÓVEL RURAL PARA FINS DE EXPLORAÇÃO AGRICOLA.pdf | motivo=PDF sem texto extraível; pode ser escaneado
08/09/2026 10:15:51 | WARNING | PDF não indexado | arquivo=F:\Documentos\Rafael\AGROPECUARIA TALISMA\INSCRIÇÃO ESTADUAL\FAC ASSINADA.pdf | motivo=PDF sem texto extraível; pode ser escaneado
08/09/2026 10:15:51 | WARNING | PDF não indexado | arquivo=F:\Documentos\Rafael\AGROPECUARIA TALISMA\INSCRIÇÃO ESTADUAL\TERMO DE OPÇÃO PARA REALIZAÇÃO DE OPERAÇÃO-PRESTAÇÃO.pdf | motivo=PDF sem texto extraível; pode ser escaneado
08/09/2026 10:15:51 | WARNING | PDF não indexado | arquivo=F:\Documentos\Rafael\AGROPECUARIA TALISMA\MATRICULAS INTEGRALIZADAS\ITBI\MAT. 343 - CERTIDÃO NÃO INCIDÊNCIA ITBI.pdf | motivo=PDF sem texto extraível; pode ser escaneado
08/09/2026 10:15:52 | WARNING | PDF não indexado | arquivo=F:\Documentos\Rafael\AGROPECUARIA TALISMA\MATRICULAS INTEGRALIZADAS\ITBI\MAT. 343 - DECISÃO ADMINISTRATIVA e SUSPENSÃO DAS IMUNIDADES DE ITBI EMITIDAS - [indeferido] - 2025.pdf | motivo=PDF sem texto extraível; pode ser escaneado
08/09/2026 10:15:52 | WARNING | PDF não indexado | arquivo=F:\Documentos\Rafael\AGROPECUARIA TALISMA\MATRICULAS INTEGRALIZADAS\ITBI\MAT. 344 - CERTIDÃO NÃO INCIDÊNCIA ITBI343.pdf | motivo=PDF sem texto extraível; pode ser escaneado
08/09/2026 10:15:53 | WARNING | PDF não indexado | arquivo=F:\Documentos\Rafael\AGROPECUARIA TALISMA\MATRICULAS INTEGRALIZADAS\ITBI\MAT. 344 - DECISÃO ADMINISTRATIVA e SUSPENSÃO DAS IMUNIDADES DE ITBI EMITIDAS - [indeferido] - 2025.pdf | motivo=PDF sem texto extraível; pode ser escaneado
08/09/2026 10:15:54 | WARNING | PDF não indexado | arquivo=F:\Documentos\Rafael\AGROPECUARIA TALISMA\MATRICULAS INTEGRALIZADAS\ITBI\PARECER COBRANÇA ITBI [prefeitura] e OFÍCIO DA PREFEITURA PARA O CARTÓRIO.pdf | motivo=PDF sem texto extraível; pode ser escaneado
08/09/2026 10:15:54 | WARNING | PDF não indexado | arquivo=F:\Documentos\Rafael\AGROPECUARIA TALISMA\MATRICULAS INTEGRALIZADAS\ITBI\PEDIDO DE RECONSIDERAÇÃO IMUNIDADE DE ITBI\Doc. 2 - ITBI - NÃO INCIDÊNCIA.pdf | motivo=PDF sem texto extraível; pode ser escaneado
08/09/2026 10:15:55 | WARNING | PDF não indexado | arquivo=F:\Documentos\Rafael\AGROPECUARIA TALISMA\MATRICULAS INTEGRALIZADAS\ITBI\PEDIDO DE RECONSIDERAÇÃO IMUNIDADE DE ITBI\Doc. 4 -DOCUMENTOS JOAO.pdf | motivo=PDF sem texto extraível; pode ser escaneado
08/09/2026 10:15:56 | WARNING | PDF não indexado | arquivo=F:\Documentos\Rafael\AGROPECUARIA TIO PICO LTDA\CNH eloi bedin.pdf | motivo=PDF sem texto extraível; pode ser escaneado
08/09/2026 10:15:58 | WARNING | PDF não indexado | arquivo=F:\Documentos\Rafael\AGROPECUARIA TIO PICO LTDA\DOCUMENTOS SOCIO - ELOI.pdf | motivo=PDF sem texto extraível; pode ser escaneado
08/09/2026 10:15:58 | WARNING | PDF não indexado | arquivo=F:\Documentos\Rafael\AGROPECUARIA TIO PICO LTDA\INSCRIÇÃO ESTADUAL\CONTRATO PARTICULAR DE COMODATO DE IMÓVEL RURAL PARA FINS DE EXPLORAÇÃO AGRICOLA.pdf | motivo=PDF sem texto extraível; pode ser escaneado
08/09/2026 10:15:58 | WARNING | PDF não indexado | arquivo=F:\Documentos\Rafael\AGROPECUARIA TIO PICO LTDA\INSCRIÇÃO ESTADUAL\FAC ASSINADA.pdf | motivo=PDF sem texto extraível; pode ser escaneado
08/09/2026 10:15:58 | WARNING | PDF não indexado | arquivo=F:\Documentos\Rafael\AGROPECUARIA TIO PICO LTDA\INSCRIÇÃO ESTADUAL\MATÍCULA 66.652.pdf | motivo=PDF sem texto extraível; pode ser escaneado
08/09/2026 10:15:58 | WARNING | PDF não indexado | arquivo=F:\Documentos\Rafael\AGROPECUARIA TIO PICO LTDA\INSCRIÇÃO ESTADUAL\TERMO DE OPÇÃO PARA REALIZAÇÃO DE OPERAÇÃO-PRESTAÇÃO.pdf | motivo=PDF sem texto extraível; pode ser escaneado
08/09/2026 10:15:59 | WARNING | PDF não indexado | arquivo=F:\Documentos\Rafael\AGROPECUARIA TIO PICO LTDA\MATRICULAS\MATRICULA  1.796.pdf | motivo=PDF sem texto extraível; pode ser escaneado
08/09/2026 10:15:59 | WARNING | PDF não indexado | arquivo=F:\Documentos\Rafael\AGROPECUARIA TIO PICO LTDA\MATRICULAS\MATRICULA 60.394.pdf | motivo=PDF sem texto extraível; pode ser escaneado
08/09/2026 10:15:59 | WARNING | PDF não indexado | arquivo=F:\Documentos\Rafael\AGROPECUARIA TIO PICO LTDA\MATRICULAS\MATRICULA 63.785.pdf | motivo=PDF sem texto extraível; pode ser escaneado
08/09/2026 10:16:07 | WARNING | PDF não indexado | arquivo=F:\Documentos\Rafael\AGROPECUARIA TRANSCERRADO\CONTRATOS (Atas, AFAC, etc)\ASSINADOS\AFAC - Atilio x Agrop. Transcerrado - R$ 4.875.000,00 - 05.2024.pdf | motivo=PDF sem texto extraível; pode ser escaneado
08/09/2026 10:16:07 | WARNING | PDF não indexado | arquivo=F:\Documentos\Rafael\AGROPECUARIA TRANSCERRADO\CONTRATOS (Atas, AFAC, etc)\ASSINADOS\AFAC - Atilio x Agrop. Transcerrado - R$ 6.604.875,63 - 04.2023.pdf | motivo=PDF sem texto extraível; pode ser escaneado
08/09/2026 10:16:07 | WARNING | PDF não indexado | arquivo=F:\Documentos\Rafael\AGROPECUARIA TRANSCERRADO\CONTRATOS (Atas, AFAC, etc)\ASSINADOS\AFAC - Edevaldo x Agrop. Transcerrado - R$ 4.875.000,00 - 05.2024.pdf | motivo=PDF sem texto extraível; pode ser escaneado
08/09/2026 10:16:07 | WARNING | PDF não indexado | arquivo=F:\Documentos\Rafael\AGROPECUARIA TRANSCERRADO\CONTRATOS (Atas, AFAC, etc)\ASSINADOS\AFAC - Edevaldo x Agrop. Transcerrado - R$ 6.604.875,63 - 04.2023.pdf | motivo=PDF sem texto extraível; pode ser escaneado
08/09/2026 10:16:07 | WARNING | PDF não indexado | arquivo=F:\Documentos\Rafael\AGROPECUARIA TRANSCERRADO\CONTRATOS (Atas, AFAC, etc)\ASSINADOS\AFAC - Paulo x Agrop. Transcerrado - R$ 4.875.000,00 - 05.2024.pdf | motivo=PDF sem texto extraível; pode ser escaneado
08/09/2026 10:16:07 | WARNING | PDF não indexado | arquivo=F:\Documentos\Rafael\AGROPECUARIA TRANSCERRADO\CONTRATOS (Atas, AFAC, etc)\ASSINADOS\AFAC - Paulo x Agrop. Transcerrado - R$ 6.604.875,63 - 04.2023.pdf | motivo=PDF sem texto extraível; pode ser escaneado
08/09/2026 10:16:07 | WARNING | PDF não indexado | arquivo=F:\Documentos\Rafael\AGROPECUARIA TRANSCERRADO\CONTRATOS (Atas, AFAC, etc)\ASSINADOS\AFAC - Valdocir x Agrop. Transcerrado - R$ 4.875.000,00 - 05.2024.pdf | motivo=PDF sem texto extraível; pode ser escaneado
08/09/2026 10:16:07 | WARNING | PDF não indexado | arquivo=F:\Documentos\Rafael\AGROPECUARIA TRANSCERRADO\CONTRATOS (Atas, AFAC, etc)\ASSINADOS\AFAC - Valdocir x Agrop. Transcerrado - R$ 6.604.875,63 - 04.2023.pdf | motivo=PDF sem texto extraível; pode ser escaneado
08/09/2026 10:16:07 | WARNING | PDF não indexado | arquivo=F:\Documentos\Rafael\AGROPECUARIA TRANSCERRADO\CONTRATOS (Atas, AFAC, etc)\ASSINADOS\ATA REUNIÃO - REALIZAR AFAC - R$ 19.500.000,00 - 05.2024.pdf | motivo=PDF sem texto extraível; pode ser escaneado
08/09/2026 10:16:07 | WARNING | PDF não indexado | arquivo=F:\Documentos\Rafael\AGROPECUARIA TRANSCERRADO\CONTRATOS (Atas, AFAC, etc)\ASSINADOS\ATA REUNIÃO - REALIZAR AFAC - R$ 26.419.502,52 - 04.2023.pdf | motivo=PDF sem texto extraível; pode ser escaneado
08/09/2026 10:16:07 | INFO | Indexação em andamento | 11400 de 27964 PDFs
08/09/2026 10:16:07 | WARNING | PDF não indexado | arquivo=F:\Documentos\Rafael\AGROPECUARIA TRANSCERRADO\INSCRIÇÃO IMOBILIARIA - ENDEREÇO NOVO.pdf | motivo=PDF sem texto extraível; pode ser escaneado
08/09/2026 10:16:13 | WARNING | PDF não indexado | arquivo=F:\Documentos\Rafael\AGROPECUARIA UNIAO DO NORTE\ALVARA DOS BOMBEIROS.pdf | motivo=PDF sem texto extraível; pode ser escaneado
08/09/2026 10:16:14 | WARNING | PDF não indexado | arquivo=F:\Documentos\Rafael\AGROPECUARIA UNIAO DO NORTE\DOCUMENTOS - DELCI.pdf | motivo=PDF sem texto extraível; pode ser escaneado
08/09/2026 10:16:14 | WARNING | PDF não indexado | arquivo=F:\Documentos\Rafael\AGROPECUARIA UNIAO DO NORTE\DOCUMENTOS GISSELI.pdf | motivo=PDF sem texto extraível; pode ser escaneado
08/09/2026 10:16:15 | WARNING | PDF não indexado | arquivo=F:\Documentos\Rafael\AGROPECUARIA UNIAO DO NORTE\TAC 2024 - Posto Dalas.pdf | motivo=PDF sem texto extraível; pode ser escaneado
08/09/2026 10:16:18 | WARNING | PDF não indexado | arquivo=F:\Documentos\Rafael\AGROPECUARIA VALDAMERI\CARTÓRIO\ITBI - DECLARAÇÕES NÃO INCIDÊNCIA - NOVA UBIRATÃ.pdf | motivo=PDF sem texto extraível; pode ser escaneado
08/09/2026 10:16:25 | WARNING | PDF não indexado | arquivo=F:\Documentos\Rafael\AGROPECUARIA VALDAMERI\DOCUMENTOS CLAIR.pdf | motivo=PDF sem texto extraível; pode ser escaneado
08/09/2026 10:16:27 | WARNING | PDF não indexado | arquivo=F:\Documentos\Rafael\AGROPECUARIA VALDAMERI\MATRICULAS\Matricula 3.533 NOVA UBIRATÃ.pdf | motivo=PDF sem texto extraível; pode ser escaneado
08/09/2026 10:16:27 | WARNING | PDF não indexado | arquivo=F:\Documentos\Rafael\AGROPECUARIA VALDAMERI\MATRICULAS\Matricula 3.535 NOVA UBIRATÃ.pdf | motivo=PDF sem texto extraível; pode ser escaneado
08/09/2026 10:16:28 | WARNING | PDF não indexado | arquivo=F:\Documentos\Rafael\AGROPECUARIA VALDAMERI\MATRICULAS\Matricula 3.537 NOVA UBIRATÃ.pdf | motivo=PDF sem texto extraível; pode ser escaneado
08/09/2026 10:16:28 | INFO | Indexação em andamento | 11500 de 27964 PDFs
08/09/2026 10:16:29 | WARNING | PDF não indexado | arquivo=F:\Documentos\Rafael\AGROPECUARIA VALE DO JURUENA\CONTRATO ARRENDAMENTO - NEI x FOURCE.pdf | motivo=PDF sem texto extraível; pode ser escaneado
08/09/2026 10:16:29 | WARNING | PDF não indexado | arquivo=F:\Documentos\Rafael\AGROPECUARIA VALE DO JURUENA\DOCUMENTO SOCIO - DURVAL.pdf | motivo=PDF sem texto extraível; pode ser escaneado
08/09/2026 10:16:30 | WARNING | PDF não indexado | arquivo=F:\Documentos\Rafael\AGROPECUARIA VALE DO JURUENA\MATRÍCULAS\Matrícula 2.773.pdf | motivo=PDF sem texto extraível; pode ser escaneado
08/09/2026 10:16:30 | WARNING | PDF não indexado | arquivo=F:\Documentos\Rafael\AGROPECUARIA VALE DO JURUENA\MATRÍCULAS\Matrícula 2.774.pdf | motivo=PDF sem texto extraível; pode ser escaneado
08/09/2026 10:16:31 | WARNING | PDF não indexado | arquivo=F:\Documentos\Rafael\AGROPECUARIA VALE DO JURUENA\MATRÍCULAS\Matrícula 2.775.pdf | motivo=PDF sem texto extraível; pode ser escaneado
08/09/2026 10:16:31 | WARNING | PDF não indexado | arquivo=F:\Documentos\Rafael\AGROPECUARIA VALE DO JURUENA\MATRÍCULAS\Matrícula 2.776.pdf | motivo=PDF sem texto extraível; pode ser escaneado
08/09/2026 10:16:31 | WARNING | PDF não indexado | arquivo=F:\Documentos\Rafael\AGROPECUARIA VALE DO JURUENA\MATRÍCULAS\Matrícula 2.777.pdf | motivo=PDF sem texto extraível; pode ser escaneado
08/09/2026 10:16:31 | WARNING | PDF não indexado | arquivo=F:\Documentos\Rafael\AGROPECUARIA VALE DO JURUENA\MATRÍCULAS\Matrícula 2.778.pdf | motivo=PDF sem texto extraível; pode ser escaneado
08/09/2026 10:16:31 | WARNING | PDF não indexado | arquivo=F:\Documentos\Rafael\AGROPECUARIA VALE DO JURUENA\MATRÍCULAS\Matrícula 2.779.pdf | motivo=PDF sem texto extraível; pode ser escaneado
08/09/2026 10:16:32 | WARNING | PDF não indexado | arquivo=F:\Documentos\Rafael\AGROPECUARIA VALE DO JURUENA\MATRÍCULAS\Matrícula 2.780.pdf | motivo=PDF sem texto extraível; pode ser escaneado
08/09/2026 10:16:32 | WARNING | PDF não indexado | arquivo=F:\Documentos\Rafael\AGROPECUARIA VALE DO JURUENA\MATRÍCULAS\Matrícula 2.781.pdf | motivo=PDF sem texto extraível; pode ser escaneado
08/09/2026 10:16:32 | WARNING | PDF não indexado | arquivo=F:\Documentos\Rafael\AGROPECUARIA VALE DO JURUENA\MATRÍCULAS\Matrícula 2.782.pdf | motivo=PDF sem texto extraível; pode ser escaneado
08/09/2026 10:16:32 | WARNING | PDF não indexado | arquivo=F:\Documentos\Rafael\AGROPECUARIA VALE DO JURUENA\MATRÍCULAS\Matrícula 2.783.pdf | motivo=PDF sem texto extraível; pode ser escaneado
08/09/2026 10:16:32 | WARNING | PDF não indexado | arquivo=F:\Documentos\Rafael\AGROPECUARIA VALE DO JURUENA\MATRÍCULAS\Matrícula 2.784.pdf | motivo=PDF sem texto extraível; pode ser escaneado
08/09/2026 10:16:33 | WARNING | PDF não indexado | arquivo=F:\Documentos\Rafael\AGROPECUARIA VALE DO JURUENA\MATRÍCULAS\Matrícula 2.785.pdf | motivo=PDF sem texto extraível; pode ser escaneado
08/09/2026 10:16:33 | WARNING | PDF não indexado | arquivo=F:\Documentos\Rafael\AGROPECUARIA VALE DO JURUENA\MATRÍCULAS\Matrícula 2.786.pdf | motivo=PDF sem texto extraível; pode ser escaneado
08/09/2026 10:16:33 | WARNING | PDF não indexado | arquivo=F:\Documentos\Rafael\AGROPECUARIA VALE DO JURUENA\MATRÍCULAS\Matrícula 2.787.pdf | motivo=PDF sem texto extraível; pode ser escaneado
08/09/2026 10:16:33 | WARNING | PDF não indexado | arquivo=F:\Documentos\Rafael\AGROPECUARIA VALE DO JURUENA\MATRÍCULAS\Matrícula 2.788.pdf | motivo=PDF sem texto extraível; pode ser escaneado
08/09/2026 10:16:33 | WARNING | PDF não indexado | arquivo=F:\Documentos\Rafael\AGROPECUARIA VALE DO JURUENA\MATRÍCULAS\Matrícula 2.789.pdf | motivo=PDF sem texto extraível; pode ser escaneado
08/09/2026 10:16:34 | WARNING | PDF não indexado | arquivo=F:\Documentos\Rafael\AGROPECUARIA VALE DO JURUENA\MATRÍCULAS\Matrícula 2.790.pdf | motivo=PDF sem texto extraível; pode ser escaneado
08/09/2026 10:16:34 | WARNING | PDF não indexado | arquivo=F:\Documentos\Rafael\AGROPECUARIA VALE DO JURUENA\MATRÍCULAS\Matrícula 2.791.pdf | motivo=PDF sem texto extraível; pode ser escaneado
08/09/2026 10:16:34 | WARNING | PDF não indexado | arquivo=F:\Documentos\Rafael\AGROPECUARIA VALE DO JURUENA\MATRÍCULAS\Matrícula 2.792.pdf | motivo=PDF sem texto extraível; pode ser escaneado
08/09/2026 10:16:34 | WARNING | PDF não indexado | arquivo=F:\Documentos\Rafael\AGROPECUARIA VALE DO JURUENA\MATRÍCULAS\Matrícula 2.793.pdf | motivo=PDF sem texto extraível; pode ser escaneado
08/09/2026 10:16:34 | WARNING | PDF não indexado | arquivo=F:\Documentos\Rafael\AGROPECUARIA VALE DO JURUENA\MATRÍCULAS\Matrícula 2.794.pdf | motivo=PDF sem texto extraível; pode ser escaneado
08/09/2026 10:16:35 | WARNING | PDF não indexado | arquivo=F:\Documentos\Rafael\AGROPECUARIA VALE DO JURUENA\MATRÍCULAS\Matrícula 2.795.pdf | motivo=PDF sem texto extraível; pode ser escaneado
08/09/2026 10:16:35 | WARNING | PDF não indexado | arquivo=F:\Documentos\Rafael\AGROPECUARIA VALE DO JURUENA\MATRÍCULAS\Matrícula 2.796.pdf | motivo=PDF sem texto extraível; pode ser escaneado
08/09/2026 10:16:36 | WARNING | PDF não indexado | arquivo=F:\Documentos\Rafael\AGROPECUARIA VALE DO SOL\CONTRATO SOCIAL - 10º ALT.pdf | motivo=PDF sem texto extraível; pode ser escaneado
08/09/2026 10:16:37 | WARNING | PDF não indexado | arquivo=F:\Documentos\Rafael\AGROPECUARIA VALE DO SOL\CONTRATO SOCIAL - 11º ALT.pdf | motivo=PDF sem texto extraível; pode ser escaneado
08/09/2026 10:16:37 | WARNING | PDF não indexado | arquivo=F:\Documentos\Rafael\AGROPECUARIA VALE DO SOL\CONTRATO SOCIAL - 12º ALT.pdf | motivo=PDF sem texto extraível; pode ser escaneado
08/09/2026 10:16:37 | WARNING | PDF não indexado | arquivo=F:\Documentos\Rafael\AGROPECUARIA VALE DO SOL\CONTRATO SOCIAL - 13º ALT.pdf | motivo=PDF sem texto extraível; pode ser escaneado
08/09/2026 10:16:37 | WARNING | PDF não indexado | arquivo=F:\Documentos\Rafael\AGROPECUARIA VALE DO SOL\CONTRATO SOCIAL - 14º ALT.pdf | motivo=PDF sem texto extraível; pode ser escaneado
08/09/2026 10:16:39 | WARNING | PDF não indexado | arquivo=F:\Documentos\Rafael\AGROPECUARIA VALE DO SOL\CONTRATO SOCIAL - 1º ALT.pdf | motivo=PDF sem texto extraível; pode ser escaneado
08/09/2026 10:16:39 | WARNING | PDF não indexado | arquivo=F:\Documentos\Rafael\AGROPECUARIA VALE DO SOL\CONTRATO SOCIAL - 2º ALT.pdf | motivo=PDF sem texto extraível; pode ser escaneado
08/09/2026 10:16:39 | WARNING | PDF não indexado | arquivo=F:\Documentos\Rafael\AGROPECUARIA VALE DO SOL\CONTRATO SOCIAL - 3º ALT.pdf | motivo=PDF sem texto extraível; pode ser escaneado
08/09/2026 10:16:39 | WARNING | PDF não indexado | arquivo=F:\Documentos\Rafael\AGROPECUARIA VALE DO SOL\CONTRATO SOCIAL - 4º ALT.pdf | motivo=PDF sem texto extraível; pode ser escaneado
08/09/2026 10:16:39 | WARNING | PDF não indexado | arquivo=F:\Documentos\Rafael\AGROPECUARIA VALE DO SOL\CONTRATO SOCIAL - 5º ALT.pdf | motivo=PDF sem texto extraível; pode ser escaneado
08/09/2026 10:16:40 | WARNING | PDF não indexado | arquivo=F:\Documentos\Rafael\AGROPECUARIA VALE DO SOL\CONTRATO SOCIAL - 6º ALT.pdf | motivo=PDF sem texto extraível; pode ser escaneado
08/09/2026 10:16:40 | WARNING | PDF não indexado | arquivo=F:\Documentos\Rafael\AGROPECUARIA VALE DO SOL\CONTRATO SOCIAL - 7º ALT.pdf | motivo=PDF sem texto extraível; pode ser escaneado
08/09/2026 10:16:40 | WARNING | PDF não indexado | arquivo=F:\Documentos\Rafael\AGROPECUARIA VALE DO SOL\CONTRATO SOCIAL - 8º ALT.pdf | motivo=PDF sem texto extraível; pode ser escaneado
08/09/2026 10:16:40 | WARNING | PDF não indexado | arquivo=F:\Documentos\Rafael\AGROPECUARIA VALE DO SOL\CONTRATO SOCIAL - 9º ALT.pdf | motivo=PDF sem texto extraível; pode ser escaneado
08/09/2026 10:16:41 | WARNING | PDF não indexado | arquivo=F:\Documentos\Rafael\AGROPECUARIA VALE DO SOL\CONTRATO SOCIAL - CONSTITUIÇÃO.pdf | motivo=PDF sem texto extraível; pode ser escaneado
08/09/2026 10:16:41 | WARNING | PDF não indexado | arquivo=F:\Documentos\Rafael\AGROPECUARIA VALE DO SOL\DOCUMENTO - DANIEL (GISSELI).pdf | motivo=PDF sem texto extraível; pode ser escaneado
08/09/2026 10:16:41 | WARNING | PDF não indexado | arquivo=F:\Documentos\Rafael\AGROPECUARIA VALE DO SOL\DOCUMENTO - GISSELI.pdf | motivo=PDF sem texto extraível; pode ser escaneado
08/09/2026 10:16:41 | WARNING | PDF não indexado | arquivo=F:\Documentos\Rafael\AGROPECUARIA VALE DO SOL\DOCUMENTO - VALDIR.pdf | motivo=PDF sem texto extraível; pode ser escaneado
08/09/2026 10:16:41 | WARNING | PDF não indexado | arquivo=F:\Documentos\Rafael\AGROPECUARIA VALE DO SOL\DOCUMENTO - VALENTIN.pdf | motivo=PDF sem texto extraível; pode ser escaneado
08/09/2026 10:16:41 | WARNING | PDF não indexado | arquivo=F:\Documentos\Rafael\AGROPECUARIA VALE DO SOL\DOCUMENTO CERTIDÃO CASAMENTO - GISSELI.pdf | motivo=PDF sem texto extraível; pode ser escaneado
08/09/2026 10:16:44 | WARNING | PDF não indexado | arquivo=F:\Documentos\Rafael\AGROPECUÁRIA 3 MARIAS\DOCUMENTOS AMARILDO.pdf | motivo=PDF sem texto extraível; pode ser escaneado
08/09/2026 10:16:44 | WARNING | PDF não indexado | arquivo=F:\Documentos\Rafael\AGROPECUÁRIA 3 MARIAS\DOCUMENTOS MARIA LISETE.pdf | motivo=PDF sem texto extraível; pode ser escaneado
08/09/2026 10:16:44 | WARNING | PDF não indexado | arquivo=F:\Documentos\Rafael\AGROPECUÁRIA 3 MARIAS\INSCRIÇÃO ESTADUAL\CONTRATO PARTICULAR DE COMODATO DE IMÓVEL RURAL PARA FINS DE EXPLORAÇÃO AGRICOLA.pdf | motivo=PDF sem texto extraível; pode ser escaneado
08/09/2026 10:16:45 | WARNING | PDF não indexado | arquivo=F:\Documentos\Rafael\AGROPECUÁRIA 3 MARIAS\INSCRIÇÃO ESTADUAL\FAC ASSINADA.pdf | motivo=PDF sem texto extraível; pode ser escaneado
08/09/2026 10:16:45 | WARNING | PDF não indexado | arquivo=F:\Documentos\Rafael\AGROPECUÁRIA 3 MARIAS\INSCRIÇÃO ESTADUAL\MATRICULA.pdf | motivo=PDF sem texto extraível; pode ser escaneado
08/09/2026 10:16:45 | WARNING | PDF não indexado | arquivo=F:\Documentos\Rafael\AGROPECUÁRIA 3 MARIAS\INSCRIÇÃO ESTADUAL\TERMO DE OPÇÃO PARA REALIZAÇÃO DE OPERAÇÃO-PRESTAÇÃO COM DIFERIMENTO DO ICMS.pdf | motivo=PDF sem texto extraível; pode ser escaneado
08/09/2026 10:16:46 | WARNING | PDF não indexado | arquivo=F:\Documentos\Rafael\AGROPECUÁRIA 3 MARIAS\MATRICULA.pdf | motivo=PDF sem texto extraível; pode ser escaneado
08/09/2026 10:16:46 | INFO | Indexação em andamento | 11600 de 27964 PDFs
08/09/2026 10:16:47 | WARNING | PDF não indexado | arquivo=F:\Documentos\Rafael\AGROPECUÁRIA AGUA LINDA\AGROPECUARIA BACAERI LTDA\DOCUMENTO - ALINE.pdf | motivo=PDF sem texto extraível; pode ser escaneado
08/09/2026 10:16:48 | WARNING | PDF não indexado | arquivo=F:\Documentos\Rafael\AGROPECUÁRIA AGUA LINDA\AGROPECUARIA BACAERI LTDA\DOCUMENTO - CERTIDÃO CASAMENTO.pdf | motivo=PDF sem texto extraível; pode ser escaneado
08/09/2026 10:16:49 | WARNING | PDF não indexado | arquivo=F:\Documentos\Rafael\AGROPECUÁRIA AGUA LINDA\AGROPECUARIA CASCATA\DOCUMENTOS  - DOMINGOS.pdf | motivo=PDF sem texto extraível; pode ser escaneado
08/09/2026 10:16:49 | WARNING | PDF não indexado | arquivo=F:\Documentos\Rafael\AGROPECUÁRIA AGUA LINDA\AGROPECUARIA CASCATA\MATRICULA 19.438.pdf | motivo=PDF sem texto extraível; pode ser escaneado
08/09/2026 10:16:54 | WARNING | PDF não indexado | arquivo=F:\Documentos\Rafael\AGROPECUÁRIA AGUA LINDA\AGROPECUÁRIA CELESTE  (AGROP. POR DO SOL)\CONSTITUIÇÃO\PGTO GUIAS.pdf | motivo=PDF sem texto extraível; pode ser escaneado
08/09/2026 10:16:58 | WARNING | PDF não indexado | arquivo=F:\Documentos\Rafael\AGROPECUÁRIA AGUA LINDA\AGROPECUÁRIA CELESTE  (AGROP. POR DO SOL)\DOCUMENTOS  - CRISTIANE.pdf | motivo=PDF sem texto extraível; pode ser escaneado
08/09/2026 10:16:58 | WARNING | PDF não indexado | arquivo=F:\Documentos\Rafael\AGROPECUÁRIA AGUA LINDA\AGROPECUÁRIA CELESTE  (AGROP. POR DO SOL)\DOCUMENTOS - CERTIDÃO CASAMENTO CELSO.pdf | motivo=PDF sem texto extraível; pode ser escaneado
08/09/2026 10:16:58 | WARNING | PDF não indexado | arquivo=F:\Documentos\Rafael\AGROPECUÁRIA AGUA LINDA\AGROPECUÁRIA CELESTE  (AGROP. POR DO SOL)\DOCUMENTOS NELSO.pdf | motivo=PDF sem texto extraível; pode ser escaneado
08/09/2026 10:16:58 | WARNING | PDF não indexado | arquivo=F:\Documentos\Rafael\AGROPECUÁRIA AGUA LINDA\AGROPECUÁRIA CELESTE  (AGROP. POR DO SOL)\DOCUMENTOS SOCIOS   ADRIANA.pdf | motivo=PDF sem texto extraível; pode ser escaneado
08/09/2026 10:16:58 | WARNING | PDF não indexado | arquivo=F:\Documentos\Rafael\AGROPECUÁRIA AGUA LINDA\AGROPECUÁRIA CELESTE  (AGROP. POR DO SOL)\DOCUMENTOS SOCIOS  FELIPE.pdf | motivo=PDF sem texto extraível; pode ser escaneado
08/09/2026 10:16:58 | WARNING | PDF não indexado | arquivo=F:\Documentos\Rafael\AGROPECUÁRIA AGUA LINDA\AGROPECUÁRIA CELESTE  (AGROP. POR DO SOL)\DOCUMENTOS SOCIOS  FELIPEpdfa.pdf | motivo=PDF sem texto extraível; pode ser escaneado
08/09/2026 10:16:59 | WARNING | PDF não indexado | arquivo=F:\Documentos\Rafael\AGROPECUÁRIA AGUA LINDA\AGROPECUÁRIA CELESTE  (AGROP. POR DO SOL)\INSCRIÇÃO ESTADUAL\FAC ASSINADA.pdf | motivo=PDF sem texto extraível; pode ser escaneado
08/09/2026 10:17:00 | WARNING | PDF não indexado | arquivo=F:\Documentos\Rafael\AGROPECUÁRIA AGUA LINDA\AGROPECUÁRIA CELESTE  (AGROP. POR DO SOL)\INSCRIÇÃO ESTADUAL\TERMO DE OPÇÃO.pdf | motivo=PDF sem texto extraível; pode ser escaneado
08/09/2026 10:17:00 | WARNING | PDF não indexado | arquivo=F:\Documentos\Rafael\AGROPECUÁRIA AGUA LINDA\AGROPECUÁRIA CELESTE  (AGROP. POR DO SOL)\MATRÍCULA 1048.pdf | motivo=PDF sem texto extraível; pode ser escaneado
08/09/2026 10:17:00 | WARNING | PDF não indexado | arquivo=F:\Documentos\Rafael\AGROPECUÁRIA AGUA LINDA\AGROPECUÁRIA CELESTE  (AGROP. POR DO SOL)\MATRÍCULA 1049.pdf | motivo=PDF sem texto extraível; pode ser escaneado
08/09/2026 10:17:00 | WARNING | PDF não indexado | arquivo=F:\Documentos\Rafael\AGROPECUÁRIA AGUA LINDA\AGROPECUÁRIA CELESTE  (AGROP. POR DO SOL)\MATRÍCULA 1051.pdf | motivo=PDF sem texto extraível; pode ser escaneado
08/09/2026 10:17:00 | WARNING | PDF não indexado | arquivo=F:\Documentos\Rafael\AGROPECUÁRIA DAROIT\5º ALTERAÇÃO\1170.pdf | motivo=PDF sem texto extraível; pode ser escaneado
08/09/2026 10:17:01 | WARNING | PDF não indexado | arquivo=F:\Documentos\Rafael\AGROPECUÁRIA DAROIT\5º ALTERAÇÃO\1171.pdf | motivo=PDF sem texto extraível; pode ser escaneado
08/09/2026 10:17:01 | WARNING | PDF não indexado | arquivo=F:\Documentos\Rafael\AGROPECUÁRIA DAROIT\5º ALTERAÇÃO\1172.pdf | motivo=PDF sem texto extraível; pode ser escaneado
08/09/2026 10:17:01 | INFO | Indexação em andamento | 11700 de 27964 PDFs
08/09/2026 10:17:06 | WARNING | PDF não indexado | arquivo=F:\Documentos\Rafael\AGROPECUÁRIA DAROIT\CERTIDAO DIVORCIO - MARCELLA.pdf | motivo=PDF sem texto extraível; pode ser escaneado
08/09/2026 10:17:07 | WARNING | PDF não indexado | arquivo=F:\Documentos\Rafael\AGROPECUÁRIA DAROIT\CONTRATO SOCIAL - 2º ALT c.pdf | motivo=PDF sem texto extraível; pode ser escaneado
08/09/2026 10:17:07 | WARNING | PDF não indexado | arquivo=F:\Documentos\Rafael\AGROPECUÁRIA DAROIT\CONTRATO SOCIAL - 2º ALT.pdf | motivo=PDF sem texto extraível; pode ser escaneado
08/09/2026 10:17:07 | WARNING | PDF não indexado | arquivo=F:\Documentos\Rafael\AGROPECUÁRIA DAROIT\CONTRATO SOCIAL - 3º ALT.pdf | motivo=PDF sem texto extraível; pode ser escaneado
08/09/2026 10:17:07 | WARNING | PDF não indexado | arquivo=F:\Documentos\Rafael\AGROPECUÁRIA DAROIT\CONTRATO SOCIAL - 4º ALT.pdf | motivo=PDF sem texto extraível; pode ser escaneado
08/09/2026 10:17:11 | WARNING | PDF não indexado | arquivo=F:\Documentos\Rafael\AGROPECUÁRIA DAROIT\DOCUMENTOS - CLAUDIA DAROIT.pdf | motivo=PDF sem texto extraível; pode ser escaneado
08/09/2026 10:17:12 | WARNING | PDF não indexado | arquivo=F:\Documentos\Rafael\AGROPECUÁRIA DAROIT\DOCUMENTOS - CRISTIANE DAROIT.pdf | motivo=PDF sem texto extraível; pode ser escaneado
08/09/2026 10:17:12 | WARNING | PDF não indexado | arquivo=F:\Documentos\Rafael\AGROPECUÁRIA DAROIT\DOCUMENTOS - MARCELA.pdf | motivo=PDF sem texto extraível; pode ser escaneado
08/09/2026 10:17:12 | WARNING | PDF não indexado | arquivo=F:\Documentos\Rafael\AGROPECUÁRIA DAROIT\DOCUMENTOS - PAULA.pdf | motivo=PDF sem texto extraível; pode ser escaneado
08/09/2026 10:17:12 | WARNING | PDF não indexado | arquivo=F:\Documentos\Rafael\AGROPECUÁRIA DAROIT\DOCUMENTOS ELIRIO.pdf | motivo=PDF sem texto extraível; pode ser escaneado
08/09/2026 10:17:12 | WARNING | PDF não indexado | arquivo=F:\Documentos\Rafael\AGROPECUÁRIA DAROIT\DOCUMENTOS ELPIDIO.pdf | motivo=PDF sem texto extraível; pode ser escaneado
08/09/2026 10:17:12 | WARNING | PDF não indexado | arquivo=F:\Documentos\Rafael\AGROPECUÁRIA DAROIT\DOCUMENTOS LEILA.pdf | motivo=PDF sem texto extraível; pode ser escaneado
08/09/2026 10:17:12 | WARNING | PDF não indexado | arquivo=F:\Documentos\Rafael\AGROPECUÁRIA DAROIT\DOCUMENTOS VALDIR.pdf | motivo=PDF sem texto extraível; pode ser escaneado
08/09/2026 10:17:13 | WARNING | PDF não indexado | arquivo=F:\Documentos\Rafael\AGROPECUÁRIA DAROIT\INSCRIÇÃO ESTADUAL\FAC.pdf | motivo=PDF sem texto extraível; pode ser escaneado
08/09/2026 10:17:13 | WARNING | PDF não indexado | arquivo=F:\Documentos\Rafael\AGROPECUÁRIA DAROIT\INTIMAÇÃO - MADEIREIRA PINHALÃO\CONTRATO DE ARRENDAMENTO - Madeireira x Valdir.pdf | motivo=PDF sem texto extraível; pode ser escaneado
08/09/2026 10:17:13 | WARNING | PDF não indexado | arquivo=F:\Documentos\Rafael\AGROPECUÁRIA DAROIT\INTIMAÇÃO - MADEIREIRA PINHALÃO\NOTA PROMISSÓRIA.pdf | motivo=PDF sem texto extraível; pode ser escaneado
08/09/2026 10:17:14 | WARNING | PDF não indexado | arquivo=F:\Documentos\Rafael\AGROPECUÁRIA DAROIT\MATRÍCULAS\Mat 46.645.pdf | motivo=PDF sem texto extraível; pode ser escaneado
08/09/2026 10:17:14 | WARNING | PDF não indexado | arquivo=F:\Documentos\Rafael\AGROPECUÁRIA DAROIT\MATRÍCULAS\Mat 52.812.pdf | motivo=PDF sem texto extraível; pode ser escaneado
08/09/2026 10:17:15 | WARNING | PDF não indexado | arquivo=F:\Documentos\Rafael\AGROPECUÁRIA DAROIT\MATRÍCULAS\MATRICULA 1170.pdf | motivo=PDF sem texto extraível; pode ser escaneado
08/09/2026 10:17:15 | WARNING | PDF não indexado | arquivo=F:\Documentos\Rafael\AGROPECUÁRIA DAROIT\MATRÍCULAS\MATRICULA 1171.pdf | motivo=PDF sem texto extraível; pode ser escaneado
08/09/2026 10:17:16 | WARNING | PDF não indexado | arquivo=F:\Documentos\Rafael\AGROPECUÁRIA DAROIT\MATRÍCULAS\MATRICULA 1172.pdf | motivo=PDF sem texto extraível; pode ser escaneado
08/09/2026 10:17:16 | WARNING | PDF não indexado | arquivo=F:\Documentos\Rafael\AGROPECUÁRIA DAROIT\MATRÍCULAS\MATRICULA 1440.pdf | motivo=PDF sem texto extraível; pode ser escaneado
08/09/2026 10:17:16 | WARNING | PDF não indexado | arquivo=F:\Documentos\Rafael\AGROPECUÁRIA DAROIT\MATRÍCULAS\MATRICULA 1441.pdf | motivo=PDF sem texto extraível; pode ser escaneado
08/09/2026 10:17:17 | WARNING | PDF não indexado | arquivo=F:\Documentos\Rafael\AGROPECUÁRIA DAROIT\MATRÍCULAS\MATRICULA 1442.pdf | motivo=PDF sem texto extraível; pode ser escaneado
08/09/2026 10:17:17 | WARNING | PDF não indexado | arquivo=F:\Documentos\Rafael\AGROPECUÁRIA DAROIT\MATRÍCULAS\MATRICULA 1443.pdf | motivo=PDF sem texto extraível; pode ser escaneado
08/09/2026 10:17:17 | WARNING | PDF não indexado | arquivo=F:\Documentos\Rafael\AGROPECUÁRIA DAROIT\MATRÍCULAS\MATRICULA 1444.pdf | motivo=PDF sem texto extraível; pode ser escaneado
08/09/2026 10:17:17 | WARNING | PDF não indexado | arquivo=F:\Documentos\Rafael\AGROPECUÁRIA DAROIT\MATRÍCULAS\MATRICULA 1445.pdf | motivo=PDF sem texto extraível; pode ser escaneado
08/09/2026 10:17:18 | WARNING | PDF não indexado | arquivo=F:\Documentos\Rafael\AGROPECUÁRIA DAROIT\MATRÍCULAS\MATRICULA 1446.pdf | motivo=PDF sem texto extraível; pode ser escaneado
08/09/2026 10:17:18 | WARNING | PDF não indexado | arquivo=F:\Documentos\Rafael\AGROPECUÁRIA DAROIT\MATRÍCULAS\MATRICULA 1447.pdf | motivo=PDF sem texto extraível; pode ser escaneado
08/09/2026 10:17:19 | WARNING | PDF não indexado | arquivo=F:\Documentos\Rafael\AGROPECUÁRIA DAROIT\MATRÍCULAS\MATRICULA 1448.pdf | motivo=PDF sem texto extraível; pode ser escaneado
08/09/2026 10:17:19 | WARNING | PDF não indexado | arquivo=F:\Documentos\Rafael\AGROPECUÁRIA DAROIT\MATRÍCULAS\MATRICULA 1449.pdf | motivo=PDF sem texto extraível; pode ser escaneado
08/09/2026 10:17:20 | WARNING | PDF não indexado | arquivo=F:\Documentos\Rafael\AGROPECUÁRIA DAROIT\MATRÍCULAS\MATRICULA Nº 18718.pdf | motivo=PDF sem texto extraível; pode ser escaneado
08/09/2026 10:17:20 | WARNING | PDF não indexado | arquivo=F:\Documentos\Rafael\AGROPECUÁRIA DAROIT\MATRÍCULAS\MATRICULA Nº 18719.pdf | motivo=PDF sem texto extraível; pode ser escaneado
08/09/2026 10:17:23 | WARNING | PDF não indexado | arquivo=F:\Documentos\Rafael\AGROPECUÁRIA DAROIT\MATRÍCULAS\MATRÍCULAS.pdf | motivo=PDF sem texto extraível; pode ser escaneado
08/09/2026 10:17:24 | WARNING | PDF não indexado | arquivo=F:\Documentos\Rafael\AGROPECUÁRIA DAROIT\TERMO DE CIÊNCIA, RESPONSABILIDADE E FIEL DEPOSITÁRIO.pdf | motivo=PDF sem texto extraível; pode ser escaneado
08/09/2026 10:17:26 | INFO | Indexação em andamento | 11800 de 27964 PDFs
08/09/2026 10:17:27 | WARNING | PDF não indexado | arquivo=F:\Documentos\Rafael\AGROPECUÁRIA DE PARIS\DOCUMENTO SOCIO - ARY.pdf | motivo=PDF sem texto extraível; pode ser escaneado
08/09/2026 10:17:27 | WARNING | PDF não indexado | arquivo=F:\Documentos\Rafael\AGROPECUÁRIA DE PARIS\DOCUMENTOS CNH - ARI ELISANDRO.PDF | motivo=PDF sem texto extraível; pode ser escaneado
08/09/2026 10:17:27 | WARNING | PDF não indexado | arquivo=F:\Documentos\Rafael\AGROPECUÁRIA DE PARIS\DOCUMENTOS COMP END.  - ARI ELISANDRO.PDF | motivo=PDF sem texto extraível; pode ser escaneado
08/09/2026 10:17:28 | WARNING | PDF não indexado | arquivo=F:\Documentos\Rafael\AGROPECUÁRIA DE PARIS\DOCUMENTOS COMP END. - FERNANDA.PDF | motivo=PDF sem texto extraível; pode ser escaneado
08/09/2026 10:17:28 | WARNING | PDF não indexado | arquivo=F:\Documentos\Rafael\AGROPECUÁRIA DE PARIS\DOCUMENTOS CPF - DANIELA.PDF | motivo=PDF sem texto extraível; pode ser escaneado
08/09/2026 10:17:28 | WARNING | PDF não indexado | arquivo=F:\Documentos\Rafael\AGROPECUÁRIA DE PARIS\DOCUMENTOS CPF - DIANEI.PDF | motivo=PDF sem texto extraível; pode ser escaneado
08/09/2026 10:17:28 | WARNING | PDF não indexado | arquivo=F:\Documentos\Rafael\AGROPECUÁRIA DE PARIS\DOCUMENTOS CPF - FERNANDA.PDF | motivo=PDF sem texto extraível; pode ser escaneado
08/09/2026 10:17:28 | WARNING | PDF não indexado | arquivo=F:\Documentos\Rafael\AGROPECUÁRIA DE PARIS\DOCUMENTOS RG - ARI ELISSANDRO.PDF | motivo=PDF sem texto extraível; pode ser escaneado
08/09/2026 10:17:28 | WARNING | PDF não indexado | arquivo=F:\Documentos\Rafael\AGROPECUÁRIA DE PARIS\DOCUMENTOS RG - DANIELA.PDF | motivo=PDF sem texto extraível; pode ser escaneado
08/09/2026 10:17:28 | WARNING | PDF não indexado | arquivo=F:\Documentos\Rafael\AGROPECUÁRIA DE PARIS\DOCUMENTOS RG - DIANEI.PDF | motivo=PDF sem texto extraível; pode ser escaneado
08/09/2026 10:17:29 | WARNING | PDF não indexado | arquivo=F:\Documentos\Rafael\AGROPECUÁRIA DE PARIS\DOCUMENTOS RG - FERNANDA.PDF | motivo=PDF sem texto extraível; pode ser escaneado
08/09/2026 10:17:30 | WARNING | PDF não indexado | arquivo=F:\Documentos\Rafael\AGROPECUÁRIA DE PARIS\MATR. 5336 - 385,0475 ha, NOVA UBIRATA.pdf | motivo=PDF sem texto extraível; pode ser escaneado
08/09/2026 10:17:34 | WARNING | PDF não indexado | arquivo=F:\Documentos\Rafael\AGROPECUÁRIA IRMAOS MISSIO\1º ALTERAÇÃO\CONTRATO SOCIAL 1 ALT.pdf | motivo=PDF sem texto extraível; pode ser escaneado
08/09/2026 10:17:35 | WARNING | PDF não indexado | arquivo=F:\Documentos\Rafael\AGROPECUÁRIA IRMAOS MISSIO\1º ALTERAÇÃO\CONTRATO SOCIAL _ 1 ALT.pdf | motivo=PDF sem texto extraível; pode ser escaneado
08/09/2026 10:17:35 | WARNING | PDF não indexado | arquivo=F:\Documentos\Rafael\AGROPECUÁRIA IRMAOS MISSIO\1º ALTERAÇÃO\INTRUMENTO PARTICULAR DE DOACAO POR ATO INTER VIVOS.pdf | motivo=PDF sem texto extraível; pode ser escaneado
08/09/2026 10:17:37 | WARNING | PDF não indexado | arquivo=F:\Documentos\Rafael\AGROPECUÁRIA IRMAOS MISSIO\CARTÓRIO\CERTIDÃO CASAMENTO DORNELES E JANDIRA.pdf | motivo=PDF sem texto extraível; pode ser escaneado
08/09/2026 10:17:37 | WARNING | PDF não indexado | arquivo=F:\Documentos\Rafael\AGROPECUÁRIA IRMAOS MISSIO\CARTÓRIO\COMPROVANTE PAGAMENTO.pdf | motivo=PDF sem texto extraível; pode ser escaneado
08/09/2026 10:17:37 | WARNING | PDF não indexado | arquivo=F:\Documentos\Rafael\AGROPECUÁRIA IRMAOS MISSIO\CARTÓRIO\ESCRITURA PACTO ANTENUPCIAL.pdf | motivo=PDF sem texto extraível; pode ser escaneado
08/09/2026 10:17:37 | WARNING | PDF não indexado | arquivo=F:\Documentos\Rafael\AGROPECUÁRIA IRMAOS MISSIO\CARTÓRIO\PROTOCOLO CERTIDÃO SPU.pdf | motivo=PDF sem texto extraível; pode ser escaneado
08/09/2026 10:17:40 | WARNING | PDF não indexado | arquivo=F:\Documentos\Rafael\AGROPECUÁRIA IRMAOS MISSIO\DOCUMENTOS DORNELES.pdf | motivo=PDF sem texto extraível; pode ser escaneado
08/09/2026 10:17:40 | WARNING | PDF não indexado | arquivo=F:\Documentos\Rafael\AGROPECUÁRIA IRMAOS MISSIO\DOCUMENTOS JANDIRA.pdf | motivo=PDF sem texto extraível; pode ser escaneado
08/09/2026 10:17:40 | WARNING | PDF não indexado | arquivo=F:\Documentos\Rafael\AGROPECUÁRIA IRMAOS MISSIO\DOCUMENTOS ODONI.pdf | motivo=PDF sem texto extraível; pode ser escaneado
08/09/2026 10:17:41 | WARNING | PDF não indexado | arquivo=F:\Documentos\Rafael\AGROPECUÁRIA IRMAOS MISSIO\INSCRIÇÃO ESTADUAL\CONTRATO DE COMODATO.pdf | motivo=PDF sem texto extraível; pode ser escaneado
08/09/2026 10:17:41 | WARNING | PDF não indexado | arquivo=F:\Documentos\Rafael\AGROPECUÁRIA IRMAOS MISSIO\INSCRIÇÃO ESTADUAL\FAC ASSINADA.pdf | motivo=PDF sem texto extraível; pode ser escaneado
08/09/2026 10:17:41 | WARNING | PDF não indexado | arquivo=F:\Documentos\Rafael\AGROPECUÁRIA IRMAOS MISSIO\INSCRIÇÃO ESTADUAL\MATRICULA 56.287.pdf | motivo=PDF sem texto extraível; pode ser escaneado
08/09/2026 10:17:42 | WARNING | PDF não indexado | arquivo=F:\Documentos\Rafael\AGROPECUÁRIA IRMAOS MISSIO\INSCRIÇÃO ESTADUAL\TERMO DE OPÇÃO PARA REALIZAÇÃO DE OPERAÇÃO.pdf | motivo=PDF sem texto extraível; pode ser escaneado
08/09/2026 10:17:42 | WARNING | PDF não indexado | arquivo=F:\Documentos\Rafael\AGROPECUÁRIA IRMAOS MISSIO\MATRÍCULA\MATRICULA 56.287.pdf | motivo=PDF sem texto extraível; pode ser escaneado
08/09/2026 10:17:43 | INFO | Indexação em andamento | 11900 de 27964 PDFs
08/09/2026 10:17:48 | WARNING | PDF não indexado | arquivo=F:\Documentos\Rafael\AGROPECUÁRIA L. C. B\DOCUMENTOS LUIZ BEDIN.pdf | motivo=PDF sem texto extraível; pode ser escaneado
08/09/2026 10:17:48 | WARNING | PDF não indexado | arquivo=F:\Documentos\Rafael\AGROPECUÁRIA L. C. B\DOCUMENTOS ZULMIRA.pdf | motivo=PDF sem texto extraível; pode ser escaneado
08/09/2026 10:17:48 | WARNING | PDF não indexado | arquivo=F:\Documentos\Rafael\AGROPECUÁRIA L. C. B\INSCRIÇÃO ESTADUAL\FAC - ASSINADA.pdf | motivo=PDF sem texto extraível; pode ser escaneado
08/09/2026 10:17:49 | WARNING | PDF não indexado | arquivo=F:\Documentos\Rafael\AGROPECUÁRIA L. C. B\INSCRIÇÃO ESTADUAL\TERMO DE OPÇÃO PARA REALIZAÇÃO DE OPERAÇÃO COM DIFERIMENTO DO ICMS.pdf | motivo=PDF sem texto extraível; pode ser escaneado
08/09/2026 10:17:49 | WARNING | PDF não indexado | arquivo=F:\Documentos\Rafael\AGROPECUÁRIA L. C. B\MATRICULA 35.317.pdf | motivo=PDF sem texto extraível; pode ser escaneado
08/09/2026 10:17:52 | WARNING | PDF não indexado | arquivo=F:\Documentos\Rafael\AGROPECUÁRIA LAGOA SECA\ALVARÁ 2018.pdf | motivo=PDF sem texto extraível; pode ser escaneado
08/09/2026 10:17:52 | WARNING | PDF não indexado | arquivo=F:\Documentos\Rafael\AGROPECUÁRIA LAGOA SECA\CARTORIO\1 - MATRÍCULA.pdf | motivo=PDF sem texto extraível; pode ser escaneado
08/09/2026 10:17:52 | WARNING | PDF não indexado | arquivo=F:\Documentos\Rafael\AGROPECUÁRIA LAGOA SECA\CARTORIO\2 - ESCRITURA COMPRA E VENDA.pdf | motivo=PDF sem texto extraível; pode ser escaneado
08/09/2026 10:17:53 | WARNING | PDF não indexado | arquivo=F:\Documentos\Rafael\AGROPECUÁRIA LAGOA SECA\CARTORIO\4 - COMPROVANTE DE QUITAÇÃO E GUIA DE INFORMAÇÃO ITBI.pdf | motivo=PDF sem texto extraível; pode ser escaneado
08/09/2026 10:17:53 | WARNING | PDF não indexado | arquivo=F:\Documentos\Rafael\AGROPECUÁRIA LAGOA SECA\CARTORIO\MATRICULA ATUALIZADA.pdf | motivo=PDF sem texto extraível; pode ser escaneado
08/09/2026 10:17:53 | WARNING | PDF não indexado | arquivo=F:\Documentos\Rafael\AGROPECUÁRIA LAGOA SECA\CONTRATO SOCIAL - 1ª ALT.pdf | motivo=PDF sem texto extraível; pode ser escaneado
08/09/2026 10:17:54 | WARNING | PDF não indexado | arquivo=F:\Documentos\Rafael\AGROPECUÁRIA LAGOA SECA\CONTRATO SOCIAL - CONSTITUIÇÃO.pdf | motivo=PDF sem texto extraível; pode ser escaneado
08/09/2026 10:17:54 | WARNING | PDF não indexado | arquivo=F:\Documentos\Rafael\AGROPECUÁRIA LAGOA SECA\DOCUMENTOS - NELCI.pdf | motivo=PDF sem texto extraível; pode ser escaneado
08/09/2026 10:17:55 | WARNING | PDF não indexado | arquivo=F:\Documentos\Rafael\AGROPECUÁRIA LAGOA SECA\L.O AGROPECUARIA LAGOA SECA.pdf | motivo=PDF sem texto extraível; pode ser escaneado
08/09/2026 10:17:55 | WARNING | PDF não indexado | arquivo=F:\Documentos\Rafael\AGROPECUÁRIA LAGOA SECA\MATRICULA ATUALIZADA.pdf | motivo=PDF sem texto extraível; pode ser escaneado
08/09/2026 10:17:55 | WARNING | PDF não indexado | arquivo=F:\Documentos\Rafael\AGROPECUÁRIA LAGOA SECA\MATRÍCULA - GIL\Mat. 266.pdf | motivo=PDF sem texto extraível; pode ser escaneado
08/09/2026 10:17:55 | WARNING | PDF não indexado | arquivo=F:\Documentos\Rafael\AGROPECUÁRIA LAGOA SECA\MATRÍCULA - GIL\Mat. 294.pdf | motivo=PDF sem texto extraível; pode ser escaneado
08/09/2026 10:17:56 | WARNING | PDF não indexado | arquivo=F:\Documentos\Rafael\AGROPECUÁRIA LAGOA SECA\MATRÍCULA - GIL\Mat. 295.pdf | motivo=PDF sem texto extraível; pode ser escaneado
08/09/2026 10:17:56 | WARNING | PDF não indexado | arquivo=F:\Documentos\Rafael\AGROPECUÁRIA LAGOA SECA\MATRÍCULA - GIL\Mat. 296.pdf | motivo=PDF sem texto extraível; pode ser escaneado
08/09/2026 10:17:56 | WARNING | PDF não indexado | arquivo=F:\Documentos\Rafael\AGROPECUÁRIA LAGOA SECA\MATRÍCULA - GIL\Mat. 298.pdf | motivo=PDF sem texto extraível; pode ser escaneado
08/09/2026 10:17:56 | WARNING | PDF não indexado | arquivo=F:\Documentos\Rafael\AGROPECUÁRIA LAGOA SECA\MATRÍCULA - GIL\Mat. 299.pdf | motivo=PDF sem texto extraível; pode ser escaneado
08/09/2026 10:17:57 | WARNING | PDF não indexado | arquivo=F:\Documentos\Rafael\AGROPECUÁRIA LAGOA SECA\MATRÍCULA - GIL\Mat. 300.pdf | motivo=PDF sem texto extraível; pode ser escaneado
08/09/2026 10:17:57 | WARNING | PDF não indexado | arquivo=F:\Documentos\Rafael\AGROPECUÁRIA LAGOA SECA\MATRÍCULA - GIL\Mat. 301.pdf | motivo=PDF sem texto extraível; pode ser escaneado
08/09/2026 10:17:57 | WARNING | PDF não indexado | arquivo=F:\Documentos\Rafael\AGROPECUÁRIA LAGOA SECA\MATRÍCULA - GIL\Mat. 303.pdf | motivo=PDF sem texto extraível; pode ser escaneado
08/09/2026 10:17:58 | WARNING | PDF não indexado | arquivo=F:\Documentos\Rafael\AGROPECUÁRIA LAGOA SECA\MATRÍCULA - GIL\Mat. 310.pdf | motivo=PDF sem texto extraível; pode ser escaneado
08/09/2026 10:17:58 | WARNING | PDF não indexado | arquivo=F:\Documentos\Rafael\AGROPECUÁRIA LAGOA SECA\MATRÍCULA - GIL\Mat. 319.pdf | motivo=PDF sem texto extraível; pode ser escaneado
08/09/2026 10:17:58 | WARNING | PDF não indexado | arquivo=F:\Documentos\Rafael\AGROPECUÁRIA LAGOA SECA\MATRÍCULA - GIL\Mat. 45.986.pdf | motivo=PDF sem texto extraível; pode ser escaneado
08/09/2026 10:17:58 | WARNING | PDF não indexado | arquivo=F:\Documentos\Rafael\AGROPECUÁRIA LAGOA SECA\MATRÍCULA - GIL\Mat. 494.pdf | motivo=PDF sem texto extraível; pode ser escaneado
08/09/2026 10:17:58 | WARNING | PDF não indexado | arquivo=F:\Documentos\Rafael\AGROPECUÁRIA LAGOA SECA\MATRÍCULA - GIL\Mat. 57.543.pdf | motivo=PDF sem texto extraível; pode ser escaneado
08/09/2026 10:17:58 | WARNING | PDF não indexado | arquivo=F:\Documentos\Rafael\AGROPECUÁRIA LAGOA SECA\MATRÍCULA - GIL\Mat. 58.652.pdf | motivo=PDF sem texto extraível; pode ser escaneado
08/09/2026 10:17:58 | WARNING | PDF não indexado | arquivo=F:\Documentos\Rafael\AGROPECUÁRIA LAGOA SECA\MATRÍCULA - GIL\Mat. 58.653.pdf | motivo=PDF sem texto extraível; pode ser escaneado
08/09/2026 10:17:59 | WARNING | PDF não indexado | arquivo=F:\Documentos\Rafael\AGROPECUÁRIA LAGOA SECA\MATRÍCULA - GIL\Mat. 59.436.pdf | motivo=PDF sem texto extraível; pode ser escaneado
08/09/2026 10:17:59 | WARNING | PDF não indexado | arquivo=F:\Documentos\Rafael\AGROPECUÁRIA LAGOA SECA\MATRÍCULA - GIL\Mat. 60.882.pdf | motivo=PDF sem texto extraível; pode ser escaneado
08/09/2026 10:17:59 | WARNING | PDF não indexado | arquivo=F:\Documentos\Rafael\AGROPECUÁRIA LAGOA SECA\MATRÍCULA - GIL\Mat. 64.568.pdf | motivo=PDF sem texto extraível; pode ser escaneado
08/09/2026 10:17:59 | WARNING | PDF não indexado | arquivo=F:\Documentos\Rafael\AGROPECUÁRIA LAGOA SECA\MATRÍCULA - GIL\Mat. 65.800.pdf | motivo=PDF sem texto extraível; pode ser escaneado
08/09/2026 10:17:59 | WARNING | PDF não indexado | arquivo=F:\Documentos\Rafael\AGROPECUÁRIA LAGOA SECA\MATRÍCULA - GIL\Mat. 66.014.pdf | motivo=PDF sem texto extraível; pode ser escaneado
08/09/2026 10:17:59 | WARNING | PDF não indexado | arquivo=F:\Documentos\Rafael\AGROPECUÁRIA LAGOA SECA\MATRÍCULA - GIL\Mat. 66.015.pdf | motivo=PDF sem texto extraível; pode ser escaneado
08/09/2026 10:17:59 | INFO | Indexação em andamento | 12000 de 27964 PDFs
08/09/2026 10:18:00 | WARNING | PDF não indexado | arquivo=F:\Documentos\Rafael\AGROPECUÁRIA MASTERAGRO\DOCUMENTO SOCIO - JULIANA.pdf | motivo=PDF sem texto extraível; pode ser escaneado
08/09/2026 10:18:01 | WARNING | PDF não indexado | arquivo=F:\Documentos\Rafael\AGROPECUÁRIA MASTERAGRO\MATRÍCULAS\MATRICULA 46.432.pdf | motivo=PDF sem texto extraível; pode ser escaneado
08/09/2026 10:18:07 | WARNING | PDF não indexado | arquivo=F:\Documentos\Rafael\AGROPECUÁRIA NBF\DOCUMENTOS NELSO.pdf | motivo=PDF sem texto extraível; pode ser escaneado
08/09/2026 10:18:07 | WARNING | PDF não indexado | arquivo=F:\Documentos\Rafael\AGROPECUÁRIA NBF\DOCUMENTOS RODRIGO.pdf | motivo=PDF sem texto extraível; pode ser escaneado
08/09/2026 10:18:07 | WARNING | PDF não indexado | arquivo=F:\Documentos\Rafael\AGROPECUÁRIA NBF\DOCUMENTOS SONIA.pdf | motivo=PDF sem texto extraível; pode ser escaneado
08/09/2026 10:18:07 | WARNING | PDF não indexado | arquivo=F:\Documentos\Rafael\AGROPECUÁRIA NBF\INSCRIÇÃO ESTADUAL\CONTRATO DE COMODATO.pdf | motivo=PDF sem texto extraível; pode ser escaneado
08/09/2026 10:18:07 | WARNING | PDF não indexado | arquivo=F:\Documentos\Rafael\AGROPECUÁRIA NBF\INSCRIÇÃO ESTADUAL\FAC ASSINADA.pdf | motivo=PDF sem texto extraível; pode ser escaneado
08/09/2026 10:18:07 | WARNING | PDF não indexado | arquivo=F:\Documentos\Rafael\AGROPECUÁRIA NBF\INSCRIÇÃO ESTADUAL\MATRICULA.pdf | motivo=PDF sem texto extraível; pode ser escaneado
08/09/2026 10:18:07 | WARNING | PDF não indexado | arquivo=F:\Documentos\Rafael\AGROPECUÁRIA NBF\INSCRIÇÃO ESTADUAL\TERMO DE OPÇÃO PARA REALIZAÇÃO DE OPERAÇÃO-PRESTAÇÃO COM DIFERIMENTO DO ICMS.pdf | motivo=PDF sem texto extraível; pode ser escaneado
08/09/2026 10:18:08 | WARNING | PDF não indexado | arquivo=F:\Documentos\Rafael\AGROPECUÁRIA NBF\MATRICULAS\MATRÍCULA 0195.pdf | motivo=PDF sem texto extraível; pode ser escaneado
08/09/2026 10:18:08 | WARNING | PDF não indexado | arquivo=F:\Documentos\Rafael\AGROPECUÁRIA NBF\MATRICULAS\MATRÍCULA 53.266.pdf | motivo=PDF sem texto extraível; pode ser escaneado
08/09/2026 10:18:08 | WARNING | PDF não indexado | arquivo=F:\Documentos\Rafael\AGROPECUÁRIA NBF\MATRICULAS\MATRÍCULA 9460.pdf | motivo=PDF sem texto extraível; pode ser escaneado
08/09/2026 10:18:08 | WARNING | PDF não indexado | arquivo=F:\Documentos\Rafael\AGROPECUÁRIA NBF\MATRICULAS\MATRÍCULAS INTEGRLIZADAS -.pdf | motivo=PDF sem texto extraível; pode ser escaneado
08/09/2026 10:18:14 | WARNING | PDF não indexado | arquivo=F:\Documentos\Rafael\AGROPECUÁRIA OLHO D' AGUA\DOCUMENTOS ADRIANA.pdf | motivo=PDF sem texto extraível; pode ser escaneado
08/09/2026 10:18:14 | WARNING | PDF não indexado | arquivo=F:\Documentos\Rafael\AGROPECUÁRIA OLHO D' AGUA\DOCUMENTOS CELSO.pdf | motivo=PDF sem texto extraível; pode ser escaneado
08/09/2026 10:18:14 | WARNING | PDF não indexado | arquivo=F:\Documentos\Rafael\AGROPECUÁRIA OLHO D' AGUA\DOCUMENTOS CRISTIANE.pdf | motivo=PDF sem texto extraível; pode ser escaneado
08/09/2026 10:18:14 | WARNING | PDF não indexado | arquivo=F:\Documentos\Rafael\AGROPECUÁRIA OLHO D' AGUA\INSCRIÇÃO ESTADUAL\FAC - ASSINADA.pdf | motivo=PDF sem texto extraível; pode ser escaneado
08/09/2026 10:18:15 | WARNING | PDF não indexado | arquivo=F:\Documentos\Rafael\AGROPECUÁRIA OLHO D' AGUA\INSCRIÇÃO ESTADUAL\MATRICULA 41.393.pdf | motivo=PDF sem texto extraível; pode ser escaneado
08/09/2026 10:18:15 | WARNING | PDF não indexado | arquivo=F:\Documentos\Rafael\AGROPECUÁRIA OLHO D' AGUA\INSCRIÇÃO ESTADUAL\TERMO DE OPÇÃO PARA REALIZAÇÃO DE OPERAÇÃO.pdf | motivo=PDF sem texto extraível; pode ser escaneado
08/09/2026 10:18:15 | WARNING | PDF não indexado | arquivo=F:\Documentos\Rafael\AGROPECUÁRIA OLHO D' AGUA\MATRÍCULA 41.393.pdf | motivo=PDF sem texto extraível; pode ser escaneado
08/09/2026 10:18:16 | WARNING | PDF não indexado | arquivo=F:\Documentos\Rafael\AGROPECUÁRIA PELIZON LTDA\1º Alteração Contratual Agropecuária Pelizon Ltda.pdf | motivo=PDF sem texto extraível; pode ser escaneado
08/09/2026 10:18:16 | WARNING | PDF não indexado | arquivo=F:\Documentos\Rafael\AGROPECUÁRIA PELIZON LTDA\Cartão CNPJ Agropecuaria Pelizon Ltda.pdf | motivo=PDF sem texto extraível; pode ser escaneado
08/09/2026 10:18:16 | INFO | Indexação em andamento | 12100 de 27964 PDFs
08/09/2026 10:18:17 | WARNING | PDF não indexado | arquivo=F:\Documentos\Rafael\AGROPECUÁRIA PELIZON LTDA\CONTRATO DE PARCERIA AGRICOLA.pdf | motivo=PDF sem texto extraível; pode ser escaneado
08/09/2026 10:18:17 | WARNING | PDF não indexado | arquivo=F:\Documentos\Rafael\AGROPECUÁRIA PELIZON LTDA\Contrato Social Agropecuaria Pelizon Ltda.pdf | motivo=PDF sem texto extraível; pode ser escaneado
08/09/2026 10:18:17 | WARNING | PDF não indexado | arquivo=F:\Documentos\Rafael\AGROPECUÁRIA PELIZON LTDA\Declaração de Faturamento.pdf | motivo=PDF sem texto extraível; pode ser escaneado
08/09/2026 10:18:17 | WARNING | PDF não indexado | arquivo=F:\Documentos\Rafael\AGROPECUÁRIA PELIZON LTDA\Documento Artidonio.pdf | motivo=PDF sem texto extraível; pode ser escaneado
08/09/2026 10:18:17 | WARNING | PDF não indexado | arquivo=F:\Documentos\Rafael\AGROPECUÁRIA PELIZON LTDA\Documento Jureci.pdf | motivo=PDF sem texto extraível; pode ser escaneado
08/09/2026 10:18:17 | WARNING | PDF não indexado | arquivo=F:\Documentos\Rafael\AGROPECUÁRIA PELIZON LTDA\Documento Maíra.pdf | motivo=PDF sem texto extraível; pode ser escaneado
08/09/2026 10:18:17 | WARNING | PDF não indexado | arquivo=F:\Documentos\Rafael\AGROPECUÁRIA PELIZON LTDA\Documento Normelio.pdf | motivo=PDF sem texto extraível; pode ser escaneado
08/09/2026 10:18:18 | WARNING | PDF não indexado | arquivo=F:\Documentos\Rafael\AGROPECUÁRIA PELIZON LTDA\Documento Thales.pdf | motivo=PDF sem texto extraível; pode ser escaneado
08/09/2026 10:18:18 | WARNING | PDF não indexado | arquivo=F:\Documentos\Rafael\AGROPECUÁRIA PELIZON LTDA\Documento Thaysa.pdf | motivo=PDF sem texto extraível; pode ser escaneado
08/09/2026 10:18:18 | WARNING | PDF não indexado | arquivo=F:\Documentos\Rafael\AGROPECUÁRIA PELIZON LTDA\Documento Thieres.pdf | motivo=PDF sem texto extraível; pode ser escaneado
08/09/2026 10:18:18 | WARNING | PDF não indexado | arquivo=F:\Documentos\Rafael\AGROPECUÁRIA PELIZON LTDA\Documento Vinicius.pdf | motivo=PDF sem texto extraível; pode ser escaneado
08/09/2026 10:18:18 | WARNING | PDF não indexado | arquivo=F:\Documentos\Rafael\AGROPECUÁRIA PELIZON LTDA\Documento Zigomar.pdf | motivo=PDF sem texto extraível; pode ser escaneado
08/09/2026 10:18:19 | WARNING | PDF não indexado | arquivo=F:\Documentos\Rafael\AGROPECUÁRIA PELIZON LTDA\Matricula 0209 e CCIR.pdf | motivo=PDF sem texto extraível; pode ser escaneado
08/09/2026 10:18:19 | WARNING | PDF não indexado | arquivo=F:\Documentos\Rafael\AGROPECUÁRIA PELIZON LTDA\Matricula 0226 e CCIR.pdf | motivo=PDF sem texto extraível; pode ser escaneado
08/09/2026 10:18:19 | WARNING | PDF não indexado | arquivo=F:\Documentos\Rafael\AGROPECUÁRIA PELIZON LTDA\Matricula 1462 e CCIR.pdf | motivo=PDF sem texto extraível; pode ser escaneado
08/09/2026 10:18:19 | WARNING | PDF não indexado | arquivo=F:\Documentos\Rafael\AGROPECUÁRIA PELIZON LTDA\MATRICULA 61664.pdf | motivo=PDF sem texto extraível; pode ser escaneado
08/09/2026 10:18:19 | WARNING | PDF não indexado | arquivo=F:\Documentos\Rafael\AGROPECUÁRIA PELIZON LTDA\MATRICULA 61667.pdf | motivo=PDF sem texto extraível; pode ser escaneado
08/09/2026 10:18:20 | WARNING | PDF não indexado | arquivo=F:\Documentos\Rafael\AGROPECUÁRIA PELIZON LTDA\MATRICULA 61786.pdf | motivo=PDF sem texto extraível; pode ser escaneado
08/09/2026 10:18:20 | WARNING | PDF não indexado | arquivo=F:\Documentos\Rafael\AGROPECUÁRIA PELIZON LTDA\MATRICULA 61787.pdf | motivo=PDF sem texto extraível; pode ser escaneado
08/09/2026 10:18:20 | WARNING | PDF não indexado | arquivo=F:\Documentos\Rafael\AGROPECUÁRIA PELIZON LTDA\MATRICULA 61788.pdf | motivo=PDF sem texto extraível; pode ser escaneado
08/09/2026 10:18:20 | WARNING | PDF não indexado | arquivo=F:\Documentos\Rafael\AGROPECUÁRIA PELIZON LTDA\Matricula 7481 e CCIR.pdf | motivo=PDF sem texto extraível; pode ser escaneado
08/09/2026 10:18:20 | WARNING | PDF não indexado | arquivo=F:\Documentos\Rafael\AGROPECUÁRIA PELIZON LTDA\Solicitação cadastral 2282707.pdf | motivo=PDF sem texto extraível; pode ser escaneado
08/09/2026 10:18:20 | WARNING | PDF não indexado | arquivo=F:\Documentos\Rafael\AGROPECUÁRIA PELIZON LTDA\Termo Opção Diferimento ICMS.pdf | motivo=PDF sem texto extraível; pode ser escaneado
08/09/2026 10:18:29 | WARNING | PDF não indexado | arquivo=F:\Documentos\Rafael\AGROPECUÁRIA PORANGA\AGROP PORANGA - BANCO PLURAL S.A..pdf | motivo=PDF sem texto extraível; pode ser escaneado
08/09/2026 10:18:29 | WARNING | PDF não indexado | arquivo=F:\Documentos\Rafael\AGROPECUÁRIA PORANGA\CARTORIO\GUIA ITBI.pdf | motivo=PDF sem texto extraível; pode ser escaneado
08/09/2026 10:18:29 | WARNING | PDF não indexado | arquivo=F:\Documentos\Rafael\AGROPECUÁRIA PORANGA\CERTIDÃO USO E OCUPAÇÃO DO SOLO FILIAL.pdf | motivo=PDF sem texto extraível; pode ser escaneado
08/09/2026 10:18:36 | WARNING | PDF não indexado | arquivo=F:\Documentos\Rafael\AGROPECUÁRIA PORANGA\CONTRATO SOCIAL - CONSTITUIÇÃO.pdf | motivo=PDF sem texto extraível; pode ser escaneado
08/09/2026 10:18:36 | WARNING | PDF não indexado | arquivo=F:\Documentos\Rafael\AGROPECUÁRIA PORANGA\DOCUMENTOS ELPIDIO.pdf | motivo=PDF sem texto extraível; pode ser escaneado
08/09/2026 10:18:36 | WARNING | PDF não indexado | arquivo=F:\Documentos\Rafael\AGROPECUÁRIA PORANGA\DOCUMENTOS SÓCIOS\DOCUMENTOS ELIRIO - CERT. CASAMENTO.pdf | motivo=PDF sem texto extraível; pode ser escaneado
08/09/2026 10:18:36 | WARNING | PDF não indexado | arquivo=F:\Documentos\Rafael\AGROPECUÁRIA PORANGA\DOCUMENTOS SÓCIOS\DOCUMENTOS ELIRIO - JANETE.pdf | motivo=PDF sem texto extraível; pode ser escaneado
08/09/2026 10:18:37 | WARNING | PDF não indexado | arquivo=F:\Documentos\Rafael\AGROPECUÁRIA PORANGA\DOCUMENTOS SÓCIOS\DOCUMENTOS ELPIDIO - CERT. CASAMENTO.pdf | motivo=PDF sem texto extraível; pode ser escaneado
08/09/2026 10:18:37 | WARNING | PDF não indexado | arquivo=F:\Documentos\Rafael\AGROPECUÁRIA PORANGA\DOCUMENTOS SÓCIOS\DOCUMENTOS ELPIDIO - IVONE.pdf | motivo=PDF sem texto extraível; pode ser escaneado
08/09/2026 10:18:37 | WARNING | PDF não indexado | arquivo=F:\Documentos\Rafael\AGROPECUÁRIA PORANGA\DOCUMENTOS SÓCIOS\DOCUMENTOS VALDIR - CERT. CASAMENTO.pdf | motivo=PDF sem texto extraível; pode ser escaneado
08/09/2026 10:18:37 | WARNING | PDF não indexado | arquivo=F:\Documentos\Rafael\AGROPECUÁRIA PORANGA\DOCUMENTOS SÓCIOS\DOCUMENTOS VALDIR - LEILA.pdf | motivo=PDF sem texto extraível; pode ser escaneado
08/09/2026 10:18:38 | INFO | Indexação em andamento | 12200 de 27964 PDFs
08/09/2026 10:18:38 | WARNING | PDF não indexado | arquivo=F:\Documentos\Rafael\AGROPECUÁRIA PORANGA\MATRÍCULAS\MATRICULA 61.628.pdf | motivo=PDF sem texto extraível; pode ser escaneado
08/09/2026 10:18:38 | WARNING | PDF não indexado | arquivo=F:\Documentos\Rafael\AGROPECUÁRIA PORANGA\MATRÍCULAS\MATRÍCULA 13.986.pdf | motivo=PDF sem texto extraível; pode ser escaneado
08/09/2026 10:18:39 | WARNING | PDF não indexado | arquivo=F:\Documentos\Rafael\AGROPECUÁRIA PORANGA\MATRÍCULAS\MATRÍCULA 40.953 - ONDE ESTÁ A EMPRESA.pdf | motivo=PDF sem texto extraível; pode ser escaneado
08/09/2026 10:18:39 | WARNING | PDF não indexado | arquivo=F:\Documentos\Rafael\AGROPECUÁRIA PORANGA\MATRÍCULAS\MATRÍCULA 47.824.pdf | motivo=PDF sem texto extraível; pode ser escaneado
08/09/2026 10:18:39 | WARNING | PDF não indexado | arquivo=F:\Documentos\Rafael\AGROPECUÁRIA PORANGA\MATRÍCULAS\MATRÍCULA 47.825.pdf | motivo=PDF sem texto extraível; pode ser escaneado
08/09/2026 10:18:39 | WARNING | PDF não indexado | arquivo=F:\Documentos\Rafael\AGROPECUÁRIA PORANGA\MATRÍCULAS\MATRÍCULA 47.826.pdf | motivo=PDF sem texto extraível; pode ser escaneado
08/09/2026 10:18:39 | WARNING | PDF não indexado | arquivo=F:\Documentos\Rafael\AGROPECUÁRIA PORANGA\MATRÍCULAS\MATRÍCULA 57.229.pdf | motivo=PDF sem texto extraível; pode ser escaneado
08/09/2026 10:18:39 | WARNING | PDF não indexado | arquivo=F:\Documentos\Rafael\AGROPECUÁRIA PORANGA\MATRÍCULAS\MATRÍCULA 57.452.pdf | motivo=PDF sem texto extraível; pode ser escaneado
08/09/2026 10:18:40 | WARNING | PDF não indexado | arquivo=F:\Documentos\Rafael\AGROPECUÁRIA PORANGA\MATRÍCULAS\MATRÍCULA 59.508.pdf | motivo=PDF sem texto extraível; pode ser escaneado
08/09/2026 10:18:59 | INFO | Indexação em andamento | 12300 de 27964 PDFs
08/09/2026 10:19:00 | WARNING | PDF não indexado | arquivo=F:\Documentos\Rafael\AGROPECUÁRIA ROVARIS\CONTRATO DE COMODATO.pdf | motivo=PDF sem texto extraível; pode ser escaneado
08/09/2026 10:19:05 | WARNING | PDF não indexado | arquivo=F:\Documentos\Rafael\AGROPECUÁRIA ROVARIS\CONTRATO SOCIAL - 1º ALT.pdf | motivo=PDF sem texto extraível; pode ser escaneado
08/09/2026 10:19:17 | WARNING | PDF não indexado | arquivo=F:\Documentos\Rafael\AGROPECUÁRIA ROVARIS\CONTRATO SOCIAL - CONSTITUIÇÃO.pdf | motivo=PDF sem texto extraível; pode ser escaneado
08/09/2026 10:19:18 | WARNING | PDF não indexado | arquivo=F:\Documentos\Rafael\AGROPECUÁRIA ROVARIS\CREDENCIAMENTO EXPORTAÇÃO\REQUERIMENTO ASSINADO.pdf | motivo=PDF sem texto extraível; pode ser escaneado
08/09/2026 10:19:18 | WARNING | PDF não indexado | arquivo=F:\Documentos\Rafael\AGROPECUÁRIA ROVARIS\DOCUMENTOS ATILIO.pdf | motivo=PDF sem texto extraível; pode ser escaneado
08/09/2026 10:19:18 | WARNING | PDF não indexado | arquivo=F:\Documentos\Rafael\AGROPECUÁRIA ROVARIS\DOCUMENTOS EDEVALDO.pdf | motivo=PDF sem texto extraível; pode ser escaneado
08/09/2026 10:19:18 | WARNING | PDF não indexado | arquivo=F:\Documentos\Rafael\AGROPECUÁRIA ROVARIS\DOCUMENTOS PAULO.pdf | motivo=PDF sem texto extraível; pode ser escaneado
08/09/2026 10:19:18 | WARNING | PDF não indexado | arquivo=F:\Documentos\Rafael\AGROPECUÁRIA ROVARIS\DOCUMENTOS VALDOCIR.pdf | motivo=PDF sem texto extraível; pode ser escaneado
08/09/2026 10:19:18 | WARNING | PDF não indexado | arquivo=F:\Documentos\Rafael\AGROPECUÁRIA ROVARIS\FAC ASSINADA.pdf | motivo=PDF sem texto extraível; pode ser escaneado
08/09/2026 10:19:21 | WARNING | PDF não indexado | arquivo=F:\Documentos\Rafael\AGROPECUÁRIA ROVARIS\MATRICULAS ROVARIS - 5 ALTERAÇÃO\5397 MAT 29-07-2022 VALDOCIR  (ANT 137).pdf | motivo=PDF sem texto extraível; pode ser escaneado
08/09/2026 10:19:23 | WARNING | PDF não indexado | arquivo=F:\Documentos\Rafael\AGROPECUÁRIA ROVARIS\MATRICULAS ROVARIS - 5 ALTERAÇÃO\6081 MAT 17-10-2022 ATILIO (ANT 216)     NÃO INTEGRALIZAR.pdf | motivo=PDF sem texto extraível; pode ser escaneado
08/09/2026 10:19:23 | WARNING | PDF não indexado | arquivo=F:\Documentos\Rafael\AGROPECUÁRIA ROVARIS\OPÇÃO RECOLHIMENTO FETHAB\FORMULÁRIO TERMO DE OPÇÃO FETHAB - MILHO.pdf | motivo=PDF sem texto extraível; pode ser escaneado
08/09/2026 10:19:23 | WARNING | PDF não indexado | arquivo=F:\Documentos\Rafael\AGROPECUÁRIA ROVARIS\OPÇÃO RECOLHIMENTO FETHAB\FORMULÁRIO TERMO DE OPÇÃO FETHAB - SOJA.pdf | motivo=PDF sem texto extraível; pode ser escaneado
08/09/2026 10:19:28 | WARNING | PDF não indexado | arquivo=F:\Documentos\Rafael\AGROSORRISO AGROPECUARIA LTDA\DOCUMENTOS SOCIO - ANGELA.pdf | motivo=PDF sem texto extraível; pode ser escaneado
08/09/2026 10:19:29 | WARNING | PDF não indexado | arquivo=F:\Documentos\Rafael\AGROSORRISO AGROPECUARIA LTDA\DOCUMENTOS SOCIO - ARY - CERTIDAO CASAMENTO.pdf | motivo=PDF sem texto extraível; pode ser escaneado
08/09/2026 10:19:29 | WARNING | PDF não indexado | arquivo=F:\Documentos\Rafael\AGROSORRISO AGROPECUARIA LTDA\DOCUMENTOS SOCIO - LUNA.pdf | motivo=PDF sem texto extraível; pode ser escaneado
08/09/2026 10:19:29 | WARNING | PDF não indexado | arquivo=F:\Documentos\Rafael\AGROSORRISO AGROPECUARIA LTDA\INSCRIÇÃO ESTADUAL\FAC - ASSINADA.pdf | motivo=PDF sem texto extraível; pode ser escaneado
08/09/2026 10:19:30 | WARNING | PDF não indexado | arquivo=F:\Documentos\Rafael\AGROSORRISO AGROPECUARIA LTDA\INSCRIÇÃO ESTADUAL\MATRICULA 35.318.pdf | motivo=PDF sem texto extraível; pode ser escaneado
08/09/2026 10:19:30 | WARNING | PDF não indexado | arquivo=F:\Documentos\Rafael\AGROSORRISO AGROPECUARIA LTDA\INSCRIÇÃO ESTADUAL\TERMO DE OPÇÃO PARA REALIZAÇÃO DE OPERAÇÃO.pdf | motivo=PDF sem texto extraível; pode ser escaneado
08/09/2026 10:19:30 | WARNING | PDF não indexado | arquivo=F:\Documentos\Rafael\AGROSORRISO AGROPECUARIA LTDA\MATRÍCULA 35.318.pdf | motivo=PDF sem texto extraível; pode ser escaneado
08/09/2026 10:19:30 | WARNING | PDF não indexado | arquivo=F:\Documentos\Rafael\ALAN BRASIL PIETROBON MAGALHAES\DOCUMENTOS ALAN.pdf | motivo=PDF sem texto extraível; pode ser escaneado
08/09/2026 10:19:31 | INFO | Indexação em andamento | 12400 de 27964 PDFs
08/09/2026 10:19:37 | WARNING | PDF não indexado | arquivo=F:\Documentos\Rafael\ALIANÇA PARTICIPAÇÕES LTDA\CERTIDÃO CADASTRO IMOBILIÁRIO.pdf | motivo=PDF sem texto extraível; pode ser escaneado
08/09/2026 10:19:46 | WARNING | PDF não indexado | arquivo=F:\Documentos\Rafael\AMAZON RECICLA LTDA\ALVARÁ DOS BOMBEIROS - PROTOCOLO.pdf | motivo=PDF sem texto extraível; pode ser escaneado
08/09/2026 10:19:46 | WARNING | PDF não indexado | arquivo=F:\Documentos\Rafael\AMAZON RECICLA LTDA\CERTIFICADO DE DISPENSA DO ALVARA SANITARIO.pdf | motivo=PDF sem texto extraível; pode ser escaneado
08/09/2026 10:19:46 | WARNING | PDF não indexado | arquivo=F:\Documentos\Rafael\AMAZON RECICLA LTDA\CONTRATO SOCIAL - 3º ALT.pdf | motivo=PDF sem texto extraível; pode ser escaneado
08/09/2026 10:19:48 | WARNING | PDF não indexado | arquivo=F:\Documentos\Rafael\AMAZON RECICLA LTDA\DEFESA SIMPLES\GUIAS E PGTOS.pdf | motivo=PDF sem texto extraível; pode ser escaneado
08/09/2026 10:19:48 | WARNING | PDF não indexado | arquivo=F:\Documentos\Rafael\AMAZON RECICLA LTDA\DOCUMENTOS WANDERLEY.pdf | motivo=PDF sem texto extraível; pode ser escaneado
08/09/2026 10:19:48 | WARNING | PDF não indexado | arquivo=F:\Documentos\Rafael\AMAZON RECICLA LTDA\FAC ASSINADA.pdf | motivo=PDF sem texto extraível; pode ser escaneado
08/09/2026 10:19:48 | WARNING | PDF não indexado | arquivo=F:\Documentos\Rafael\AMAZON RECICLA LTDA\FOTOS.pdf | motivo=PDF sem texto extraível; pode ser escaneado
08/09/2026 10:19:49 | WARNING | PDF não indexado | arquivo=F:\Documentos\Rafael\AMAZON RECICLA LTDA\MATRÍCULA - ESCRITURA DE COMPRA E VENDA.pdf | motivo=PDF sem texto extraível; pode ser escaneado
08/09/2026 10:19:50 | WARNING | PDF não indexado | arquivo=F:\Documentos\Rafael\AMAZON RECICLA LTDA\TAC 2025.pdf | motivo=PDF sem texto extraível; pode ser escaneado
08/09/2026 10:19:52 | INFO | Indexação em andamento | 12500 de 27964 PDFs
08/09/2026 10:19:54 | WARNING | PDF não indexado | arquivo=F:\Documentos\Rafael\ANDORINHA GESTAO E CONSERVACAO AMBIENTAL LTDA\RG_ALCEU_LIZZONI.pdf | motivo=PDF sem texto extraível; pode ser escaneado
08/09/2026 10:19:54 | WARNING | PDF não indexado | arquivo=F:\Documentos\Rafael\ANDORINHA GESTAO E CONSERVACAO AMBIENTAL LTDA\RG_CPF_CARLOS_JACO_LINK.pdf | motivo=PDF sem texto extraível; pode ser escaneado
08/09/2026 10:19:55 | WARNING | PDF não indexado | arquivo=F:\Documentos\Rafael\APLIK SOLUÇÕES ME ALUMÍNIO\CONSULTA OPTANTE SIMPLES.pdf | motivo=PDF sem texto extraível; pode ser escaneado
08/09/2026 10:19:55 | WARNING | PDF não indexado | arquivo=F:\Documentos\Rafael\APLIK SOLUÇÕES ME ALUMÍNIO\CONTRATO DE LOCAÇÃO.pdf | motivo=PDF sem texto extraível; pode ser escaneado
08/09/2026 10:19:55 | WARNING | PDF não indexado | arquivo=F:\Documentos\Rafael\APLIK SOLUÇÕES ME ALUMÍNIO\CONTRATO DE LOCAÇÃO_compressed.pdf | motivo=PDF sem texto extraível; pode ser escaneado
08/09/2026 10:24:39 | WARNING | PDF não indexado | arquivo=F:\Documentos\Rafael\13 - MANUAL DOS PROCESSOS\33 - EMISSÃO CNPJ .pdf | motivo=PDF sem texto extraível; pode ser escaneado
08/09/2026 10:24:39 | WARNING | PDF não indexado | arquivo=F:\Documentos\Rafael\13 - MANUAL DOS PROCESSOS\34 - EMISSÃO CERTIDÃO FALENCIA E RECUPERAÇÃO JUDICIAL.pdf | motivo=PDF sem texto extraível; pode ser escaneado
08/09/2026 10:24:40 | WARNING | PDF não indexado | arquivo=F:\Documentos\Rafael\13 - MANUAL DOS PROCESSOS\36 - EMISSÃO CERTIDÃO FALENCIA E RECUPERAÇÃO JUDICIAL.pdf | motivo=PDF sem texto extraível; pode ser escaneado
08/09/2026 10:24:44 | WARNING | PDF não indexado | arquivo=F:\Documentos\Rafael\13 - MANUAL DOS PROCESSOS\MODELO FIEL DEPOSITARIO\FIEL DEPOSITARIO - COOPERATIVA DE COLONIZACAO AGROPECUARIA E INDUSTRIAL PINDORAMA LTDA\DOCUMENTOS ANTONIO DE OLIVEIRA -CNH.pdf | motivo=PDF sem texto extraível; pode ser escaneado
08/09/2026 10:24:44 | WARNING | PDF não indexado | arquivo=F:\Documentos\Rafael\13 - MANUAL DOS PROCESSOS\MODELO FIEL DEPOSITARIO\FIEL DEPOSITARIO - COOPERATIVA DE COLONIZACAO AGROPECUARIA E INDUSTRIAL PINDORAMA LTDA\DOCUMENTOS KLÉCIO JOSE - CNH.pdf | motivo=PDF sem texto extraível; pode ser escaneado
08/09/2026 10:24:45 | WARNING | PDF não indexado | arquivo=F:\Documentos\Rafael\13 - MANUAL DOS PROCESSOS\MODELO FIEL DEPOSITARIO\FIEL DEPOSITARIO - COOPERATIVA DE COLONIZACAO AGROPECUARIA E INDUSTRIAL PINDORAMA LTDA\ESTATUTO SOCIAL.pdf | motivo=PDF sem texto extraível; pode ser escaneado
08/09/2026 10:24:49 | INFO | Indexação em andamento | 100 de 27963 PDFs
08/09/2026 10:25:02 | WARNING | PDF não indexado | arquivo=F:\Documentos\Rafael\13 - MANUAL DOS PROCESSOS\MODELO FIEL DEPOSITARIO\FIEL DEPOSITARIO - COOPERATIVA DE COLONIZACAO AGROPECUARIA E INDUSTRIAL PINDORAMA LTDA\PUBLICAÇÕES JORNAIS\DECLARAÇÃO DE ARMAZEM GERAL - Diário oficial.pdf | motivo=PDF sem texto extraível; pode ser escaneado
08/09/2026 10:25:41 | WARNING | PDF não indexado | arquivo=F:\Documentos\Rafael\13 - MANUAL DOS PROCESSOS\MODELO FIEL DEPOSITARIO\FIEL DEPOSITARIO - COOPERATIVA DE COLONIZACAO AGROPECUARIA E INDUSTRIAL PINDORAMA LTDA\PUBLICAÇÕES JORNAIS\PUBLICAÇÕES - NOMEAÇÃO DE FIEL\PUBLICAÇÃO - Diário OFicial.pdf | motivo=PDF sem texto extraível; pode ser escaneado
08/09/2026 10:27:10 | WARNING | PDF não indexado | arquivo=F:\Documentos\Rafael\13 - MANUAL DOS PROCESSOS\MODELO FIEL DEPOSITARIO\FIEL DEPOSITARIO - COOPERATIVA DE COLONIZACAO AGROPECUARIA E INDUSTRIAL PINDORAMA LTDA\PUBLICAÇÕES JORNAIS\REGULAMENTO INTERNO - Diário oficial.pdf | motivo=PDF sem texto extraível; pode ser escaneado
08/09/2026 10:27:24 | WARNING | PDF não indexado | arquivo=F:\Documentos\Rafael\13 - MANUAL DOS PROCESSOS\MODELO FIEL DEPOSITARIO\FIEL DEPOSITARIO - COOPERATIVA DE COLONIZACAO AGROPECUARIA E INDUSTRIAL PINDORAMA LTDA\PUBLICAÇÕES JORNAIS\TABELA DE TARIFAS - Diário oficial.pdf | motivo=PDF sem texto extraível; pode ser escaneado
08/09/2026 10:27:26 | WARNING | PDF não indexado | arquivo=F:\Documentos\Rafael\13 - MANUAL DOS PROCESSOS\MODELO FIEL DEPOSITARIO\FIEL DEPOSITARIO - COOPERGRAOS COOPERATIVA DE ARMAZENAGEM DE GRAOS DE CAMPO VERDE\DOCUMENTOS EMPRESA\CERTIDAO CASAMENTO ALCINDO LIBRELOTTO.pdf | motivo=PDF sem texto extraível; pode ser escaneado
08/09/2026 10:27:27 | WARNING | PDF não indexado | arquivo=F:\Documentos\Rafael\13 - MANUAL DOS PROCESSOS\MODELO FIEL DEPOSITARIO\FIEL DEPOSITARIO - COOPERGRAOS COOPERATIVA DE ARMAZENAGEM DE GRAOS DE CAMPO VERDE\DOCUMENTOS EMPRESA\CNH ALCINDO LIBRELOTTO.pdf | motivo=PDF sem texto extraível; pode ser escaneado
08/09/2026 10:27:27 | WARNING | PDF não indexado | arquivo=F:\Documentos\Rafael\13 - MANUAL DOS PROCESSOS\MODELO FIEL DEPOSITARIO\FIEL DEPOSITARIO - COOPERGRAOS COOPERATIVA DE ARMAZENAGEM DE GRAOS DE CAMPO VERDE\DOCUMENTOS EMPRESA\RG E CPF ALCINDO LIBRELOTTO.pdf | motivo=PDF sem texto extraível; pode ser escaneado
08/09/2026 10:27:28 | WARNING | PDF não indexado | arquivo=F:\Documentos\Rafael\13 - MANUAL DOS PROCESSOS\MODELO FIEL DEPOSITARIO\FIEL DEPOSITARIO - COOPERGRAOS COOPERATIVA DE ARMAZENAGEM DE GRAOS DE CAMPO VERDE\DOCUMENTOS NOVOS\CGRAOS  ANTONIO E VINICIUS  VENC 31 05 2026.pdf | motivo=PDF sem texto extraível; pode ser escaneado
08/09/2026 10:32:09 | INFO | Indexação em andamento | 100 de 27963 PDFs
08/09/2026 10:32:22 | WARNING | PDF não indexado | arquivo=F:\Documentos\Rafael\13 - MANUAL DOS PROCESSOS\MODELO FIEL DEPOSITARIO\FIEL DEPOSITARIO - COOPERATIVA DE COLONIZACAO AGROPECUARIA E INDUSTRIAL PINDORAMA LTDA\PUBLICAÇÕES JORNAIS\DECLARAÇÃO DE ARMAZEM GERAL - Diário oficial.pdf | motivo=PDF sem texto extraível; pode ser escaneado
08/09/2026 10:32:57 | WARNING | PDF não indexado | arquivo=F:\Documentos\Rafael\13 - MANUAL DOS PROCESSOS\MODELO FIEL DEPOSITARIO\FIEL DEPOSITARIO - COOPERATIVA DE COLONIZACAO AGROPECUARIA E INDUSTRIAL PINDORAMA LTDA\PUBLICAÇÕES JORNAIS\PUBLICAÇÕES - NOMEAÇÃO DE FIEL\PUBLICAÇÃO - Diário OFicial.pdf | motivo=PDF sem texto extraível; pode ser escaneado
08/09/2026 10:34:22 | WARNING | PDF não indexado | arquivo=F:\Documentos\Rafael\13 - MANUAL DOS PROCESSOS\MODELO FIEL DEPOSITARIO\FIEL DEPOSITARIO - COOPERATIVA DE COLONIZACAO AGROPECUARIA E INDUSTRIAL PINDORAMA LTDA\PUBLICAÇÕES JORNAIS\REGULAMENTO INTERNO - Diário oficial.pdf | motivo=PDF sem texto extraível; pode ser escaneado
08/09/2026 10:34:35 | WARNING | PDF não indexado | arquivo=F:\Documentos\Rafael\13 - MANUAL DOS PROCESSOS\MODELO FIEL DEPOSITARIO\FIEL DEPOSITARIO - COOPERATIVA DE COLONIZACAO AGROPECUARIA E INDUSTRIAL PINDORAMA LTDA\PUBLICAÇÕES JORNAIS\TABELA DE TARIFAS - Diário oficial.pdf | motivo=PDF sem texto extraível; pode ser escaneado
08/09/2026 10:34:38 | WARNING | PDF não indexado | arquivo=F:\Documentos\Rafael\13 - MANUAL DOS PROCESSOS\MODELO FIEL DEPOSITARIO\FIEL DEPOSITARIO - COOPERGRAOS COOPERATIVA DE ARMAZENAGEM DE GRAOS DE CAMPO VERDE\DOCUMENTOS EMPRESA\CERTIDAO CASAMENTO ALCINDO LIBRELOTTO.pdf | motivo=PDF sem texto extraível; pode ser escaneado
08/09/2026 10:34:38 | WARNING | PDF não indexado | arquivo=F:\Documentos\Rafael\13 - MANUAL DOS PROCESSOS\MODELO FIEL DEPOSITARIO\FIEL DEPOSITARIO - COOPERGRAOS COOPERATIVA DE ARMAZENAGEM DE GRAOS DE CAMPO VERDE\DOCUMENTOS EMPRESA\CNH ALCINDO LIBRELOTTO.pdf | motivo=PDF sem texto extraível; pode ser escaneado
08/09/2026 10:34:39 | WARNING | PDF não indexado | arquivo=F:\Documentos\Rafael\13 - MANUAL DOS PROCESSOS\MODELO FIEL DEPOSITARIO\FIEL DEPOSITARIO - COOPERGRAOS COOPERATIVA DE ARMAZENAGEM DE GRAOS DE CAMPO VERDE\DOCUMENTOS EMPRESA\RG E CPF ALCINDO LIBRELOTTO.pdf | motivo=PDF sem texto extraível; pode ser escaneado
08/09/2026 10:34:39 | WARNING | PDF não indexado | arquivo=F:\Documentos\Rafael\13 - MANUAL DOS PROCESSOS\MODELO FIEL DEPOSITARIO\FIEL DEPOSITARIO - COOPERGRAOS COOPERATIVA DE ARMAZENAGEM DE GRAOS DE CAMPO VERDE\DOCUMENTOS NOVOS\CGRAOS  ANTONIO E VINICIUS  VENC 31 05 2026.pdf | motivo=PDF sem texto extraível; pode ser escaneado
08/09/2026 10:35:11 | WARNING | PDF não indexado | arquivo=F:\Documentos\Rafael\13 - MANUAL DOS PROCESSOS\MODELO FIEL DEPOSITARIO\FIEL DEPOSITARIO - COOPERGRAOS COOPERATIVA DE ARMAZENAGEM DE GRAOS DE CAMPO VERDE\DOCUMENTOS NOVOS\OUTROS DOCUMENTOS DO ARMAZÉM - PROJETO\07 - Coopergrãos - Anexo F - Alvará de Segurança Contra Incêndio - 2024.pdf | motivo=PDF sem texto extraível; pode ser escaneado
08/09/2026 10:40:22 | INFO | Indexação em andamento | 200 de 27963 PDFs
08/09/2026 10:40:35 | INFO | Indexação em andamento | 300 de 27963 PDFs
08/09/2026 10:40:35 | INFO | Indexação em andamento | 400 de 27963 PDFs
08/09/2026 10:40:36 | INFO | Indexação em andamento | 500 de 27963 PDFs
08/09/2026 10:40:36 | INFO | Indexação em andamento | 600 de 27963 PDFs
08/09/2026 10:40:37 | INFO | Indexação em andamento | 700 de 27963 PDFs
08/09/2026 10:40:37 | INFO | Indexação em andamento | 800 de 27963 PDFs
08/09/2026 10:40:38 | INFO | Indexação em andamento | 900 de 27963 PDFs
08/09/2026 10:40:38 | INFO | Indexação em andamento | 1000 de 27963 PDFs
08/09/2026 10:40:39 | INFO | Indexação em andamento | 1100 de 27963 PDFs
08/09/2026 10:40:39 | INFO | Indexação em andamento | 1200 de 27963 PDFs
08/09/2026 10:40:40 | INFO | Indexação em andamento | 1300 de 27963 PDFs
08/09/2026 10:40:40 | INFO | Indexação em andamento | 1400 de 27963 PDFs
08/09/2026 10:40:40 | INFO | Indexação em andamento | 1500 de 27963 PDFs
08/09/2026 10:40:41 | INFO | Indexação em andamento | 1600 de 27963 PDFs
08/09/2026 10:40:41 | INFO | Indexação em andamento | 1700 de 27963 PDFs
08/09/2026 10:40:42 | INFO | Indexação em andamento | 1800 de 27963 PDFs
08/09/2026 10:40:42 | INFO | Indexação em andamento | 1900 de 27963 PDFs
08/09/2026 10:40:43 | INFO | Indexação em andamento | 2000 de 27963 PDFs
08/09/2026 10:40:43 | INFO | Indexação em andamento | 2100 de 27963 PDFs
08/09/2026 10:40:43 | INFO | Indexação em andamento | 2200 de 27963 PDFs
08/09/2026 10:40:44 | INFO | Indexação em andamento | 2300 de 27963 PDFs
08/09/2026 10:40:44 | INFO | Indexação em andamento | 2400 de 27963 PDFs
08/09/2026 10:40:45 | INFO | Indexação em andamento | 2500 de 27963 PDFs
08/09/2026 10:40:45 | INFO | Indexação em andamento | 2600 de 27963 PDFs
08/09/2026 10:40:46 | INFO | Indexação em andamento | 2700 de 27963 PDFs
08/09/2026 10:40:46 | INFO | Indexação em andamento | 2800 de 27963 PDFs
08/09/2026 10:40:47 | INFO | Indexação em andamento | 2900 de 27963 PDFs
08/09/2026 10:40:47 | INFO | Indexação em andamento | 3000 de 27963 PDFs
08/09/2026 10:40:48 | INFO | Indexação em andamento | 3100 de 27963 PDFs
08/09/2026 10:40:48 | INFO | Indexação em andamento | 3200 de 27963 PDFs
08/09/2026 10:40:49 | INFO | Indexação em andamento | 3300 de 27963 PDFs
08/09/2026 10:40:49 | INFO | Indexação em andamento | 3400 de 27963 PDFs
08/09/2026 10:40:50 | INFO | Indexação em andamento | 3500 de 27963 PDFs
08/09/2026 10:40:50 | INFO | Indexação em andamento | 3600 de 27963 PDFs
08/09/2026 10:40:51 | INFO | Indexação em andamento | 3700 de 27963 PDFs
08/09/2026 10:40:51 | INFO | Indexação em andamento | 3800 de 27963 PDFs
08/09/2026 10:40:52 | INFO | Indexação em andamento | 3900 de 27963 PDFs
08/09/2026 10:40:52 | INFO | Indexação em andamento | 4000 de 27963 PDFs
08/09/2026 10:40:53 | INFO | Indexação em andamento | 4100 de 27963 PDFs
08/09/2026 10:40:53 | INFO | Indexação em andamento | 4200 de 27963 PDFs
08/09/2026 10:40:54 | INFO | Indexação em andamento | 4300 de 27963 PDFs
08/09/2026 10:40:54 | INFO | Indexação em andamento | 4400 de 27963 PDFs
08/09/2026 10:40:54 | INFO | Indexação em andamento | 4500 de 27963 PDFs
08/09/2026 10:40:55 | INFO | Indexação em andamento | 4600 de 27963 PDFs
08/09/2026 10:40:55 | INFO | Indexação em andamento | 4700 de 27963 PDFs
08/09/2026 10:40:56 | INFO | Indexação em andamento | 4800 de 27963 PDFs
08/09/2026 10:40:56 | INFO | Indexação em andamento | 4900 de 27963 PDFs
08/09/2026 10:40:56 | INFO | Indexação em andamento | 5000 de 27963 PDFs
08/09/2026 10:40:57 | INFO | Indexação em andamento | 5100 de 27963 PDFs
08/09/2026 10:40:57 | INFO | Indexação em andamento | 5200 de 27963 PDFs
08/09/2026 10:40:58 | INFO | Indexação em andamento | 5300 de 27963 PDFs
08/09/2026 10:40:58 | INFO | Indexação em andamento | 5400 de 27963 PDFs
08/09/2026 10:40:59 | INFO | Indexação em andamento | 5500 de 27963 PDFs
08/09/2026 10:40:59 | INFO | Indexação em andamento | 5600 de 27963 PDFs
08/09/2026 10:41:00 | INFO | Indexação em andamento | 5700 de 27963 PDFs
08/09/2026 10:41:00 | INFO | Indexação em andamento | 5800 de 27963 PDFs
08/09/2026 10:41:01 | INFO | Indexação em andamento | 5900 de 27963 PDFs
08/09/2026 10:41:01 | INFO | Indexação em andamento | 6000 de 27963 PDFs
08/09/2026 10:41:02 | INFO | Indexação em andamento | 6100 de 27963 PDFs
08/09/2026 10:41:02 | INFO | Indexação em andamento | 6200 de 27963 PDFs
08/09/2026 10:41:03 | INFO | Indexação em andamento | 6300 de 27963 PDFs
08/09/2026 10:41:03 | INFO | Indexação em andamento | 6400 de 27963 PDFs
08/09/2026 10:41:04 | INFO | Indexação em andamento | 6500 de 27963 PDFs
08/09/2026 10:41:04 | INFO | Indexação em andamento | 6600 de 27963 PDFs
08/09/2026 10:41:05 | INFO | Indexação em andamento | 6700 de 27963 PDFs
08/09/2026 10:41:05 | INFO | Indexação em andamento | 6800 de 27963 PDFs
08/09/2026 10:41:06 | INFO | Indexação em andamento | 6900 de 27963 PDFs
08/09/2026 10:41:06 | INFO | Indexação em andamento | 7000 de 27963 PDFs
08/09/2026 10:41:07 | INFO | Indexação em andamento | 7100 de 27963 PDFs
08/09/2026 10:41:07 | INFO | Indexação em andamento | 7200 de 27963 PDFs
08/09/2026 10:41:08 | INFO | Indexação em andamento | 7300 de 27963 PDFs
08/09/2026 10:41:08 | INFO | Indexação em andamento | 7400 de 27963 PDFs
08/09/2026 10:41:09 | INFO | Indexação em andamento | 7500 de 27963 PDFs
08/09/2026 10:41:09 | INFO | Indexação em andamento | 7600 de 27963 PDFs
08/09/2026 10:41:10 | INFO | Indexação em andamento | 7700 de 27963 PDFs
08/09/2026 10:41:10 | INFO | Indexação em andamento | 7800 de 27963 PDFs
08/09/2026 10:41:10 | INFO | Indexação em andamento | 7900 de 27963 PDFs
08/09/2026 10:41:11 | INFO | Indexação em andamento | 8000 de 27963 PDFs
08/09/2026 10:41:11 | INFO | Indexação em andamento | 8100 de 27963 PDFs
08/09/2026 10:41:12 | INFO | Indexação em andamento | 8200 de 27963 PDFs
08/09/2026 10:41:12 | INFO | Indexação em andamento | 8300 de 27963 PDFs
08/09/2026 10:41:13 | INFO | Indexação em andamento | 8400 de 27963 PDFs
08/09/2026 10:41:13 | INFO | Indexação em andamento | 8500 de 27963 PDFs
08/09/2026 10:41:13 | INFO | Indexação em andamento | 8600 de 27963 PDFs
08/09/2026 10:41:14 | INFO | Indexação em andamento | 8700 de 27963 PDFs
08/09/2026 10:41:14 | INFO | Indexação em andamento | 8800 de 27963 PDFs
08/09/2026 10:41:15 | INFO | Indexação em andamento | 8900 de 27963 PDFs
08/09/2026 10:41:15 | INFO | Indexação em andamento | 9000 de 27963 PDFs
08/09/2026 10:41:15 | INFO | Indexação em andamento | 9100 de 27963 PDFs
08/09/2026 10:41:16 | INFO | Indexação em andamento | 9200 de 27963 PDFs
08/09/2026 10:41:16 | INFO | Indexação em andamento | 9300 de 27963 PDFs
08/09/2026 10:41:17 | INFO | Indexação em andamento | 9400 de 27963 PDFs
08/09/2026 10:41:18 | INFO | Indexação em andamento | 9500 de 27963 PDFs
08/09/2026 10:41:18 | INFO | Indexação em andamento | 9600 de 27963 PDFs
08/09/2026 10:41:19 | INFO | Indexação em andamento | 9700 de 27963 PDFs
08/09/2026 10:41:19 | INFO | Indexação em andamento | 9800 de 27963 PDFs
08/09/2026 10:41:20 | INFO | Indexação em andamento | 9900 de 27963 PDFs
08/09/2026 10:41:20 | INFO | Indexação em andamento | 10000 de 27963 PDFs
08/09/2026 10:41:21 | INFO | Indexação em andamento | 10100 de 27963 PDFs
08/09/2026 10:41:22 | INFO | Indexação em andamento | 10200 de 27963 PDFs
08/09/2026 10:41:22 | INFO | Indexação em andamento | 10300 de 27963 PDFs
08/09/2026 10:41:23 | INFO | Indexação em andamento | 10400 de 27963 PDFs
08/09/2026 10:41:23 | INFO | Indexação em andamento | 10500 de 27963 PDFs
08/09/2026 10:41:24 | INFO | Indexação em andamento | 10600 de 27963 PDFs
08/09/2026 10:41:25 | INFO | Indexação em andamento | 10700 de 27963 PDFs
08/09/2026 10:41:25 | INFO | Indexação em andamento | 10800 de 27963 PDFs
08/09/2026 10:41:26 | INFO | Indexação em andamento | 10900 de 27963 PDFs
08/09/2026 10:41:26 | INFO | Indexação em andamento | 11000 de 27963 PDFs
08/09/2026 10:41:27 | INFO | Indexação em andamento | 11100 de 27963 PDFs
08/09/2026 10:41:27 | INFO | Indexação em andamento | 11200 de 27963 PDFs
08/09/2026 10:41:28 | INFO | Indexação em andamento | 11300 de 27963 PDFs
08/09/2026 10:41:28 | INFO | Indexação em andamento | 11400 de 27963 PDFs
08/09/2026 10:41:29 | INFO | Indexação em andamento | 11500 de 27963 PDFs
08/09/2026 10:41:29 | INFO | Indexação em andamento | 11600 de 27963 PDFs
08/09/2026 10:41:30 | INFO | Indexação em andamento | 11700 de 27963 PDFs
08/09/2026 10:41:30 | INFO | Indexação em andamento | 11800 de 27963 PDFs
08/09/2026 10:41:31 | INFO | Indexação em andamento | 11900 de 27963 PDFs
08/09/2026 10:41:31 | INFO | Indexação em andamento | 12000 de 27963 PDFs
08/09/2026 10:41:32 | INFO | Indexação em andamento | 12100 de 27963 PDFs
08/09/2026 10:41:32 | INFO | Indexação em andamento | 12200 de 27963 PDFs
08/09/2026 10:41:32 | INFO | Indexação em andamento | 12300 de 27963 PDFs
08/09/2026 10:41:33 | INFO | Indexação em andamento | 12400 de 27963 PDFs
08/09/2026 10:41:33 | INFO | Indexação em andamento | 12500 de 27963 PDFs
08/09/2026 10:41:33 | INFO | Indexação em andamento | 12600 de 27963 PDFs
08/09/2026 10:41:34 | INFO | Indexação em andamento | 12700 de 27963 PDFs
08/09/2026 10:41:34 | INFO | Indexação em andamento | 12800 de 27963 PDFs
08/09/2026 10:41:35 | INFO | Indexação em andamento | 12900 de 27963 PDFs
08/09/2026 10:41:35 | INFO | Indexação em andamento | 13000 de 27963 PDFs
08/09/2026 10:41:36 | INFO | Indexação em andamento | 13100 de 27963 PDFs
08/09/2026 10:41:36 | INFO | Indexação em andamento | 13200 de 27963 PDFs
08/09/2026 10:41:36 | INFO | Indexação em andamento | 13300 de 27963 PDFs
08/09/2026 10:41:37 | INFO | Indexação em andamento | 13400 de 27963 PDFs
08/09/2026 10:41:37 | INFO | Indexação em andamento | 13500 de 27963 PDFs
08/09/2026 10:41:38 | INFO | Indexação em andamento | 13600 de 27963 PDFs
08/09/2026 10:41:38 | INFO | Indexação em andamento | 13700 de 27963 PDFs
08/09/2026 10:41:38 | INFO | Indexação em andamento | 13800 de 27963 PDFs
08/09/2026 10:41:39 | INFO | Indexação em andamento | 13900 de 27963 PDFs
08/09/2026 10:41:39 | INFO | Indexação em andamento | 14000 de 27963 PDFs
08/09/2026 10:41:40 | INFO | Indexação em andamento | 14100 de 27963 PDFs
08/09/2026 10:41:40 | INFO | Indexação em andamento | 14200 de 27963 PDFs
08/09/2026 10:41:41 | INFO | Indexação em andamento | 14300 de 27963 PDFs
08/09/2026 10:41:41 | INFO | Indexação em andamento | 14400 de 27963 PDFs
08/09/2026 10:41:41 | INFO | Indexação em andamento | 14500 de 27963 PDFs
08/09/2026 10:41:42 | INFO | Indexação em andamento | 14600 de 27963 PDFs
08/09/2026 10:41:42 | INFO | Indexação em andamento | 14700 de 27963 PDFs
08/09/2026 10:41:42 | INFO | Indexação em andamento | 14800 de 27963 PDFs
08/09/2026 10:41:43 | INFO | Indexação em andamento | 14900 de 27963 PDFs
08/09/2026 10:41:43 | INFO | Indexação em andamento | 15000 de 27963 PDFs
08/09/2026 10:41:44 | INFO | Indexação em andamento | 15100 de 27963 PDFs
08/09/2026 10:41:44 | INFO | Indexação em andamento | 15200 de 27963 PDFs
08/09/2026 10:41:45 | INFO | Indexação em andamento | 15300 de 27963 PDFs
08/09/2026 10:41:45 | INFO | Indexação em andamento | 15400 de 27963 PDFs
08/09/2026 10:41:45 | INFO | Indexação em andamento | 15500 de 27963 PDFs
08/09/2026 10:41:46 | INFO | Indexação em andamento | 15600 de 27963 PDFs
08/09/2026 10:41:46 | INFO | Indexação em andamento | 15700 de 27963 PDFs
08/09/2026 10:41:47 | INFO | Indexação em andamento | 15800 de 27963 PDFs
08/09/2026 10:41:47 | INFO | Indexação em andamento | 15900 de 27963 PDFs
08/09/2026 10:41:47 | INFO | Indexação em andamento | 16000 de 27963 PDFs
08/09/2026 10:41:48 | INFO | Indexação em andamento | 16100 de 27963 PDFs
08/09/2026 10:41:48 | INFO | Indexação em andamento | 16200 de 27963 PDFs
08/09/2026 10:41:49 | INFO | Indexação em andamento | 16300 de 27963 PDFs
08/09/2026 10:41:49 | INFO | Indexação em andamento | 16400 de 27963 PDFs
08/09/2026 10:41:50 | INFO | Indexação em andamento | 16500 de 27963 PDFs
08/09/2026 10:41:50 | INFO | Indexação em andamento | 16600 de 27963 PDFs
08/09/2026 10:41:50 | INFO | Indexação em andamento | 16700 de 27963 PDFs
08/09/2026 10:41:51 | INFO | Indexação em andamento | 16800 de 27963 PDFs
08/09/2026 10:41:51 | INFO | Indexação em andamento | 16900 de 27963 PDFs
08/09/2026 10:41:51 | INFO | Indexação em andamento | 17000 de 27963 PDFs
08/09/2026 10:41:52 | INFO | Indexação em andamento | 17100 de 27963 PDFs
08/09/2026 10:41:52 | INFO | Indexação em andamento | 17200 de 27963 PDFs
08/09/2026 10:41:52 | INFO | Indexação em andamento | 17300 de 27963 PDFs
08/09/2026 10:41:52 | INFO | Indexação em andamento | 17400 de 27963 PDFs
08/09/2026 10:41:53 | INFO | Indexação em andamento | 17500 de 27963 PDFs
08/09/2026 10:41:53 | INFO | Indexação em andamento | 17600 de 27963 PDFs
08/09/2026 10:41:53 | INFO | Indexação em andamento | 17700 de 27963 PDFs
08/09/2026 10:41:54 | INFO | Indexação em andamento | 17800 de 27963 PDFs
08/09/2026 10:41:54 | INFO | Indexação em andamento | 17900 de 27963 PDFs
08/09/2026 10:41:54 | INFO | Indexação em andamento | 18000 de 27963 PDFs
08/09/2026 10:41:55 | INFO | Indexação em andamento | 18100 de 27963 PDFs
08/09/2026 10:41:55 | INFO | Indexação em andamento | 18200 de 27963 PDFs
08/09/2026 10:41:56 | INFO | Indexação em andamento | 18300 de 27963 PDFs
08/09/2026 10:41:56 | INFO | Indexação em andamento | 18400 de 27963 PDFs
08/09/2026 10:41:56 | INFO | Indexação em andamento | 18500 de 27963 PDFs
08/09/2026 10:41:57 | INFO | Indexação em andamento | 18600 de 27963 PDFs
08/09/2026 10:41:57 | INFO | Indexação em andamento | 18700 de 27963 PDFs
08/09/2026 10:41:58 | INFO | Indexação em andamento | 18800 de 27963 PDFs
08/09/2026 10:41:58 | INFO | Indexação em andamento | 18900 de 27963 PDFs
08/09/2026 10:41:58 | INFO | Indexação em andamento | 19000 de 27963 PDFs
08/09/2026 10:41:59 | INFO | Indexação em andamento | 19100 de 27963 PDFs
08/09/2026 10:41:59 | INFO | Indexação em andamento | 19200 de 27963 PDFs
08/09/2026 10:41:59 | INFO | Indexação em andamento | 19300 de 27963 PDFs
08/09/2026 10:41:59 | INFO | Indexação em andamento | 19400 de 27963 PDFs
08/09/2026 10:42:00 | INFO | Indexação em andamento | 19500 de 27963 PDFs
08/09/2026 10:42:00 | INFO | Indexação em andamento | 19600 de 27963 PDFs
08/09/2026 10:42:01 | INFO | Indexação em andamento | 19700 de 27963 PDFs
08/09/2026 10:42:01 | INFO | Indexação em andamento | 19800 de 27963 PDFs
08/09/2026 10:42:01 | INFO | Indexação em andamento | 19900 de 27963 PDFs
08/09/2026 10:42:02 | INFO | Indexação em andamento | 20000 de 27963 PDFs
08/09/2026 10:42:02 | INFO | Indexação em andamento | 20100 de 27963 PDFs
08/09/2026 10:42:02 | INFO | Indexação em andamento | 20200 de 27963 PDFs
08/09/2026 10:42:02 | INFO | Indexação em andamento | 20300 de 27963 PDFs
08/09/2026 10:42:03 | INFO | Indexação em andamento | 20400 de 27963 PDFs
08/09/2026 10:42:03 | INFO | Indexação em andamento | 20500 de 27963 PDFs
08/09/2026 10:42:04 | INFO | Indexação em andamento | 20600 de 27963 PDFs
08/09/2026 10:42:04 | INFO | Indexação em andamento | 20700 de 27963 PDFs
08/09/2026 10:42:04 | INFO | Indexação em andamento | 20800 de 27963 PDFs
08/09/2026 10:42:05 | INFO | Indexação em andamento | 20900 de 27963 PDFs
08/09/2026 10:42:05 | INFO | Indexação em andamento | 21000 de 27963 PDFs
08/09/2026 10:42:05 | INFO | Indexação em andamento | 21100 de 27963 PDFs
08/09/2026 10:42:06 | INFO | Indexação em andamento | 21200 de 27963 PDFs
08/09/2026 10:42:06 | INFO | Indexação em andamento | 21300 de 27963 PDFs
08/09/2026 10:42:06 | INFO | Indexação em andamento | 21400 de 27963 PDFs
08/09/2026 10:42:06 | INFO | Indexação em andamento | 21500 de 27963 PDFs
08/09/2026 10:42:07 | INFO | Indexação em andamento | 21600 de 27963 PDFs
08/09/2026 10:42:07 | INFO | Indexação em andamento | 21700 de 27963 PDFs
08/09/2026 10:42:07 | INFO | Indexação em andamento | 21800 de 27963 PDFs
08/09/2026 10:42:08 | INFO | Indexação em andamento | 21900 de 27963 PDFs
08/09/2026 10:42:08 | INFO | Indexação em andamento | 22000 de 27963 PDFs
08/09/2026 10:42:08 | INFO | Indexação em andamento | 22100 de 27963 PDFs
08/09/2026 10:42:09 | INFO | Indexação em andamento | 22200 de 27963 PDFs
08/09/2026 10:42:09 | INFO | Indexação em andamento | 22300 de 27963 PDFs
08/09/2026 10:42:09 | INFO | Indexação em andamento | 22400 de 27963 PDFs
08/09/2026 10:42:10 | INFO | Indexação em andamento | 22500 de 27963 PDFs
08/09/2026 10:42:11 | WARNING | PDF não indexado | arquivo=F:\Documentos\Rafael\MADEMARI MADEIRAS LTDA\FILIAL 1\MATRÍCULA DA ÁREA.PDF.PDF | motivo=PDF sem texto extraível; pode ser escaneado
08/09/2026 10:42:11 | WARNING | PDF não indexado | arquivo=F:\Documentos\Rafael\MADEMARI MADEIRAS LTDA\FOTOS.pdf | motivo=PDF sem texto extraível; pode ser escaneado
08/09/2026 10:42:11 | WARNING | PDF não indexado | arquivo=F:\Documentos\Rafael\MADEMARI MADEIRAS LTDA\MATRÍCULA.pdf | motivo=PDF sem texto extraível; pode ser escaneado
08/09/2026 10:42:11 | WARNING | PDF não indexado | arquivo=F:\Documentos\Rafael\MADEMARI MADEIRAS LTDA\PRODEIC\2014\11 - FOTOS LAZER.pdf | motivo=PDF sem texto extraível; pode ser escaneado
08/09/2026 10:42:12 | WARNING | PDF não indexado | arquivo=F:\Documentos\Rafael\MADEMARI MADEIRAS LTDA\PRODEIC\2014\12 - PLANO DE SAUDE.pdf | motivo=PDF sem texto extraível; pode ser escaneado
08/09/2026 10:42:12 | WARNING | PDF não indexado | arquivo=F:\Documentos\Rafael\MADEMARI MADEIRAS LTDA\PRODEIC\2014\4 - RAIS 2014.pdf | motivo=PDF sem texto extraível; pode ser escaneado
08/09/2026 10:42:12 | WARNING | PDF não indexado | arquivo=F:\Documentos\Rafael\MADEMARI MADEIRAS LTDA\PRODEIC\2015\11 - FOTOS LAZER.pdf | motivo=PDF sem texto extraível; pode ser escaneado
08/09/2026 10:42:12 | WARNING | PDF não indexado | arquivo=F:\Documentos\Rafael\MADEMARI MADEIRAS LTDA\PRODEIC\2015\12 - PLANO DE SAUDE.pdf | motivo=PDF sem texto extraível; pode ser escaneado
08/09/2026 10:42:12 | WARNING | PDF não indexado | arquivo=F:\Documentos\Rafael\MADEMARI MADEIRAS LTDA\PRODEIC\2015\4 - RAIS 2015.pdf | motivo=PDF sem texto extraível; pode ser escaneado
08/09/2026 10:42:13 | WARNING | PDF não indexado | arquivo=F:\Documentos\Rafael\MADEMARI MADEIRAS LTDA\PRODEIC\2016\1 - TREINAMENTO E QUALIFICAÇÃO.pdf | motivo=PDF sem texto extraível; pode ser escaneado
08/09/2026 10:42:13 | WARNING | PDF não indexado | arquivo=F:\Documentos\Rafael\MADEMARI MADEIRAS LTDA\PRODEIC\2016\11 - FOTOS LAZER.pdf | motivo=PDF sem texto extraível; pode ser escaneado
08/09/2026 10:42:13 | WARNING | PDF não indexado | arquivo=F:\Documentos\Rafael\MADEMARI MADEIRAS LTDA\PRODEIC\2016\12 - PLANO DE SAUDE.pdf | motivo=PDF sem texto extraível; pode ser escaneado
08/09/2026 10:42:13 | WARNING | PDF não indexado | arquivo=F:\Documentos\Rafael\MADEMARI MADEIRAS LTDA\PRODEIC\2016\2 - IMPLANTAÇÃO CONTROLE DE QUALIDADE.pdf | motivo=PDF sem texto extraível; pode ser escaneado
08/09/2026 10:42:13 | WARNING | PDF não indexado | arquivo=F:\Documentos\Rafael\MADEMARI MADEIRAS LTDA\PRODEIC\2016\3 - DECLARAÇÃO COMPETIVIDADE.pdf | motivo=PDF sem texto extraível; pode ser escaneado
08/09/2026 10:42:13 | WARNING | PDF não indexado | arquivo=F:\Documentos\Rafael\MADEMARI MADEIRAS LTDA\PRODEIC\2016\4 - RAIS 2016.pdf | motivo=PDF sem texto extraível; pode ser escaneado
08/09/2026 10:42:13 | WARNING | PDF não indexado | arquivo=F:\Documentos\Rafael\MADEMARI MADEIRAS LTDA\PRODEIC\2016\7 - BALANÇO.pdf | motivo=PDF sem texto extraível; pode ser escaneado
08/09/2026 10:42:14 | WARNING | PDF não indexado | arquivo=F:\Documentos\Rafael\MADEMARI MADEIRAS LTDA\PRODEIC\2017\11 - FOTOS LAZER.pdf | motivo=PDF sem texto extraível; pode ser escaneado
08/09/2026 10:42:14 | WARNING | PDF não indexado | arquivo=F:\Documentos\Rafael\MADEMARI MADEIRAS LTDA\PRODEIC\2017\12 - PLANO DE SAUDE.pdf | motivo=PDF sem texto extraível; pode ser escaneado
08/09/2026 10:42:14 | WARNING | PDF não indexado | arquivo=F:\Documentos\Rafael\MADEMARI MADEIRAS LTDA\PRODEIC\2017\4 - RAIS 2017.pdf | motivo=PDF sem texto extraível; pode ser escaneado
08/09/2026 10:42:14 | WARNING | PDF não indexado | arquivo=F:\Documentos\Rafael\MADEMARI MADEIRAS LTDA\PRODEIC\2017\7 - BALANÇO - 2017.pdf | motivo=PDF sem texto extraível; pode ser escaneado
08/09/2026 10:42:14 | WARNING | PDF não indexado | arquivo=F:\Documentos\Rafael\MADEMARI MADEIRAS LTDA\PRODEIC\2018\1 - TREINAMENTO E QUALIFICAÇÃO MÃO DE OBRA.pdf | motivo=PDF sem texto extraível; pode ser escaneado
08/09/2026 10:42:14 | WARNING | PDF não indexado | arquivo=F:\Documentos\Rafael\MADEMARI MADEIRAS LTDA\PRODEIC\2018\11 - FOTOS LAZER.pdf | motivo=PDF sem texto extraível; pode ser escaneado
08/09/2026 10:42:15 | WARNING | PDF não indexado | arquivo=F:\Documentos\Rafael\MADEMARI MADEIRAS LTDA\PRODEIC\2018\12 - PLANO DE SAUDE.pdf | motivo=PDF sem texto extraível; pode ser escaneado
08/09/2026 10:42:15 | WARNING | PDF não indexado | arquivo=F:\Documentos\Rafael\MADEMARI MADEIRAS LTDA\PRODEIC\2018\4 - RAIS 2018.pdf | motivo=PDF sem texto extraível; pode ser escaneado
08/09/2026 10:42:15 | WARNING | PDF não indexado | arquivo=F:\Documentos\Rafael\MADEMARI MADEIRAS LTDA\PRODEIC\2018\7 - BALANÇO 2018.pdf | motivo=PDF sem texto extraível; pode ser escaneado
08/09/2026 10:42:16 | WARNING | PDF não indexado | arquivo=F:\Documentos\Rafael\MADEMARI MADEIRAS LTDA\PRODEIC\2018\9 - MENOR APRENDIZ - 2018.pdf | motivo=PDF sem texto extraível; pode ser escaneado
08/09/2026 10:42:18 | WARNING | PDF não indexado | arquivo=F:\Documentos\Rafael\MADEMARI MADEIRAS LTDA\PRODEIC\2019\1 - TREINAMENTOS E QUALIFICAÇÃO.pdf | motivo=PDF sem texto extraível; pode ser escaneado
08/09/2026 10:42:18 | WARNING | PDF não indexado | arquivo=F:\Documentos\Rafael\MADEMARI MADEIRAS LTDA\PRODEIC\2019\10 - RELATÓRIO DE CONT. P MELHORIA IDH DE MT.pdf | motivo=PDF sem texto extraível; pode ser escaneado
08/09/2026 10:42:18 | WARNING | PDF não indexado | arquivo=F:\Documentos\Rafael\MADEMARI MADEIRAS LTDA\PRODEIC\2019\11 - FOTOS LAZER.pdf | motivo=PDF sem texto extraível; pode ser escaneado
08/09/2026 10:42:18 | WARNING | PDF não indexado | arquivo=F:\Documentos\Rafael\MADEMARI MADEIRAS LTDA\PRODEIC\2019\12 - PLANO DE SAUDE.pdf | motivo=PDF sem texto extraível; pode ser escaneado
08/09/2026 10:42:18 | WARNING | PDF não indexado | arquivo=F:\Documentos\Rafael\MADEMARI MADEIRAS LTDA\PRODEIC\2019\2 - IMPLANTAÇÃO DE CONTROLE DE QUALIDADE.pdf | motivo=PDF sem texto extraível; pode ser escaneado
08/09/2026 10:42:18 | WARNING | PDF não indexado | arquivo=F:\Documentos\Rafael\MADEMARI MADEIRAS LTDA\PRODEIC\2019\3 - CONTRIBUIÇÃO PARA MELHORIA.pdf | motivo=PDF sem texto extraível; pode ser escaneado
08/09/2026 10:42:18 | WARNING | PDF não indexado | arquivo=F:\Documentos\Rafael\MADEMARI MADEIRAS LTDA\PRODEIC\2019\4 - INFORMAÇÕES SOBRE DESOBRIGAÇÃO DO RAIS CAGED.pdf | motivo=PDF sem texto extraível; pode ser escaneado
08/09/2026 10:42:19 | WARNING | PDF não indexado | arquivo=F:\Documentos\Rafael\MADEMARI MADEIRAS LTDA\PRODEIC\2019\7 - BALANÇO 2019.pdf | motivo=PDF sem texto extraível; pode ser escaneado
08/09/2026 10:42:19 | WARNING | PDF não indexado | arquivo=F:\Documentos\Rafael\MADEMARI MADEIRAS LTDA\PRODEIC\2019\9 - MENOR APRENDIZ - 2019.pdf | motivo=PDF sem texto extraível; pode ser escaneado
08/09/2026 10:42:19 | WARNING | PDF não indexado | arquivo=F:\Documentos\Rafael\MADEMARI MADEIRAS LTDA\PRODEIC\DOCUMENTOS ENVIADOS 2022 - PORT. 038.2021 SEDEC\DECLARAÇÃO DE ENVIO DE DOCUMENTOS.pdf | motivo=PDF sem texto extraível; pode ser escaneado
08/09/2026 10:42:20 | INFO | Indexação em andamento | 22600 de 27963 PDFs
08/09/2026 10:42:21 | WARNING | PDF não indexado | arquivo=F:\Documentos\Rafael\MADEMARI MADEIRAS LTDA\PRODEIC\DOCUMENTOS ENVIADOS 2022 - PORT. 038.2021 SEDEC\Item 04 - Novos Postos de Trabalho - CAGED e ESocial\INFORMAÇÕES SOBRE DESOBRIGAÇÃO DO RAIS CAGED - 2019.pdf | motivo=PDF sem texto extraível; pode ser escaneado
08/09/2026 10:42:21 | WARNING | PDF não indexado | arquivo=F:\Documentos\Rafael\MADEMARI MADEIRAS LTDA\PRODEIC\DOCUMENTOS ENVIADOS 2022 - PORT. 038.2021 SEDEC\Item 04 - Novos Postos de Trabalho - CAGED e ESocial\RAIS 2014.pdf | motivo=PDF sem texto extraível; pode ser escaneado
08/09/2026 10:42:21 | WARNING | PDF não indexado | arquivo=F:\Documentos\Rafael\MADEMARI MADEIRAS LTDA\PRODEIC\DOCUMENTOS ENVIADOS 2022 - PORT. 038.2021 SEDEC\Item 04 - Novos Postos de Trabalho - CAGED e ESocial\RAIS 2015.pdf | motivo=PDF sem texto extraível; pode ser escaneado
08/09/2026 10:42:21 | WARNING | PDF não indexado | arquivo=F:\Documentos\Rafael\MADEMARI MADEIRAS LTDA\PRODEIC\DOCUMENTOS ENVIADOS 2022 - PORT. 038.2021 SEDEC\Item 04 - Novos Postos de Trabalho - CAGED e ESocial\RAIS 2016.pdf | motivo=PDF sem texto extraível; pode ser escaneado
08/09/2026 10:42:21 | WARNING | PDF não indexado | arquivo=F:\Documentos\Rafael\MADEMARI MADEIRAS LTDA\PRODEIC\DOCUMENTOS ENVIADOS 2022 - PORT. 038.2021 SEDEC\Item 04 - Novos Postos de Trabalho - CAGED e ESocial\RAIS 2017.pdf | motivo=PDF sem texto extraível; pode ser escaneado
08/09/2026 10:42:22 | WARNING | PDF não indexado | arquivo=F:\Documentos\Rafael\MADEMARI MADEIRAS LTDA\PRODEIC\DOCUMENTOS ENVIADOS 2022 - PORT. 038.2021 SEDEC\Item 04 - Novos Postos de Trabalho - CAGED e ESocial\RAIS 2018.pdf | motivo=PDF sem texto extraível; pode ser escaneado
08/09/2026 10:42:22 | WARNING | PDF não indexado | arquivo=F:\Documentos\Rafael\MADEMARI MADEIRAS LTDA\PRODEIC\DOCUMENTOS ENVIADOS 2022 - PORT. 038.2021 SEDEC\Item 05 - HOLERITES\HOLERITES - PLR- 2014.pdf | motivo=PDF sem texto extraível; pode ser escaneado
08/09/2026 10:42:23 | WARNING | PDF não indexado | arquivo=F:\Documentos\Rafael\MADEMARI MADEIRAS LTDA\PRODEIC\DOCUMENTOS ENVIADOS 2022 - PORT. 038.2021 SEDEC\Item 05 - HOLERITES\HOLERITES - PLR- 2015.pdf | motivo=PDF sem texto extraível; pode ser escaneado
08/09/2026 10:42:24 | WARNING | PDF não indexado | arquivo=F:\Documentos\Rafael\MADEMARI MADEIRAS LTDA\PRODEIC\DOCUMENTOS ENVIADOS 2022 - PORT. 038.2021 SEDEC\Item 05 - HOLERITES\HOLERITES - PLR- 2016.pdf | motivo=PDF sem texto extraível; pode ser escaneado
08/09/2026 10:42:25 | WARNING | PDF não indexado | arquivo=F:\Documentos\Rafael\MADEMARI MADEIRAS LTDA\PRODEIC\DOCUMENTOS ENVIADOS 2022 - PORT. 038.2021 SEDEC\Item 05 - HOLERITES\HOLERITES - PLR- 2017.pdf | motivo=PDF sem texto extraível; pode ser escaneado
08/09/2026 10:42:27 | WARNING | PDF não indexado | arquivo=F:\Documentos\Rafael\MADEMARI MADEIRAS LTDA\PRODEIC\DOCUMENTOS ENVIADOS 2022 - PORT. 038.2021 SEDEC\Item 05 - HOLERITES\HOLERITES - PLR- 2018.pdf | motivo=PDF sem texto extraível; pode ser escaneado
08/09/2026 10:42:29 | WARNING | PDF não indexado | arquivo=F:\Documentos\Rafael\MADEMARI MADEIRAS LTDA\PRODEIC\DOCUMENTOS ENVIADOS 2022 - PORT. 038.2021 SEDEC\Item 05 - HOLERITES\HOLERITES - PLR- 2019.pdf | motivo=PDF sem texto extraível; pode ser escaneado
08/09/2026 10:42:30 | INFO | Indexação em andamento | 22700 de 27963 PDFs
08/09/2026 10:42:32 | WARNING | PDF não indexado | arquivo=F:\Documentos\Rafael\MADEMARI MADEIRAS LTDA\PRODEIC\DOCUMENTOS ENVIADOS 2022 - PORT. 038.2021 SEDEC\PROTOCOLO.pdf | motivo=PDF sem texto extraível; pode ser escaneado
08/09/2026 10:42:32 | WARNING | PDF não indexado | arquivo=F:\Documentos\Rafael\MADEMARI MADEIRAS LTDA\PRODEIC\DOCUMENTOS SOLICITADOS NO EMAIL - 11.2022 (NOTIFICAÇÃO)\1 - CERTIFICADOS.pdf | motivo=PDF sem texto extraível; pode ser escaneado
08/09/2026 10:42:32 | WARNING | PDF não indexado | arquivo=F:\Documentos\Rafael\MADEMARI MADEIRAS LTDA\PRODEIC\DOCUMENTOS SOLICITADOS NO EMAIL - 11.2022 (NOTIFICAÇÃO)\2 - INFORMAÇÕES SOBRE DESOBRIGAÇÃO DO RAIS CAGED - 2019.pdf | motivo=PDF sem texto extraível; pode ser escaneado
08/09/2026 10:42:33 | WARNING | PDF não indexado | arquivo=F:\Documentos\Rafael\MADEMARI MADEIRAS LTDA\PRODEIC\DOCUMENTOS SOLICITADOS NO EMAIL - 11.2022 (NOTIFICAÇÃO)\3 - RELAÇÃO FUNCIONÁRIOS.pdf | motivo=PDF sem texto extraível; pode ser escaneado
08/09/2026 10:42:33 | WARNING | PDF não indexado | arquivo=F:\Documentos\Rafael\MADEMARI MADEIRAS LTDA\PRODEIC\DOCUMENTOS SOLICITADOS NO EMAIL - 11.2022 (NOTIFICAÇÃO)\4 - CONTRATO PLANO DE SAUDE.pdf | motivo=PDF sem texto extraível; pode ser escaneado
08/09/2026 10:42:34 | WARNING | PDF não indexado | arquivo=F:\Documentos\Rafael\MADEMARI MADEIRAS LTDA\PRODEIC\DOCUMENTOS SOLICITADOS NO EMAIL - 11.2022 (NOTIFICAÇÃO)\TREINAMENTO E CAPACITAÇÃO - CERTIFICADOS 2014.pdf | motivo=PDF sem texto extraível; pode ser escaneado
08/09/2026 10:42:34 | WARNING | PDF não indexado | arquivo=F:\Documentos\Rafael\MADEMARI MADEIRAS LTDA\PRODEIC\DOCUMENTOS SOLICITADOS NO EMAIL - 11.2022 (NOTIFICAÇÃO)\TREINAMENTO E CAPACITAÇÃO - CERTIFICADOS 2015.pdf | motivo=PDF sem texto extraível; pode ser escaneado
08/09/2026 10:42:34 | WARNING | PDF não indexado | arquivo=F:\Documentos\Rafael\MADEMARI MADEIRAS LTDA\PRODEIC\DOCUMENTOS SOLICITADOS NO EMAIL - 11.2022 (NOTIFICAÇÃO)\TREINAMENTO E CAPACITAÇÃO - CERTIFICADOS 2017.pdf | motivo=PDF sem texto extraível; pode ser escaneado
08/09/2026 10:42:35 | INFO | Indexação em andamento | 22800 de 27963 PDFs
08/09/2026 10:42:51 | WARNING | PDF não indexado | arquivo=F:\Documentos\Rafael\MADEMARI MADEIRAS LTDA\PRODEIC\TERMO DE ACORDO PRODEIC (1º Aditivo) - MADEMARI.pdf | motivo=PDF sem texto extraível; pode ser escaneado
08/09/2026 10:42:51 | WARNING | PDF não indexado | arquivo=F:\Documentos\Rafael\MADEMARI MADEIRAS LTDA\PRODEIC\TERMO DE ACORDO PRODEIC - MADEMARI.pdf | motivo=PDF sem texto extraível; pode ser escaneado
08/09/2026 10:42:52 | WARNING | PDF não indexado | arquivo=F:\Documentos\Rafael\MADEMARI MADEIRAS LTDA\PROTOCOLO LO.pdf | motivo=PDF sem texto extraível; pode ser escaneado
08/09/2026 10:42:53 | WARNING | PDF não indexado | arquivo=F:\Documentos\Rafael\MADEMARI MADEIRAS LTDA\SUDAM - INFORMAÇÕES\LAUDO - CONEXÕES DIVERSAS.pdf | motivo=PDF sem texto extraível; pode ser escaneado
08/09/2026 10:42:53 | WARNING | PDF não indexado | arquivo=F:\Documentos\Rafael\MADEMARI MADEIRAS LTDA\SUDAM - INFORMAÇÕES\LAUDO - MANGUEIRAS.pdf | motivo=PDF sem texto extraível; pode ser escaneado
08/09/2026 10:42:53 | WARNING | PDF não indexado | arquivo=F:\Documentos\Rafael\MADEMARI MADEIRAS LTDA\SUDAM - INFORMAÇÕES\LAUDO - TUBOS DIVERSOS.pdf | motivo=PDF sem texto extraível; pode ser escaneado
08/09/2026 10:42:53 | WARNING | PDF não indexado | arquivo=F:\Documentos\Rafael\MADEMARI MADEIRAS LTDA\SUDAM - INFORMAÇÕES\LAUDOS - FORROS DIVERSOS.pdf | motivo=PDF sem texto extraível; pode ser escaneado
08/09/2026 10:42:54 | WARNING | PDF não indexado | arquivo=F:\Documentos\Rafael\MADEMARI MADEIRAS LTDA\TAC - 2017.pdf | motivo=PDF sem texto extraível; pode ser escaneado
08/09/2026 10:42:54 | WARNING | PDF não indexado | arquivo=F:\Documentos\Rafael\MADEMARI MADEIRAS LTDA\TAC - 2022.pdf | motivo=PDF sem texto extraível; pode ser escaneado
08/09/2026 10:42:54 | WARNING | PDF não indexado | arquivo=F:\Documentos\Rafael\MADEMARI MADEIRAS LTDA\TAC - 2023.pdf | motivo=PDF sem texto extraível; pode ser escaneado
08/09/2026 10:42:54 | WARNING | PDF não indexado | arquivo=F:\Documentos\Rafael\MADEMARI MADEIRAS LTDA\TAC - 2024.pdf | motivo=PDF sem texto extraível; pode ser escaneado
08/09/2026 10:42:56 | WARNING | PDF não indexado | arquivo=F:\Documentos\Rafael\MADRID EMPREENDIMENTOS IMOBILIÁRIOS SPE\DOCUMENTOS ADVOGADA.pdf | motivo=PDF sem texto extraível; pode ser escaneado
08/09/2026 10:42:56 | WARNING | PDF não indexado | arquivo=F:\Documentos\Rafael\MADRID EMPREENDIMENTOS IMOBILIÁRIOS SPE\DOCUMENTOS GERALDO.pdf | motivo=PDF sem texto extraível; pode ser escaneado
08/09/2026 10:42:56 | WARNING | PDF não indexado | arquivo=F:\Documentos\Rafael\MADRID EMPREENDIMENTOS IMOBILIÁRIOS SPE\DOCUMENTOS NEIVA.pdf | motivo=PDF sem texto extraível; pode ser escaneado
08/09/2026 10:42:57 | WARNING | PDF não indexado | arquivo=F:\Documentos\Rafael\MAGNOS FERNANDO FIUT LTDA\FOTOS.pdf | motivo=PDF sem texto extraível; pode ser escaneado
08/09/2026 10:42:57 | WARNING | PDF não indexado | arquivo=F:\Documentos\Rafael\MAGNOS FERNANDO FIUT LTDA\HABITE-SE.pdf | motivo=PDF sem texto extraível; pode ser escaneado
08/09/2026 10:42:58 | INFO | Indexação em andamento | 22900 de 27963 PDFs
08/09/2026 10:42:59 | WARNING | PDF não indexado | arquivo=F:\Documentos\Rafael\MANOS AQUARELA PADEL - SINOP\MATRÍCULA IMÓVEL - 66090.pdf | motivo=PDF sem texto extraível; pode ser escaneado
08/09/2026 10:42:59 | WARNING | PDF não indexado | arquivo=F:\Documentos\Rafael\MANOS AQUARELA PADEL - SINOP\MATRÍCULA IMÓVEL - 66091.pdf | motivo=PDF sem texto extraível; pode ser escaneado
08/09/2026 10:43:00 | WARNING | PDF não indexado | arquivo=F:\Documentos\Rafael\MARMO-REAL MÁRMORES E GRANITOS EIRELI\1º alteração - contrato social.pdf | motivo=PDF sem texto extraível; pode ser escaneado
08/09/2026 10:43:00 | WARNING | PDF não indexado | arquivo=F:\Documentos\Rafael\MARMO-REAL MÁRMORES E GRANITOS EIRELI\2º alteração - contrato social.pdf | motivo=PDF sem texto extraível; pode ser escaneado
08/09/2026 10:43:00 | WARNING | PDF não indexado | arquivo=F:\Documentos\Rafael\MARMO-REAL MÁRMORES E GRANITOS EIRELI\3º alteração - contrato social.pdf | motivo=PDF sem texto extraível; pode ser escaneado
08/09/2026 10:43:01 | WARNING | PDF não indexado | arquivo=F:\Documentos\Rafael\MARMO-REAL MÁRMORES E GRANITOS EIRELI\4º alteração - contrato social.pdf | motivo=PDF sem texto extraível; pode ser escaneado
08/09/2026 10:43:01 | WARNING | PDF não indexado | arquivo=F:\Documentos\Rafael\MARMO-REAL MÁRMORES E GRANITOS EIRELI\6º ALTERAÇÃO\doc29525520170613164949.pdf | motivo=PDF sem texto extraível; pode ser escaneado
08/09/2026 10:43:02 | WARNING | PDF não indexado | arquivo=F:\Documentos\Rafael\MARMO-REAL MÁRMORES E GRANITOS EIRELI\CONTRATO DE LOCAÇÃO.pdf | motivo=PDF sem texto extraível; pode ser escaneado
08/09/2026 10:43:05 | WARNING | PDF não indexado | arquivo=F:\Documentos\Rafael\MARMO-REAL MÁRMORES E GRANITOS EIRELI\CONTRATO SOCIAL - 6º ALT.pdf | motivo=PDF sem texto extraível; pode ser escaneado
08/09/2026 10:43:06 | WARNING | PDF não indexado | arquivo=F:\Documentos\Rafael\MARMO-REAL MÁRMORES E GRANITOS EIRELI\DOCUMENTO KASSIANE.pdf | motivo=PDF sem texto extraível; pode ser escaneado
08/09/2026 10:43:06 | WARNING | PDF não indexado | arquivo=F:\Documentos\Rafael\MARMO-REAL MÁRMORES E GRANITOS EIRELI\DOCUMENTO SERGIO.pdf | motivo=PDF sem texto extraível; pode ser escaneado
08/09/2026 10:43:07 | WARNING | PDF não indexado | arquivo=F:\Documentos\Rafael\MARMO-REAL MÁRMORES E GRANITOS EIRELI\LO.pdf | motivo=PDF sem texto extraível; pode ser escaneado
08/09/2026 10:43:09 | WARNING | PDF não indexado | arquivo=F:\Documentos\Rafael\MATRIA FERTILIZANTES\DIFERIMENTO 2º  OPERAÇÃO\4 - TERMO OPÇÃO - LIVRO.pdf | motivo=PDF sem texto extraível; pode ser escaneado
08/09/2026 10:43:09 | WARNING | PDF não indexado | arquivo=F:\Documentos\Rafael\MATRIA FERTILIZANTES\DIFERIMENTO 2º  OPERAÇÃO\5 - CAPA LIVRO.pdf | motivo=PDF sem texto extraível; pode ser escaneado
08/09/2026 10:43:09 | WARNING | PDF não indexado | arquivo=F:\Documentos\Rafael\MATRIA FERTILIZANTES\DOCUMENTOS SÓCIOS\DOCUMENTOS SÓCIO - ADRIANO - Certidão de casamento.pdf | motivo=PDF sem texto extraível; pode ser escaneado
08/09/2026 10:43:10 | WARNING | PDF não indexado | arquivo=F:\Documentos\Rafael\MATRIA FERTILIZANTES\DOCUMENTOS SÓCIOS\DOCUMENTOS SÓCIO - EDUARDO - Certidão de casamento.pdf | motivo=PDF sem texto extraível; pode ser escaneado
08/09/2026 10:43:10 | WARNING | PDF não indexado | arquivo=F:\Documentos\Rafael\MATRIA FERTILIZANTES\DOCUMENTOS SÓCIOS\DOCUMENTOS SÓCIO - FABIANO - Certidão de casamento.pdf | motivo=PDF sem texto extraível; pode ser escaneado
08/09/2026 10:43:10 | WARNING | PDF não indexado | arquivo=F:\Documentos\Rafael\MATRIA FERTILIZANTES\DOCUMENTOS SÓCIOS\DOCUMENTOS SÓCIO - FABIANO.pdf | motivo=PDF sem texto extraível; pode ser escaneado
08/09/2026 10:43:10 | WARNING | PDF não indexado | arquivo=F:\Documentos\Rafael\MATRIA FERTILIZANTES\DOCUMENTOS SÓCIOS\DOCUMENTOS SÓCIO - JOÃO - Certidão de casamento.pdf | motivo=PDF sem texto extraível; pode ser escaneado
08/09/2026 10:43:10 | WARNING | PDF não indexado | arquivo=F:\Documentos\Rafael\MAÇONARIA\ATA.pdf | motivo=PDF sem texto extraível; pode ser escaneado
08/09/2026 10:43:11 | INFO | Indexação em andamento | 23000 de 27963 PDFs
08/09/2026 10:43:11 | WARNING | PDF não indexado | arquivo=F:\Documentos\Rafael\MAÇONARIA\ESTATUTO.pdf | motivo=PDF sem texto extraível; pode ser escaneado
08/09/2026 10:44:03 | WARNING | PDF não indexado | arquivo=F:\Documentos\Rafael\MB AGRONEGOCIOS LTDA\INSCRIÇÃO ESTADUAL\11 - DOCUMENTO CLAUDIO BEDIN.pdf | motivo=PDF sem texto extraível; pode ser escaneado
08/09/2026 10:44:03 | WARNING | PDF não indexado | arquivo=F:\Documentos\Rafael\MB AGRONEGOCIOS LTDA\INSCRIÇÃO ESTADUAL\12 - MATRICULA ATUALIZADA.pdf | motivo=PDF sem texto extraível; pode ser escaneado
08/09/2026 10:44:06 | WARNING | PDF não indexado | arquivo=F:\Documentos\Rafael\MB AGRONEGOCIOS LTDA\MATRICULA ATUALIZADA.pdf | motivo=PDF sem texto extraível; pode ser escaneado
08/09/2026 10:44:06 | WARNING | PDF não indexado | arquivo=F:\Documentos\Rafael\MB AGRONEGOCIOS LTDA\matricula.pdf | motivo=PDF sem texto extraível; pode ser escaneado
08/09/2026 10:44:08 | WARNING | PDF não indexado | arquivo=F:\Documentos\Rafael\MECÂNICA VENETTO LTDA\CONSTITUIÇÃO\CONTRATO LOCAÇÃO.pdf | motivo=PDF sem texto extraível; pode ser escaneado
08/09/2026 10:44:11 | WARNING | PDF não indexado | arquivo=F:\Documentos\Rafael\MECÂNICA VENETTO LTDA\DOCUMENTO SOCIO - CERTIDÃO NASCIMENTO PEDRO.pdf | motivo=PDF sem texto extraível; pode ser escaneado
08/09/2026 10:44:11 | WARNING | PDF não indexado | arquivo=F:\Documentos\Rafael\MECÂNICA VENETTO LTDA\DOCUMENTO SOCIO - EMANCIPAÇÃO PEDRO.pdf | motivo=PDF sem texto extraível; pode ser escaneado
08/09/2026 10:44:11 | WARNING | PDF não indexado | arquivo=F:\Documentos\Rafael\MECÂNICA VENETTO LTDA\DOCUMENTO SOCIO - RG PEDRO.pdf | motivo=PDF sem texto extraível; pode ser escaneado
08/09/2026 10:44:11 | WARNING | PDF não indexado | arquivo=F:\Documentos\Rafael\MECÂNICA VENETTO LTDA\FOTOS.pdf | motivo=PDF sem texto extraível; pode ser escaneado
08/09/2026 10:44:12 | WARNING | PDF não indexado | arquivo=F:\Documentos\Rafael\MECÂNICA VENETTO LTDA\PROCURACAO EMANCIPACAO.pdf | motivo=PDF sem texto extraível; pode ser escaneado
08/09/2026 10:44:12 | INFO | Indexação em andamento | 23100 de 27963 PDFs
08/09/2026 10:44:17 | WARNING | PDF não indexado | arquivo=F:\Documentos\Rafael\MENINAS AGROPECUARIA LTDA\DOCUMENTOS LUCIANE.pdf | motivo=PDF sem texto extraível; pode ser escaneado
08/09/2026 10:44:17 | WARNING | PDF não indexado | arquivo=F:\Documentos\Rafael\MENINAS AGROPECUARIA LTDA\DOCUMENTOS RAFAELE.pdf | motivo=PDF sem texto extraível; pode ser escaneado
08/09/2026 10:44:17 | WARNING | PDF não indexado | arquivo=F:\Documentos\Rafael\MENINAS AGROPECUARIA LTDA\INSCRIÇÃO ESTADUAL\FAC.pdf | motivo=PDF sem texto extraível; pode ser escaneado
08/09/2026 10:44:18 | WARNING | PDF não indexado | arquivo=F:\Documentos\Rafael\MENINAS AGROPECUARIA LTDA\INSCRIÇÃO ESTADUAL\REATIVAÇÃO\MATRICULAS.pdf | motivo=PDF sem texto extraível; pode ser escaneado
08/09/2026 10:44:19 | WARNING | PDF não indexado | arquivo=F:\Documentos\Rafael\MENINAS AGROPECUARIA LTDA\INSCRIÇÃO ESTADUAL\TERMO DE OPÇÃO - assinado.pdf | motivo=PDF sem texto extraível; pode ser escaneado
08/09/2026 10:44:25 | WARNING | PDF não indexado | arquivo=F:\Documentos\Rafael\MENINAS AGROPECUARIA LTDA\MATRÍCULAS INTEGRALIZADAS\CARTORIO\MAT. 75663\MAT. 7384 [atual 75663] - CERTIDÃO NÃO INCIDÊNCIA DE ITBI.pdf | motivo=PDF sem texto extraível; pode ser escaneado
08/09/2026 10:44:32 | WARNING | PDF não indexado | arquivo=F:\Documentos\Rafael\MENINAS AGROPECUARIA LTDA\MATRÍCULAS INTEGRALIZADAS\ITBI\MAT. 21809 - CERTIDÃO NÃO INCIDÊNCIA DE ITBI.pdf | motivo=PDF sem texto extraível; pode ser escaneado
08/09/2026 10:44:32 | WARNING | PDF não indexado | arquivo=F:\Documentos\Rafael\MENINAS AGROPECUARIA LTDA\MATRÍCULAS INTEGRALIZADAS\ITBI\MAT. 21810 - CERTIDÃO NÃO INCIDÊNCIA DE ITBI.pdf | motivo=PDF sem texto extraível; pode ser escaneado
08/09/2026 10:44:32 | WARNING | PDF não indexado | arquivo=F:\Documentos\Rafael\MENINAS AGROPECUARIA LTDA\MATRÍCULAS INTEGRALIZADAS\ITBI\MAT. 36 - CERTIDÃO NÃO INCIDÊNCIA DE ITBI.pdf | motivo=PDF sem texto extraível; pode ser escaneado
08/09/2026 10:44:32 | WARNING | PDF não indexado | arquivo=F:\Documentos\Rafael\MENINAS AGROPECUARIA LTDA\MATRÍCULAS INTEGRALIZADAS\ITBI\MAT. 40 [atual 75870] - CERTIDÃO NÃO INCIDÊNCIA DE ITBI - Parte Luciane.pdf | motivo=PDF sem texto extraível; pode ser escaneado
08/09/2026 10:44:32 | WARNING | PDF não indexado | arquivo=F:\Documentos\Rafael\MENINAS AGROPECUARIA LTDA\MATRÍCULAS INTEGRALIZADAS\ITBI\MAT. 63671 - CERTIDÃO NÃO INCIDÊNCIA DE ITBI.pdf | motivo=PDF sem texto extraível; pode ser escaneado
08/09/2026 10:44:32 | WARNING | PDF não indexado | arquivo=F:\Documentos\Rafael\MENINAS AGROPECUARIA LTDA\MATRÍCULAS INTEGRALIZADAS\ITBI\MAT. 7384 [atual 75663] - CERTIDÃO NÃO INCIDÊNCIA DE ITBI.pdf | motivo=PDF sem texto extraível; pode ser escaneado
08/09/2026 10:44:33 | WARNING | PDF não indexado | arquivo=F:\Documentos\Rafael\MENINAS AGROPECUARIA LTDA\MATRÍCULAS INTEGRALIZADAS\ITBI\MAT. 75.870 - Pedido novo de 2026 - Integralização da parte da Luciane\40 - [atual 75870].pdf | motivo=PDF sem texto extraível; pode ser escaneado
08/09/2026 10:44:33 | WARNING | PDF não indexado | arquivo=F:\Documentos\Rafael\MENINAS AGROPECUARIA LTDA\MATRÍCULAS INTEGRALIZADAS\ITBI\MAT. 75.870 - Pedido novo de 2026 - Integralização da parte da Luciane\75870 - [antiga 40].pdf | motivo=PDF sem texto extraível; pode ser escaneado
08/09/2026 10:44:33 | INFO | Indexação em andamento | 23200 de 27963 PDFs
08/09/2026 10:44:34 | WARNING | PDF não indexado | arquivo=F:\Documentos\Rafael\MENINAS AGROPECUARIA LTDA\MATRÍCULAS INTEGRALIZADAS\ITBI\MAT. 75.870 - Pedido novo de 2026 - Integralização da parte da Luciane\DOCUMENTOS LUCIANE.pdf | motivo=PDF sem texto extraível; pode ser escaneado
08/09/2026 10:44:36 | WARNING | PDF não indexado | arquivo=F:\Documentos\Rafael\MENINAS AGROPECUARIA LTDA\MATRÍCULAS INTEGRALIZADAS\ITBI\MAT. 75870 [antiga 40] - CERTIDÃO NÃO INCIDÊNCIA DE ITBI - Parte Nei.pdf | motivo=PDF sem texto extraível; pode ser escaneado
08/09/2026 10:44:36 | WARNING | PDF não indexado | arquivo=F:\Documentos\Rafael\MENINAS AGROPECUARIA LTDA\MATRÍCULAS INTEGRALIZADAS\ITBI\MAT. 82432 [antiga 21809]\MAT. 21809 - CERTIDÃO NÃO INCIDÊNCIA DE ITBI.pdf | motivo=PDF sem texto extraível; pode ser escaneado
08/09/2026 10:44:36 | WARNING | PDF não indexado | arquivo=F:\Documentos\Rafael\MENINAS AGROPECUARIA LTDA\MATRÍCULAS INTEGRALIZADAS\MATRÍCULAS SORRISO\21809 - [passou a ser 76344 que passou a ser 82432].pdf | motivo=PDF sem texto extraível; pode ser escaneado
08/09/2026 10:44:37 | WARNING | PDF não indexado | arquivo=F:\Documentos\Rafael\MENINAS AGROPECUARIA LTDA\MATRÍCULAS INTEGRALIZADAS\MATRÍCULAS SORRISO\21810 - [atual 73688].pdf | motivo=PDF sem texto extraível; pode ser escaneado
08/09/2026 10:44:37 | WARNING | PDF não indexado | arquivo=F:\Documentos\Rafael\MENINAS AGROPECUARIA LTDA\MATRÍCULAS INTEGRALIZADAS\MATRÍCULAS SORRISO\36.pdf | motivo=PDF sem texto extraível; pode ser escaneado
08/09/2026 10:44:37 | WARNING | PDF não indexado | arquivo=F:\Documentos\Rafael\MENINAS AGROPECUARIA LTDA\MATRÍCULAS INTEGRALIZADAS\MATRÍCULAS SORRISO\40 - [atual 75870].pdf | motivo=PDF sem texto extraível; pode ser escaneado
08/09/2026 10:44:37 | WARNING | PDF não indexado | arquivo=F:\Documentos\Rafael\MENINAS AGROPECUARIA LTDA\MATRÍCULAS INTEGRALIZADAS\MATRÍCULAS SORRISO\63671 - [passou a ser 78008 que passou a ser 83645].pdf | motivo=PDF sem texto extraível; pode ser escaneado
08/09/2026 10:44:38 | WARNING | PDF não indexado | arquivo=F:\Documentos\Rafael\MENINAS AGROPECUARIA LTDA\MATRÍCULAS INTEGRALIZADAS\MATRÍCULAS SORRISO\7384 - [atual 75663].pdf | motivo=PDF sem texto extraível; pode ser escaneado
08/09/2026 10:44:38 | WARNING | PDF não indexado | arquivo=F:\Documentos\Rafael\MENINAS AGROPECUARIA LTDA\MATRÍCULAS INTEGRALIZADAS\MATRÍCULAS SORRISO\75662 - [integralizada cartório].pdf | motivo=PDF sem texto extraível; pode ser escaneado
08/09/2026 10:44:38 | WARNING | PDF não indexado | arquivo=F:\Documentos\Rafael\MENINAS AGROPECUARIA LTDA\MATRÍCULAS INTEGRALIZADAS\MATRÍCULAS SORRISO\75663 - [integralizada cartório].pdf | motivo=PDF sem texto extraível; pode ser escaneado
08/09/2026 10:44:38 | WARNING | PDF não indexado | arquivo=F:\Documentos\Rafael\MENINAS AGROPECUARIA LTDA\MATRÍCULAS INTEGRALIZADAS\MATRÍCULAS SORRISO\75870 - [antiga 40].pdf | motivo=PDF sem texto extraível; pode ser escaneado
08/09/2026 10:44:39 | WARNING | PDF não indexado | arquivo=F:\Documentos\Rafael\MIP ASSESSORIA\CONTRATO DE LOCAÇÃO.pdf | motivo=PDF sem texto extraível; pode ser escaneado
08/09/2026 10:44:39 | WARNING | PDF não indexado | arquivo=F:\Documentos\Rafael\MIP ASSESSORIA\DOCUMENTOS JUSSIE.pdf | motivo=PDF sem texto extraível; pode ser escaneado
08/09/2026 10:44:39 | WARNING | PDF não indexado | arquivo=F:\Documentos\Rafael\MIP ASSESSORIA\FOTOS.pdf | motivo=PDF sem texto extraível; pode ser escaneado
08/09/2026 10:44:40 | WARNING | PDF não indexado | arquivo=F:\Documentos\Rafael\MT UTILIDADES DOMÉSTICAS\ALVARÁ.pdf | motivo=PDF sem texto extraível; pode ser escaneado
08/09/2026 10:44:41 | WARNING | PDF não indexado | arquivo=F:\Documentos\Rafael\MT UTILIDADES DOMÉSTICAS\CONTRATO SOCIAL - CONSTITUIÇÃO.pdf | motivo=PDF sem texto extraível; pode ser escaneado
08/09/2026 10:44:41 | WARNING | PDF não indexado | arquivo=F:\Documentos\Rafael\MT UTILIDADES DOMÉSTICAS\Documentos LADIR.pdf | motivo=PDF sem texto extraível; pode ser escaneado
08/09/2026 10:44:41 | WARNING | PDF não indexado | arquivo=F:\Documentos\Rafael\MT UTILIDADES DOMÉSTICAS\HABITE-SE - MT UTILIDADES.pdf | motivo=PDF sem texto extraível; pode ser escaneado
08/09/2026 10:44:41 | WARNING | PDF não indexado | arquivo=F:\Documentos\Rafael\MT UTILIDADES DOMÉSTICAS\TAXA ALVARÁ DOS BOMBEIROS.pdf | motivo=PDF sem texto extraível; pode ser escaneado
08/09/2026 10:44:43 | WARNING | PDF não indexado | arquivo=F:\Documentos\Rafael\MX MÁQUINAS AGRÍCOLAS\DOCUMENTOS DAIANE.pdf | motivo=PDF sem texto extraível; pode ser escaneado
08/09/2026 10:44:43 | WARNING | PDF não indexado | arquivo=F:\Documentos\Rafael\MX MÁQUINAS AGRÍCOLAS\FOTOS.pdf | motivo=PDF sem texto extraível; pode ser escaneado
08/09/2026 10:44:43 | WARNING | PDF não indexado | arquivo=F:\Documentos\Rafael\MX MÁQUINAS AGRÍCOLAS\HABITE-SE.pdf | motivo=PDF sem texto extraível; pode ser escaneado
08/09/2026 10:44:43 | WARNING | PDF não indexado | arquivo=F:\Documentos\Rafael\MX MÁQUINAS AGRÍCOLAS\MATRÍCULA.pdf | motivo=PDF sem texto extraível; pode ser escaneado
08/09/2026 10:44:44 | WARNING | PDF não indexado | arquivo=F:\Documentos\Rafael\MX TRANSPORTES\CONTRATO DE LOCAÇÃO.pdf | motivo=PDF sem texto extraível; pode ser escaneado
08/09/2026 10:44:45 | INFO | Indexação em andamento | 23300 de 27963 PDFs
08/09/2026 10:44:45 | WARNING | PDF não indexado | arquivo=F:\Documentos\Rafael\MX TRANSPORTES\DECLARAÇÃO VIGILANCIA.pdf | motivo=PDF sem texto extraível; pode ser escaneado
08/09/2026 10:44:46 | WARNING | PDF não indexado | arquivo=F:\Documentos\Rafael\MX TRANSPORTES\DOCUMENTOS CRISTIANE.pdf | motivo=PDF sem texto extraível; pode ser escaneado
08/09/2026 10:44:46 | WARNING | PDF não indexado | arquivo=F:\Documentos\Rafael\MX TRANSPORTES\FOTOS.pdf | motivo=PDF sem texto extraível; pode ser escaneado
08/09/2026 10:44:46 | WARNING | PDF não indexado | arquivo=F:\Documentos\Rafael\MX TRANSPORTES\MATRÍCULA.pdf | motivo=PDF sem texto extraível; pode ser escaneado
08/09/2026 10:44:46 | WARNING | PDF não indexado | arquivo=F:\Documentos\Rafael\MX TRANSPORTES\TACIN\ALVARÁ MX TRANSPORTES.pdf | motivo=PDF sem texto extraível; pode ser escaneado
08/09/2026 10:44:46 | WARNING | PDF não indexado | arquivo=F:\Documentos\Rafael\MX TRANSPORTES\TACIN\PGTO TACIN MX TRANSP.pdf | motivo=PDF sem texto extraível; pode ser escaneado
08/09/2026 10:44:48 | WARNING | PDF não indexado | arquivo=F:\Documentos\Rafael\N. G. PUVA & CIA LTDA\ALVARA DE CONSTRUÇÃO.pdf | motivo=PDF sem texto extraível; pode ser escaneado
08/09/2026 10:44:49 | WARNING | PDF não indexado | arquivo=F:\Documentos\Rafael\N. G. PUVA & CIA LTDA\CADASTRO IMOBILIÁRIO.pdf | motivo=PDF sem texto extraível; pode ser escaneado
08/09/2026 10:44:49 | WARNING | PDF não indexado | arquivo=F:\Documentos\Rafael\N. G. PUVA & CIA LTDA\CONTRATO COMODATO - PETROxTREVÃO.pdf | motivo=PDF sem texto extraível; pode ser escaneado
08/09/2026 10:44:49 | WARNING | PDF não indexado | arquivo=F:\Documentos\Rafael\N. G. PUVA & CIA LTDA\CONTRATO COMPRA x VENDA TERRENO.pdf | motivo=PDF sem texto extraível; pode ser escaneado
08/09/2026 10:44:49 | WARNING | PDF não indexado | arquivo=F:\Documentos\Rafael\N. G. PUVA & CIA LTDA\CONTRATO DE LOCAÇÃO - NG x SIERRA.pdf | motivo=PDF sem texto extraível; pode ser escaneado
08/09/2026 10:44:50 | WARNING | PDF não indexado | arquivo=F:\Documentos\Rafael\N. G. PUVA & CIA LTDA\CONTRATO DE LOCAÇÃO - SIERRA.pdf | motivo=PDF sem texto extraível; pode ser escaneado
08/09/2026 10:44:54 | WARNING | PDF não indexado | arquivo=F:\Documentos\Rafael\N. G. PUVA & CIA LTDA\CONTRATO SOCIAL - CONSTITUIÇÃO.pdf | motivo=PDF sem texto extraível; pode ser escaneado
08/09/2026 10:44:54 | WARNING | PDF não indexado | arquivo=F:\Documentos\Rafael\N. G. PUVA & CIA LTDA\DECLARAÇÃO DE LOCALIZAÇÃO.pdf | motivo=PDF sem texto extraível; pode ser escaneado
08/09/2026 10:44:54 | WARNING | PDF não indexado | arquivo=F:\Documentos\Rafael\N. G. PUVA & CIA LTDA\Documento BABINTON.pdf | motivo=PDF sem texto extraível; pode ser escaneado
08/09/2026 10:44:54 | WARNING | PDF não indexado | arquivo=F:\Documentos\Rafael\N. G. PUVA & CIA LTDA\Documento NATIFRANK.pdf | motivo=PDF sem texto extraível; pode ser escaneado
08/09/2026 10:44:55 | WARNING | PDF não indexado | arquivo=F:\Documentos\Rafael\N. G. PUVA & CIA LTDA\FILIAL SORRISO\ALVARA BOMBEIROS.pdf | motivo=PDF sem texto extraível; pode ser escaneado
08/09/2026 10:44:55 | WARNING | PDF não indexado | arquivo=F:\Documentos\Rafael\N. G. PUVA & CIA LTDA\FILIAL SORRISO\CONTRATO LOCAÇÃO.pdf | motivo=PDF sem texto extraível; pode ser escaneado
08/09/2026 10:44:56 | WARNING | PDF não indexado | arquivo=F:\Documentos\Rafael\N. G. PUVA & CIA LTDA\INSCRIÇÃO IMÓVEL NOVO ENDEREÇO.pdf | motivo=PDF sem texto extraível; pode ser escaneado
08/09/2026 10:44:56 | WARNING | PDF não indexado | arquivo=F:\Documentos\Rafael\N. G. PUVA & CIA LTDA\PROJETO DOS BOMBEIROS.pdf | motivo=PDF sem texto extraível; pode ser escaneado
08/09/2026 10:44:56 | WARNING | PDF não indexado | arquivo=F:\Documentos\Rafael\N. G. PUVA & CIA LTDA\PROTOCOLO BOMBEIRO.pdf | motivo=PDF sem texto extraível; pode ser escaneado
08/09/2026 10:44:56 | WARNING | PDF não indexado | arquivo=F:\Documentos\Rafael\N. G. PUVA & CIA LTDA\REATIVAÇÃO\ALVARÁ 2019 (1).pdf | motivo=PDF sem texto extraível; pode ser escaneado
08/09/2026 10:44:56 | WARNING | PDF não indexado | arquivo=F:\Documentos\Rafael\N. G. PUVA & CIA LTDA\REATIVAÇÃO\ALVARÁ 2019 (2).pdf | motivo=PDF sem texto extraível; pode ser escaneado
08/09/2026 10:44:56 | WARNING | PDF não indexado | arquivo=F:\Documentos\Rafael\N. G. PUVA & CIA LTDA\REATIVAÇÃO\CONTRATO COMODATO - PETROxTREVÃO.pdf | motivo=PDF sem texto extraível; pode ser escaneado
08/09/2026 10:44:56 | WARNING | PDF não indexado | arquivo=F:\Documentos\Rafael\N. G. PUVA & CIA LTDA\REATIVAÇÃO\CONTRATO COMPRA x VENDA TERRENO.pdf | motivo=PDF sem texto extraível; pode ser escaneado
08/09/2026 10:44:56 | WARNING | PDF não indexado | arquivo=F:\Documentos\Rafael\N. G. PUVA & CIA LTDA\REATIVAÇÃO\CONTRATO DE LOCAÇÃO - NG x SIERRA.pdf | motivo=PDF sem texto extraível; pode ser escaneado
08/09/2026 10:44:57 | WARNING | PDF não indexado | arquivo=F:\Documentos\Rafael\N. G. PUVA & CIA LTDA\REATIVAÇÃO\CONTRATO DE LOCAÇÃO - SIERRA.pdf | motivo=PDF sem texto extraível; pode ser escaneado
08/09/2026 10:44:57 | WARNING | PDF não indexado | arquivo=F:\Documentos\Rafael\N. G. PUVA & CIA LTDA\REATIVAÇÃO\FAC ASSINADA.pdf | motivo=PDF sem texto extraível; pode ser escaneado
08/09/2026 10:44:57 | WARNING | PDF não indexado | arquivo=F:\Documentos\Rafael\N. G. PUVA & CIA LTDA\REATIVAÇÃO\FOTOS.pdf | motivo=PDF sem texto extraível; pode ser escaneado
08/09/2026 10:44:57 | INFO | Indexação em andamento | 23400 de 27963 PDFs
08/09/2026 10:44:58 | WARNING | PDF não indexado | arquivo=F:\Documentos\Rafael\NAILS GRACIOSA\FOTOS.pdf | motivo=PDF sem texto extraível; pode ser escaneado
08/09/2026 10:44:58 | WARNING | PDF não indexado | arquivo=F:\Documentos\Rafael\NAILS GRACIOSA\HABITE-SE.pdf | motivo=PDF sem texto extraível; pode ser escaneado
08/09/2026 10:44:58 | WARNING | PDF não indexado | arquivo=F:\Documentos\Rafael\NAILS GRACIOSA\OPTANTE SIMPLES.pdf | motivo=PDF sem texto extraível; pode ser escaneado
08/09/2026 10:44:59 | WARNING | PDF não indexado | arquivo=F:\Documentos\Rafael\NATIVA AGUA MINERAL\PARALISAÇÃO\FAC ASSINADA.pdf | motivo=PDF sem texto extraível; pode ser escaneado
08/09/2026 10:45:04 | WARNING | PDF não indexado | arquivo=F:\Documentos\Rafael\NAVARRO AGROPECUARIA LTDA\MATRÍCULAS INTEGRALIZADAS\CARTÓRIO\MATRICULA 2772 - CCIR.pdf | motivo=PDF sem texto extraível; pode ser escaneado
08/09/2026 10:45:05 | WARNING | PDF não indexado | arquivo=F:\Documentos\Rafael\NAVARRO AGROPECUARIA LTDA\MATRÍCULAS INTEGRALIZADAS\CARTÓRIO\MATRICULA 2773 - CCIR.pdf | motivo=PDF sem texto extraível; pode ser escaneado
08/09/2026 10:45:05 | WARNING | PDF não indexado | arquivo=F:\Documentos\Rafael\NAVARRO AGROPECUARIA LTDA\MATRÍCULAS INTEGRALIZADAS\CARTÓRIO\MATRÍCULA 2772 - CND ITR.pdf | motivo=PDF sem texto extraível; pode ser escaneado
08/09/2026 10:45:06 | WARNING | PDF não indexado | arquivo=F:\Documentos\Rafael\NAVARRO AGROPECUARIA LTDA\MATRÍCULAS INTEGRALIZADAS\CARTÓRIO\MATRÍCULA 2773 - CND ITR.pdf | motivo=PDF sem texto extraível; pode ser escaneado
08/09/2026 10:45:09 | WARNING | PDF não indexado | arquivo=F:\Documentos\Rafael\NAVARRO AGROPECUARIA LTDA\MATRÍCULAS INTEGRALIZADAS\GUIAS ITBI\PARECER JURÍDICO ITBI.pdf | motivo=PDF sem texto extraível; pode ser escaneado
08/09/2026 10:45:12 | INFO | Indexação em andamento | 23500 de 27963 PDFs
08/09/2026 10:45:12 | WARNING | PDF não indexado | arquivo=F:\Documentos\Rafael\NC AUTO POSTO\ALTERAÇÃO\PGTO GUIA IPEM.pdf | motivo=PDF sem texto extraível; pode ser escaneado
08/09/2026 10:45:12 | WARNING | PDF não indexado | arquivo=F:\Documentos\Rafael\NC AUTO POSTO\ALVARÁ 2018.pdf | motivo=PDF sem texto extraível; pode ser escaneado
08/09/2026 10:45:12 | WARNING | PDF não indexado | arquivo=F:\Documentos\Rafael\NC AUTO POSTO\CERTIDÃO CASAMENTO.pdf | motivo=PDF sem texto extraível; pode ser escaneado
08/09/2026 10:45:12 | WARNING | PDF não indexado | arquivo=F:\Documentos\Rafael\NC AUTO POSTO\CERTIDÃO IPEM.pdf | motivo=PDF sem texto extraível; pode ser escaneado
08/09/2026 10:45:12 | WARNING | PDF não indexado | arquivo=F:\Documentos\Rafael\NC AUTO POSTO\CERTIFICADO ANP.pdf | motivo=PDF sem texto extraível; pode ser escaneado
08/09/2026 10:45:15 | WARNING | PDF não indexado | arquivo=F:\Documentos\Rafael\NC AUTO POSTO\CONTRATO SOCIAL - 1º ALT.pdf | motivo=PDF sem texto extraível; pode ser escaneado
08/09/2026 10:45:15 | WARNING | PDF não indexado | arquivo=F:\Documentos\Rafael\NC AUTO POSTO\CONTRATO SOCIAL - 2º ALT.pdf | motivo=PDF sem texto extraível; pode ser escaneado
08/09/2026 10:45:15 | WARNING | PDF não indexado | arquivo=F:\Documentos\Rafael\NC AUTO POSTO\CONTRATO SOCIAL - 3º ALT.pdf | motivo=PDF sem texto extraível; pode ser escaneado
08/09/2026 10:45:15 | WARNING | PDF não indexado | arquivo=F:\Documentos\Rafael\NC AUTO POSTO\CONTRATO SOCIAL - 4º ALT.pdf | motivo=PDF sem texto extraível; pode ser escaneado
08/09/2026 10:45:15 | WARNING | PDF não indexado | arquivo=F:\Documentos\Rafael\NC AUTO POSTO\CONTRATO SOCIAL - 5º ALT.pdf | motivo=PDF sem texto extraível; pode ser escaneado
08/09/2026 10:45:15 | WARNING | PDF não indexado | arquivo=F:\Documentos\Rafael\NC AUTO POSTO\CONTRATO SOCIAL - 6º ALT.pdf | motivo=PDF sem texto extraível; pode ser escaneado
08/09/2026 10:45:15 | WARNING | PDF não indexado | arquivo=F:\Documentos\Rafael\NC AUTO POSTO\CONTRATO SOCIAL - 7º ALT.pdf | motivo=PDF sem texto extraível; pode ser escaneado
08/09/2026 10:45:15 | WARNING | PDF não indexado | arquivo=F:\Documentos\Rafael\NC AUTO POSTO\CONTRATO SOCIAL - 8º ALT.pdf | motivo=PDF sem texto extraível; pode ser escaneado
08/09/2026 10:45:15 | WARNING | PDF não indexado | arquivo=F:\Documentos\Rafael\NC AUTO POSTO\CONTRATO SOCIAL - 9º ALT.pdf | motivo=PDF sem texto extraível; pode ser escaneado
08/09/2026 10:45:16 | WARNING | PDF não indexado | arquivo=F:\Documentos\Rafael\NC AUTO POSTO\CONTRATO SOCIAL - CONSTITUIÇÃO.pdf | motivo=PDF sem texto extraível; pode ser escaneado
08/09/2026 10:45:16 | WARNING | PDF não indexado | arquivo=F:\Documentos\Rafael\NC AUTO POSTO\DOCUMENTOS BENOITE - CNH.pdf | motivo=PDF sem texto extraível; pode ser escaneado
08/09/2026 10:45:16 | WARNING | PDF não indexado | arquivo=F:\Documentos\Rafael\NC AUTO POSTO\DOCUMENTOS BENOITE - RG.pdf | motivo=PDF sem texto extraível; pode ser escaneado
08/09/2026 10:45:16 | WARNING | PDF não indexado | arquivo=F:\Documentos\Rafael\NC AUTO POSTO\DOCUMENTOS JUSCELITO [CNH].pdf | motivo=PDF sem texto extraível; pode ser escaneado
08/09/2026 10:45:16 | WARNING | PDF não indexado | arquivo=F:\Documentos\Rafael\NC AUTO POSTO\FAC.pdf | motivo=PDF sem texto extraível; pode ser escaneado
08/09/2026 10:45:16 | WARNING | PDF não indexado | arquivo=F:\Documentos\Rafael\NC AUTO POSTO\FILIAL 1\LO.pdf | motivo=PDF sem texto extraível; pode ser escaneado
08/09/2026 10:45:16 | WARNING | PDF não indexado | arquivo=F:\Documentos\Rafael\NC AUTO POSTO\FILIAL 1\PROTOCOLO VIGILANCIA.pdf | motivo=PDF sem texto extraível; pode ser escaneado
08/09/2026 10:45:16 | WARNING | PDF não indexado | arquivo=F:\Documentos\Rafael\NC AUTO POSTO\FOTOS DO ESTABELECIMENTO.pdf | motivo=PDF sem texto extraível; pode ser escaneado
08/09/2026 10:45:16 | WARNING | PDF não indexado | arquivo=F:\Documentos\Rafael\NC AUTO POSTO\HABITE-SE.pdf | motivo=PDF sem texto extraível; pode ser escaneado
08/09/2026 10:45:17 | WARNING | PDF não indexado | arquivo=F:\Documentos\Rafael\NC AUTO POSTO\MATRICULA.pdf | motivo=PDF sem texto extraível; pode ser escaneado
08/09/2026 10:45:19 | WARNING | PDF não indexado | arquivo=F:\Documentos\Rafael\NC AUTO POSTO\MATRICULAS\CARTÓRIO\ITBI - MAT. 86923 - Documentos de arrecadação.pdf | motivo=PDF sem texto extraível; pode ser escaneado
08/09/2026 10:45:25 | WARNING | PDF não indexado | arquivo=F:\Documentos\Rafael\NC AUTO POSTO\MATRICULAS\ITBI\GOIANIA\PROCURAÇÃO (1).pdf | motivo=PDF sem texto extraível; pode ser escaneado
08/09/2026 10:45:26 | WARNING | PDF não indexado | arquivo=F:\Documentos\Rafael\NC AUTO POSTO\MATRICULAS\ITBI\ITBI - MAT. 24464 - Guia de informação - Ficha imobiliaria CND.pdf | motivo=PDF sem texto extraível; pode ser escaneado
08/09/2026 10:45:26 | WARNING | PDF não indexado | arquivo=F:\Documentos\Rafael\NC AUTO POSTO\MATRICULAS\ITBI\ITBI - MAT. 32532 - Comprovante de pagamento.pdf | motivo=PDF sem texto extraível; pode ser escaneado
08/09/2026 10:45:27 | WARNING | PDF não indexado | arquivo=F:\Documentos\Rafael\NC AUTO POSTO\MATRICULAS\ITBI\ITBI - MAT. 32533 - Comprovante de pgto.pdf | motivo=PDF sem texto extraível; pode ser escaneado
08/09/2026 10:45:27 | INFO | Indexação em andamento | 23600 de 27963 PDFs
08/09/2026 10:45:28 | WARNING | PDF não indexado | arquivo=F:\Documentos\Rafael\NC AUTO POSTO\MATRICULAS\ITBI\ITBI - MAT. 86923 - Documentos de arrecadação.pdf | motivo=PDF sem texto extraível; pode ser escaneado
08/09/2026 10:45:29 | WARNING | PDF não indexado | arquivo=F:\Documentos\Rafael\NC AUTO POSTO\MATRICULAS\Matrícula 13788.pdf | motivo=PDF sem texto extraível; pode ser escaneado
08/09/2026 10:45:29 | WARNING | PDF não indexado | arquivo=F:\Documentos\Rafael\NC AUTO POSTO\MATRICULAS\Matrícula 15437.pdf | motivo=PDF sem texto extraível; pode ser escaneado
08/09/2026 10:45:30 | WARNING | PDF não indexado | arquivo=F:\Documentos\Rafael\NC AUTO POSTO\MATRICULAS\Matrícula 17640.pdf | motivo=PDF sem texto extraível; pode ser escaneado
08/09/2026 10:45:30 | WARNING | PDF não indexado | arquivo=F:\Documentos\Rafael\NC AUTO POSTO\MATRICULAS\Matrícula 23447.pdf | motivo=PDF sem texto extraível; pode ser escaneado
08/09/2026 10:45:31 | WARNING | PDF não indexado | arquivo=F:\Documentos\Rafael\NC AUTO POSTO\MATRICULAS\Matrícula 24464 (Escritura).pdf | motivo=PDF sem texto extraível; pode ser escaneado
08/09/2026 10:45:31 | WARNING | PDF não indexado | arquivo=F:\Documentos\Rafael\NC AUTO POSTO\MATRICULAS\Matrícula 4112.pdf | motivo=PDF sem texto extraível; pode ser escaneado
08/09/2026 10:45:31 | WARNING | PDF não indexado | arquivo=F:\Documentos\Rafael\NC AUTO POSTO\MATRICULAS\Matrícula 46692.pdf | motivo=PDF sem texto extraível; pode ser escaneado
08/09/2026 10:45:31 | WARNING | PDF não indexado | arquivo=F:\Documentos\Rafael\NC AUTO POSTO\MATRICULAS\Matrícula 7193.pdf | motivo=PDF sem texto extraível; pode ser escaneado
08/09/2026 10:45:31 | WARNING | PDF não indexado | arquivo=F:\Documentos\Rafael\NC AUTO POSTO\MATRICULAS\Matrícula 8593.pdf | motivo=PDF sem texto extraível; pode ser escaneado
08/09/2026 10:45:31 | WARNING | PDF não indexado | arquivo=F:\Documentos\Rafael\NC AUTO POSTO\MATRICULAS\Matrícula 8594.pdf | motivo=PDF sem texto extraível; pode ser escaneado
08/09/2026 10:45:31 | WARNING | PDF não indexado | arquivo=F:\Documentos\Rafael\NC AUTO POSTO\TAC.pdf | motivo=PDF sem texto extraível; pode ser escaneado
08/09/2026 10:45:31 | WARNING | PDF não indexado | arquivo=F:\Documentos\Rafael\NC AUTO POSTO\VERIFICAÇÃO IPEM 2.pdf | motivo=PDF sem texto extraível; pode ser escaneado
08/09/2026 10:45:32 | WARNING | PDF não indexado | arquivo=F:\Documentos\Rafael\NC AUTO POSTO\VERIFICAÇÃO IPEM.pdf | motivo=PDF sem texto extraível; pode ser escaneado
08/09/2026 10:45:34 | WARNING | PDF não indexado | arquivo=F:\Documentos\Rafael\NICARETTA COMERCIO DE MOVEIS\DOCUMENTOS SOCIA   SOFIA.pdf | motivo=PDF sem texto extraível; pode ser escaneado
08/09/2026 10:45:34 | WARNING | PDF não indexado | arquivo=F:\Documentos\Rafael\NICARETTA COMERCIO DE MOVEIS\DOCUMENTOS SOCIA - GIOAVANA.pdf | motivo=PDF sem texto extraível; pode ser escaneado
08/09/2026 10:45:34 | WARNING | PDF não indexado | arquivo=F:\Documentos\Rafael\NICARETTA COMERCIO DE MOVEIS\DOCUMENTOS SOCIA SOFIA pdfa.pdf | motivo=PDF sem texto extraível; pode ser escaneado
08/09/2026 10:45:35 | WARNING | PDF não indexado | arquivo=F:\Documentos\Rafael\NICARETTA COMERCIO DE MOVEIS\INSCRIÇÃO IMOBILIARIA.pdf | motivo=PDF sem texto extraível; pode ser escaneado
08/09/2026 10:45:37 | INFO | Indexação em andamento | 23700 de 27963 PDFs
08/09/2026 10:45:38 | WARNING | PDF não indexado | arquivo=F:\Documentos\Rafael\NOVA PRATA ALGODOEIRA\CONTRATO COMODATO - ALGODOEIRA x BOA ESPERANÇA AGRO.pdf | motivo=PDF sem texto extraível; pode ser escaneado
08/09/2026 10:45:38 | WARNING | PDF não indexado | arquivo=F:\Documentos\Rafael\NOVA PRATA ALGODOEIRA\CONTRATO DE ARRENDAMENTO - BOA ESPERANÇA x ATÍLIO.pdf | motivo=PDF sem texto extraível; pode ser escaneado
08/09/2026 10:45:39 | WARNING | PDF não indexado | arquivo=F:\Documentos\Rafael\NOVA PRATA ALGODOEIRA\CONTRATO SOCIAL - 1º ALT..pdf | motivo=PDF sem texto extraível; pode ser escaneado
08/09/2026 10:45:41 | WARNING | PDF não indexado | arquivo=F:\Documentos\Rafael\NOVA PRATA ALGODOEIRA\CONTRATO SOCIAL - CONSTITUIÇÃO.pdf | motivo=PDF sem texto extraível; pode ser escaneado
08/09/2026 10:45:42 | WARNING | PDF não indexado | arquivo=F:\Documentos\Rafael\NOVA PRATA ALGODOEIRA\DOCUMENTOS ATILIO.pdf | motivo=PDF sem texto extraível; pode ser escaneado
08/09/2026 10:45:42 | WARNING | PDF não indexado | arquivo=F:\Documentos\Rafael\NOVA PRATA ALGODOEIRA\DOCUMENTOS ITACIR.pdf | motivo=PDF sem texto extraível; pode ser escaneado
08/09/2026 10:45:42 | WARNING | PDF não indexado | arquivo=F:\Documentos\Rafael\NOVA PRATA ALGODOEIRA\DOCUMENTOS NADIM - CPF.pdf | motivo=PDF sem texto extraível; pode ser escaneado
08/09/2026 10:45:42 | WARNING | PDF não indexado | arquivo=F:\Documentos\Rafael\NOVA PRATA ALGODOEIRA\DOCUMENTOS NADIM___RG.pdf | motivo=PDF sem texto extraível; pode ser escaneado
08/09/2026 10:45:42 | WARNING | PDF não indexado | arquivo=F:\Documentos\Rafael\NOVA PRATA ALGODOEIRA\FILIAL - NOVA UBIRATÃ\ALVARÁ NOVA UBIRATÃ.pdf | motivo=PDF sem texto extraível; pode ser escaneado
08/09/2026 10:45:43 | WARNING | PDF não indexado | arquivo=F:\Documentos\Rafael\NOVA PRATA ALGODOEIRA\FILIAL - NOVA UBIRATÃ\CONTRATO PEDREIRO UBIRATÃ.pdf | motivo=PDF sem texto extraível; pode ser escaneado
08/09/2026 10:45:43 | WARNING | PDF não indexado | arquivo=F:\Documentos\Rafael\NOVA PRATA ALGODOEIRA\FILIAL - NOVA UBIRATÃ\DECLARAÇÃO UBIRATÃ.pdf | motivo=PDF sem texto extraível; pode ser escaneado
08/09/2026 10:45:43 | WARNING | PDF não indexado | arquivo=F:\Documentos\Rafael\NOVA PRATA ALGODOEIRA\FILIAL - NOVA UBIRATÃ\ESCRITURA TERRENO.pdf | motivo=PDF sem texto extraível; pode ser escaneado
08/09/2026 10:45:43 | WARNING | PDF não indexado | arquivo=F:\Documentos\Rafael\NOVA PRATA ALGODOEIRA\FILIAL - NOVA UBIRATÃ\FAC ASSINADA.pdf | motivo=PDF sem texto extraível; pode ser escaneado
08/09/2026 10:45:43 | WARNING | PDF não indexado | arquivo=F:\Documentos\Rafael\NOVA PRATA ALGODOEIRA\FILIAL - NOVA UBIRATÃ\FOTOS.pdf | motivo=PDF sem texto extraível; pode ser escaneado
08/09/2026 10:45:44 | WARNING | PDF não indexado | arquivo=F:\Documentos\Rafael\NOVA PRATA ALGODOEIRA\FILIAL - NOVA UBIRATÃ\INSCRIÇÃO ESTADUAL\ALVARÁ 2019.pdf | motivo=PDF sem texto extraível; pode ser escaneado
08/09/2026 10:45:44 | WARNING | PDF não indexado | arquivo=F:\Documentos\Rafael\NOVA PRATA ALGODOEIRA\FILIAL - NOVA UBIRATÃ\INSCRIÇÃO ESTADUAL\ESCRITURA DE DOAÇÃO TERRENO.pdf | motivo=PDF sem texto extraível; pode ser escaneado
08/09/2026 10:45:44 | WARNING | PDF não indexado | arquivo=F:\Documentos\Rafael\NOVA PRATA ALGODOEIRA\FILIAL - NOVA UBIRATÃ\INSCRIÇÃO ESTADUAL\FAC ASSINADA.pdf | motivo=PDF sem texto extraível; pode ser escaneado
08/09/2026 10:45:44 | WARNING | PDF não indexado | arquivo=F:\Documentos\Rafael\NOVA PRATA ALGODOEIRA\FILIAL - NOVA UBIRATÃ\INSCRIÇÃO ESTADUAL\FOTOS.pdf | motivo=PDF sem texto extraível; pode ser escaneado
08/09/2026 10:45:44 | WARNING | PDF não indexado | arquivo=F:\Documentos\Rafael\NOVA PRATA ALGODOEIRA\FILIAL - NOVA UBIRATÃ\INSCRIÇÃO ESTADUAL\MATRICULA 551.pdf | motivo=PDF sem texto extraível; pode ser escaneado
08/09/2026 10:45:45 | WARNING | PDF não indexado | arquivo=F:\Documentos\Rafael\NOVA PRATA ALGODOEIRA\FILIAL - NOVA UBIRATÃ\MATRICULA 551.pdf | motivo=PDF sem texto extraível; pode ser escaneado
08/09/2026 10:45:47 | WARNING | PDF não indexado | arquivo=F:\Documentos\Rafael\NOVA PRATA ALGODOEIRA\FILIAL - NOVA UBIRATÃ\PROTOCOLO PROJETO PREFEITURA.pdf | motivo=PDF sem texto extraível; pode ser escaneado
08/09/2026 10:45:47 | WARNING | PDF não indexado | arquivo=F:\Documentos\Rafael\NOVA PRATA ALGODOEIRA\MATRICULAS 13825 E 33977.pdf | motivo=PDF sem texto extraível; pode ser escaneado
08/09/2026 10:45:47 | WARNING | PDF não indexado | arquivo=F:\Documentos\Rafael\NOVA PRATA ALGODOEIRA\OPÇÃO DIFERIMENTO ICMS\SOLICITAÇÃO RETROAGIMENTO.pdf | motivo=PDF sem texto extraível; pode ser escaneado
08/09/2026 10:45:47 | WARNING | PDF não indexado | arquivo=F:\Documentos\Rafael\NOVA PRATA ALGODOEIRA\OPÇÃO DIFERIMENTO ICMS\TERMO DE OCORRENCIAS.pdf | motivo=PDF sem texto extraível; pode ser escaneado
08/09/2026 10:45:47 | WARNING | PDF não indexado | arquivo=F:\Documentos\Rafael\NOVA PRATA ALGODOEIRA\OPÇÃO DIFERIMENTO ICMS\TERMO DE OPÇÃO PARA DIFERIMENTO DO ICMS.pdf | motivo=PDF sem texto extraível; pode ser escaneado
08/09/2026 10:45:47 | WARNING | PDF não indexado | arquivo=F:\Documentos\Rafael\NOVA PRATA ALGODOEIRA\PROTOCOLO BOMBEIROS.pdf | motivo=PDF sem texto extraível; pode ser escaneado
08/09/2026 10:45:47 | WARNING | PDF não indexado | arquivo=F:\Documentos\Rafael\NOVA PRATA ALGODOEIRA\PROTOCOLO SEMA.pdf | motivo=PDF sem texto extraível; pode ser escaneado
08/09/2026 10:45:47 | WARNING | PDF não indexado | arquivo=F:\Documentos\Rafael\O. A. T. GARCIA REPRESENTACOES LTDA\AUTO DE INFRAÇÃO - CORE-MT\CamScanner 03-07-2024 09.52.pdf | motivo=PDF sem texto extraível; pode ser escaneado
08/09/2026 10:45:48 | WARNING | PDF não indexado | arquivo=F:\Documentos\Rafael\O. A. T. GARCIA REPRESENTACOES LTDA\AUTO DE INFRAÇÃO - CORE-MT\Doc. 3 - DOCUMENTOS SOCIO.pdf | motivo=PDF sem texto extraível; pode ser escaneado
08/09/2026 10:45:49 | WARNING | PDF não indexado | arquivo=F:\Documentos\Rafael\O. A. T. GARCIA REPRESENTACOES LTDA\DOCUMENTOS SOCIO.pdf | motivo=PDF sem texto extraível; pode ser escaneado
08/09/2026 10:45:49 | WARNING | PDF não indexado | arquivo=F:\Documentos\Rafael\O. A. T. GARCIA REPRESENTACOES LTDA\FOTOS.pdf | motivo=PDF sem texto extraível; pode ser escaneado
08/09/2026 10:45:50 | INFO | Indexação em andamento | 23800 de 27963 PDFs
08/09/2026 10:45:51 | WARNING | PDF não indexado | arquivo=F:\Documentos\Rafael\O. S. DA SILVA LTDA\CONTRATO SOCIAL - CONSTITUIÇÃO.pdf | motivo=PDF sem texto extraível; pode ser escaneado
08/09/2026 10:45:51 | WARNING | PDF não indexado | arquivo=F:\Documentos\Rafael\O. S. DA SILVA LTDA\DOCUMENTO SÓCIO - CERTIDÃO CASAMENTO.pdf | motivo=PDF sem texto extraível; pode ser escaneado
08/09/2026 10:47:17 | WARNING | PDF não indexado | arquivo=F:\Documentos\Rafael\O. S. DA SILVA LTDA\FOLHA\EXTRATO FOLHA DE PAGAMENTO 2021-2022.pdf | motivo=PDF sem texto extraível; pode ser escaneado
08/09/2026 10:49:15 | WARNING | PDF não indexado | arquivo=F:\Documentos\Rafael\O. S. DA SILVA LTDA\FOLHA\RECIBOS  DE FÉRIAS 2021-2021.pdf | motivo=PDF sem texto extraível; pode ser escaneado
08/09/2026 10:49:19 | WARNING | PDF não indexado | arquivo=F:\Documentos\Rafael\O.R. GREGGIO E CIA LTDA\DOCUMENTOS GIORGIO.pdf | motivo=PDF sem texto extraível; pode ser escaneado
08/09/2026 10:49:19 | WARNING | PDF não indexado | arquivo=F:\Documentos\Rafael\O.R. GREGGIO E CIA LTDA\DOCUMENTOS OLICE.pdf | motivo=PDF sem texto extraível; pode ser escaneado
08/09/2026 10:49:20 | WARNING | PDF não indexado | arquivo=F:\Documentos\Rafael\O.R. GREGGIO E CIA LTDA\ESCRITURA INVENTARIO OLICE.pdf | motivo=PDF sem texto extraível; pode ser escaneado
08/09/2026 10:49:23 | WARNING | PDF não indexado | arquivo=F:\Documentos\Rafael\O.R. GREGGIO E CIA LTDA\ESCRITURA PUBLICA.pdf | motivo=PDF sem texto extraível; pode ser escaneado
08/09/2026 10:49:23 | WARNING | PDF não indexado | arquivo=F:\Documentos\Rafael\O.R. GREGGIO E CIA LTDA\ESCRITURA PUBLICA_compressed.pdf | motivo=PDF sem texto extraível; pode ser escaneado
08/09/2026 10:49:23 | WARNING | PDF não indexado | arquivo=F:\Documentos\Rafael\O.R. GREGGIO E CIA LTDA\ESCRITURA PUBLICA_compressedpdfa.pdf | motivo=PDF sem texto extraível; pode ser escaneado
08/09/2026 10:49:23 | WARNING | PDF não indexado | arquivo=F:\Documentos\Rafael\O.R. GREGGIO E CIA LTDA\FOTOS.pdf | motivo=PDF sem texto extraível; pode ser escaneado
08/09/2026 10:49:23 | WARNING | PDF não indexado | arquivo=F:\Documentos\Rafael\O.R. GREGGIO E CIA LTDA\MATRICULA.pdf | motivo=PDF sem texto extraível; pode ser escaneado
08/09/2026 10:49:33 | INFO | Indexação em andamento | 23900 de 27963 PDFs
08/09/2026 10:49:37 | WARNING | PDF não indexado | arquivo=F:\Documentos\Rafael\ORVIX AGROQUIMICA LTDA\CONTRATO DE LOCAÇÃO - PRIMAVERA DO LESTE.pdf | motivo=PDF sem texto extraível; pode ser escaneado
08/09/2026 10:49:42 | WARNING | PDF não indexado | arquivo=F:\Documentos\Rafael\ORVIX AGROQUIMICA LTDA\DIFERIMENTO 2º OPERAÇÃO\5 - TERMO DE OPÇÃO - TEXTO LIVRO.pdf | motivo=PDF sem texto extraível; pode ser escaneado
08/09/2026 10:49:42 | WARNING | PDF não indexado | arquivo=F:\Documentos\Rafael\ORVIX AGROQUIMICA LTDA\DIFERIMENTO 2º OPERAÇÃO\6 - CAPA LIVRO.pdf | motivo=PDF sem texto extraível; pode ser escaneado
08/09/2026 10:49:42 | WARNING | PDF não indexado | arquivo=F:\Documentos\Rafael\ORVIX AGROQUIMICA LTDA\DOCUMENTO SÓCIO - ADRIANO.pdf | motivo=PDF sem texto extraível; pode ser escaneado
08/09/2026 10:49:42 | WARNING | PDF não indexado | arquivo=F:\Documentos\Rafael\ORVIX AGROQUIMICA LTDA\DOCUMENTO SÓCIO - EDUARDO.pdf | motivo=PDF sem texto extraível; pode ser escaneado
08/09/2026 10:49:42 | WARNING | PDF não indexado | arquivo=F:\Documentos\Rafael\ORVIX AGROQUIMICA LTDA\DOCUMENTO SÓCIO - JOÃO VICTOR.pdf | motivo=PDF sem texto extraível; pode ser escaneado
08/09/2026 10:49:43 | WARNING | PDF não indexado | arquivo=F:\Documentos\Rafael\ORVIX AGROQUIMICA LTDA\INSCRIÇÃO IMOBILIARIA - PRIMAVERA LESTE .pdf | motivo=PDF sem texto extraível; pode ser escaneado
08/09/2026 10:49:43 | WARNING | PDF não indexado | arquivo=F:\Documentos\Rafael\ORVIX AGROQUIMICA LTDA\INSCRIÇÃO IMOBILIARIA - QUERENCIA.pdf | motivo=PDF sem texto extraível; pode ser escaneado
08/09/2026 10:49:43 | WARNING | PDF não indexado | arquivo=F:\Documentos\Rafael\ORVIX AGROQUIMICA LTDA\MAT. 72.766.pdf | motivo=PDF sem texto extraível; pode ser escaneado
08/09/2026 10:49:48 | WARNING | PDF não indexado | arquivo=F:\Documentos\Rafael\PARAGEM HOTEL\ATA AGOE   01-2017 - 18.10.2017  .pdf | motivo=PDF sem texto extraível; pode ser escaneado
08/09/2026 10:49:48 | WARNING | PDF não indexado | arquivo=F:\Documentos\Rafael\PARAGEM HOTEL\ATA AGOE   01-2017 - 18.10.2017 - ESTATUTO, DEMONSTRATIVO ACIONARIO.pdf | motivo=PDF sem texto extraível; pode ser escaneado
08/09/2026 10:49:49 | WARNING | PDF não indexado | arquivo=F:\Documentos\Rafael\PARAGEM HOTEL\CONTRATO ARRENDO HOTEL.pdf | motivo=PDF sem texto extraível; pode ser escaneado
08/09/2026 10:49:49 | WARNING | PDF não indexado | arquivo=F:\Documentos\Rafael\PARAGEM HOTEL\DOCUMENTOS ELPIDIO.pdf | motivo=PDF sem texto extraível; pode ser escaneado
08/09/2026 10:49:50 | WARNING | PDF não indexado | arquivo=F:\Documentos\Rafael\PARAGEM HOTEL\DOCUMENTOS PATRICIA.pdf | motivo=PDF sem texto extraível; pode ser escaneado
08/09/2026 10:49:51 | WARNING | PDF não indexado | arquivo=F:\Documentos\Rafael\PARAGEM HOTEL\DOCUMENTOS PESSOAIS PATRICIA ELPIDIO.pdf | motivo=PDF sem texto extraível; pode ser escaneado
08/09/2026 10:49:51 | WARNING | PDF não indexado | arquivo=F:\Documentos\Rafael\PARAGEM HOTEL\INSCRIÇÃO\Ata da AGOE_2017 - Alteração do capital social, diretores e CNAE.pdf | motivo=PDF sem texto extraível; pode ser escaneado
08/09/2026 10:49:51 | WARNING | PDF não indexado | arquivo=F:\Documentos\Rafael\PARAGEM HOTEL\INSCRIÇÃO\Ata Eleição nova diretoria - 2011.pdf | motivo=PDF sem texto extraível; pode ser escaneado
08/09/2026 10:49:51 | WARNING | PDF não indexado | arquivo=F:\Documentos\Rafael\PARAGEM HOTEL\INSCRIÇÃO\DOCUMENTOS ELPIDIO.pdf | motivo=PDF sem texto extraível; pode ser escaneado
08/09/2026 10:49:51 | WARNING | PDF não indexado | arquivo=F:\Documentos\Rafael\PARAGEM HOTEL\INSCRIÇÃO\DOCUMENTOS EVALDO.pdf | motivo=PDF sem texto extraível; pode ser escaneado
08/09/2026 10:49:52 | WARNING | PDF não indexado | arquivo=F:\Documentos\Rafael\PARAGEM HOTEL\INSCRIÇÃO\DOCUMENTOS PATRICIA.pdf | motivo=PDF sem texto extraível; pode ser escaneado
08/09/2026 10:49:52 | WARNING | PDF não indexado | arquivo=F:\Documentos\Rafael\PARAGEM HOTEL\INSCRIÇÃO\DOCUMENTOS VALDIR.pdf | motivo=PDF sem texto extraível; pode ser escaneado
08/09/2026 10:49:52 | WARNING | PDF não indexado | arquivo=F:\Documentos\Rafael\PARAGEM HOTEL\INSCRIÇÃO\FAC - ÚLTIMA.pdf | motivo=PDF sem texto extraível; pode ser escaneado
08/09/2026 10:49:52 | WARNING | PDF não indexado | arquivo=F:\Documentos\Rafael\PARAGEM HOTEL\INSCRIÇÃO\FAC NOVA.pdf | motivo=PDF sem texto extraível; pode ser escaneado
08/09/2026 10:49:52 | WARNING | PDF não indexado | arquivo=F:\Documentos\Rafael\PARAGEM HOTEL\MATRICULA.pdf | motivo=PDF sem texto extraível; pode ser escaneado
08/09/2026 10:49:54 | INFO | Indexação em andamento | 24000 de 27963 PDFs
08/09/2026 10:50:00 | WARNING | PDF não indexado | arquivo=F:\Documentos\Rafael\PARAGEM HOTEL\TAC 2025.pdf | motivo=PDF sem texto extraível; pode ser escaneado
08/09/2026 10:50:00 | WARNING | PDF não indexado | arquivo=F:\Documentos\Rafael\PARAGEM HOTEL\~$a da AGOE_2017 .pdf | motivo=PdfStreamError: Stream has ended unexpectedly
08/09/2026 10:50:02 | WARNING | PDF não indexado | arquivo=F:\Documentos\Rafael\PARANA SERVIÇOS DE RETIFICA E INJEÇÃO ELETRONICA\CONTRATO DE LOCAÇÃO.pdf | motivo=PDF sem texto extraível; pode ser escaneado
08/09/2026 10:50:04 | WARNING | PDF não indexado | arquivo=F:\Documentos\Rafael\PARANA SERVIÇOS DE RETIFICA E INJEÇÃO ELETRONICA\DOCUMENTOS ADELAR.pdf | motivo=PDF sem texto extraível; pode ser escaneado
08/09/2026 10:50:04 | WARNING | PDF não indexado | arquivo=F:\Documentos\Rafael\PARANA SERVIÇOS DE RETIFICA E INJEÇÃO ELETRONICA\DOCUMENTOS GABRIELI - TITULO.pdf | motivo=PDF sem texto extraível; pode ser escaneado
08/09/2026 10:50:04 | WARNING | PDF não indexado | arquivo=F:\Documentos\Rafael\PARANA SERVIÇOS DE RETIFICA E INJEÇÃO ELETRONICA\DOCUMENTOS GABRIELI.pdf | motivo=PDF sem texto extraível; pode ser escaneado
08/09/2026 10:50:04 | WARNING | PDF não indexado | arquivo=F:\Documentos\Rafael\PARANA SERVIÇOS DE RETIFICA E INJEÇÃO ELETRONICA\FOTOS.pdf | motivo=PDF sem texto extraível; pode ser escaneado
08/09/2026 10:50:04 | WARNING | PDF não indexado | arquivo=F:\Documentos\Rafael\PARANA SERVIÇOS DE RETIFICA E INJEÇÃO ELETRONICA\PROTOCOLO LO.pdf | motivo=PDF sem texto extraível; pode ser escaneado
08/09/2026 10:50:06 | WARNING | PDF não indexado | arquivo=F:\Documentos\Rafael\PARANÁ RETIFICA DE MOTORES\DOCUMENTOS ADELAR.pdf | motivo=PDF sem texto extraível; pode ser escaneado
08/09/2026 10:50:06 | WARNING | PDF não indexado | arquivo=F:\Documentos\Rafael\PARANÁ RETIFICA DE MOTORES\DOCUMENTOS DENIZE.pdf | motivo=PDF sem texto extraível; pode ser escaneado
08/09/2026 10:50:06 | WARNING | PDF não indexado | arquivo=F:\Documentos\Rafael\PARANÁ RETIFICA DE MOTORES\FOTOS.pdf | motivo=PDF sem texto extraível; pode ser escaneado
08/09/2026 10:50:06 | WARNING | PDF não indexado | arquivo=F:\Documentos\Rafael\PARANÁ RETIFICA DE MOTORES\MATRÍCULA.pdf | motivo=PDF sem texto extraível; pode ser escaneado
08/09/2026 10:50:07 | WARNING | PDF não indexado | arquivo=F:\Documentos\Rafael\PARANÁ UTILITÁRIOS\CONTRATO SOCIAL - 4º ALT.pdf | motivo=PDF sem texto extraível; pode ser escaneado
08/09/2026 10:50:07 | WARNING | PDF não indexado | arquivo=F:\Documentos\Rafael\PARANÁ UTILITÁRIOS\CONTRATO SOCIAL - 5º ALT - TRANSFORMAÇÃO.pdf | motivo=PDF sem texto extraível; pode ser escaneado
08/09/2026 10:50:07 | WARNING | PDF não indexado | arquivo=F:\Documentos\Rafael\PARANÁ UTILITÁRIOS\DOCUMENTO CLOVIS.pdf | motivo=PDF sem texto extraível; pode ser escaneado
08/09/2026 10:50:07 | WARNING | PDF não indexado | arquivo=F:\Documentos\Rafael\PARANÁ UTILITÁRIOS\HABITE-SE.pdf | motivo=PDF sem texto extraível; pode ser escaneado
08/09/2026 10:50:07 | WARNING | PDF não indexado | arquivo=F:\Documentos\Rafael\PARQUE DAS FLORES EMPEENDIMENTOS IMOBILIARIOS SPE LTDA\CERTIDÃO CASAMENTO.pdf | motivo=PDF sem texto extraível; pode ser escaneado
08/09/2026 10:50:08 | WARNING | PDF não indexado | arquivo=F:\Documentos\Rafael\PARQUE DAS FLORES EMPEENDIMENTOS IMOBILIARIOS SPE LTDA\CNPJ SANTA MONICA.pdf | motivo=PDF sem texto extraível; pode ser escaneado
08/09/2026 10:50:08 | WARNING | PDF não indexado | arquivo=F:\Documentos\Rafael\PARQUE DAS FLORES EMPEENDIMENTOS IMOBILIARIOS SPE LTDA\COMPROVANTE ENDEREÇO.pdf | motivo=PDF sem texto extraível; pode ser escaneado
08/09/2026 10:50:10 | WARNING | PDF não indexado | arquivo=F:\Documentos\Rafael\PARQUE DAS FLORES EMPEENDIMENTOS IMOBILIARIOS SPE LTDA\DOCUMENTOS DIANETE.pdf | motivo=PDF sem texto extraível; pode ser escaneado
08/09/2026 10:50:10 | WARNING | PDF não indexado | arquivo=F:\Documentos\Rafael\PARQUE DAS FLORES EMPEENDIMENTOS IMOBILIARIOS SPE LTDA\DOCUMENTOS NEIVA.pdf | motivo=PDF sem texto extraível; pode ser escaneado
08/09/2026 10:50:10 | WARNING | PDF não indexado | arquivo=F:\Documentos\Rafael\PARQUE DAS FLORES EMPEENDIMENTOS IMOBILIARIOS SPE LTDA\DOMUMENTO MAXIMINO.pdf | motivo=PDF sem texto extraível; pode ser escaneado
08/09/2026 10:50:10 | WARNING | PDF não indexado | arquivo=F:\Documentos\Rafael\PARQUE DAS FLORES EMPEENDIMENTOS IMOBILIARIOS SPE LTDA\MATRICULAS.pdf | motivo=PDF sem texto extraível; pode ser escaneado
08/09/2026 10:50:11 | WARNING | PDF não indexado | arquivo=F:\Documentos\Rafael\PARQUE DAS FLORES II EMPREENDIMENTOS IMOBILIÁRIOS SPE LTDA\MATRICULA_2.230_-_PAG._01.pdf | motivo=PDF sem texto extraível; pode ser escaneado
08/09/2026 10:50:11 | INFO | Indexação em andamento | 24100 de 27963 PDFs
08/09/2026 10:50:11 | WARNING | PDF não indexado | arquivo=F:\Documentos\Rafael\PARQUE DAS FLORES II EMPREENDIMENTOS IMOBILIÁRIOS SPE LTDA\MATRICULA_2.230_-_PAG._02.pdf | motivo=PDF sem texto extraível; pode ser escaneado
08/09/2026 10:50:11 | WARNING | PDF não indexado | arquivo=F:\Documentos\Rafael\PARQUE DAS FLORES II EMPREENDIMENTOS IMOBILIÁRIOS SPE LTDA\MATRICULA_2.230_-_PAG._03.pdf | motivo=PDF sem texto extraível; pode ser escaneado
08/09/2026 10:50:17 | WARNING | PDF não indexado | arquivo=F:\Documentos\Rafael\PONTO QUARENTA E CINCO COMERCIO DE ARMAS SORRISO LTDA\ALVARÁ BOMBEIROS.pdf | motivo=PDF sem texto extraível; pode ser escaneado
08/09/2026 10:50:17 | WARNING | PDF não indexado | arquivo=F:\Documentos\Rafael\PONTO QUARENTA E CINCO COMERCIO DE ARMAS SORRISO LTDA\CERTIFICADO APROVAÇÃO BOMBEIROS.pdf | motivo=PDF sem texto extraível; pode ser escaneado
08/09/2026 10:50:28 | INFO | Indexação em andamento | 24200 de 27963 PDFs
08/09/2026 10:50:32 | WARNING | PDF não indexado | arquivo=F:\Documentos\Rafael\PORTO BELO EMP. IMOB SPE\DOCUMENTOS FAUSTO.pdf | motivo=PDF sem texto extraível; pode ser escaneado
08/09/2026 10:50:32 | WARNING | PDF não indexado | arquivo=F:\Documentos\Rafael\PORTO BELO EMP. IMOB SPE\DOCUMENTOS JOCELAINE.pdf | motivo=PDF sem texto extraível; pode ser escaneado
08/09/2026 10:50:36 | WARNING | PDF não indexado | arquivo=F:\Documentos\Rafael\R L A PRESTADORA DE SERVIÇOS\OPTANTE PELO SIMPLES NACIONAL.pdf | motivo=PDF sem texto extraível; pode ser escaneado
08/09/2026 10:50:38 | WARNING | PDF não indexado | arquivo=F:\Documentos\Rafael\RADIO SORRISO\CONTRATO SOCIAL - 10º ALT.pdf | motivo=PDF sem texto extraível; pode ser escaneado
08/09/2026 10:50:38 | WARNING | PDF não indexado | arquivo=F:\Documentos\Rafael\RADIO SORRISO\CONTRATO SOCIAL - 11º ALT.pdf | motivo=PDF sem texto extraível; pode ser escaneado
08/09/2026 10:50:39 | WARNING | PDF não indexado | arquivo=F:\Documentos\Rafael\RADIO SORRISO\DOCUMENTOS PLINIO.pdf | motivo=PDF sem texto extraível; pode ser escaneado
08/09/2026 10:50:39 | WARNING | PDF não indexado | arquivo=F:\Documentos\Rafael\RADIO SORRISO\DOCUMENTOS SANDRA.pdf | motivo=PDF sem texto extraível; pode ser escaneado
08/09/2026 10:50:39 | WARNING | PDF não indexado | arquivo=F:\Documentos\Rafael\RADIO SORRISO\OPTANTE SIMPLES.pdf | motivo=PDF sem texto extraível; pode ser escaneado
08/09/2026 10:50:40 | INFO | Indexação em andamento | 24300 de 27963 PDFs
08/09/2026 10:50:40 | WARNING | PDF não indexado | arquivo=F:\Documentos\Rafael\RANDON SERVIÇOS DE COLHEITA LTDA\DOCUMENTOS SOCIOS  CLEUDIR.pdf | motivo=PDF sem texto extraível; pode ser escaneado
08/09/2026 10:50:40 | WARNING | PDF não indexado | arquivo=F:\Documentos\Rafael\RANDON SERVIÇOS DE COLHEITA LTDA\MATRÍCULA.pdf | motivo=PDF sem texto extraível; pode ser escaneado
08/09/2026 10:50:46 | WARNING | PDF não indexado | arquivo=F:\Documentos\Rafael\RBF AGRONEGÓCIOS LTDA\MATRICULA INTEGRALIZADA\CARTORIO\3 - Mat. 879.pdf | motivo=PDF sem texto extraível; pode ser escaneado
08/09/2026 10:50:47 | WARNING | PDF não indexado | arquivo=F:\Documentos\Rafael\RBF AGRONEGÓCIOS LTDA\MATRICULA INTEGRALIZADA\CARTORIO\4 - Mat. 942.pdf | motivo=PDF sem texto extraível; pode ser escaneado
08/09/2026 10:50:47 | WARNING | PDF não indexado | arquivo=F:\Documentos\Rafael\RBF AGRONEGÓCIOS LTDA\MATRICULA INTEGRALIZADA\CARTORIO\5 - Mat. 47.822.pdf | motivo=PDF sem texto extraível; pode ser escaneado
08/09/2026 10:50:47 | WARNING | PDF não indexado | arquivo=F:\Documentos\Rafael\RBF AGRONEGÓCIOS LTDA\MATRICULA INTEGRALIZADA\CARTORIO\5 - Mat. 47.823.pdf | motivo=PDF sem texto extraível; pode ser escaneado
08/09/2026 10:50:56 | WARNING | PDF não indexado | arquivo=F:\Documentos\Rafael\REDE RURAL\CONTRATO DE LOCAÇÃO.pdf | motivo=PDF sem texto extraível; pode ser escaneado
08/09/2026 10:50:56 | INFO | Indexação em andamento | 24400 de 27963 PDFs
08/09/2026 10:50:58 | WARNING | PDF não indexado | arquivo=F:\Documentos\Rafael\REDE RURAL\CONTRATO SOCIAL - 1° ALT.pdf | motivo=PDF sem texto extraível; pode ser escaneado
08/09/2026 10:50:58 | WARNING | PDF não indexado | arquivo=F:\Documentos\Rafael\REDE RURAL\CONTRATO SOCIAL - 2° ALT (3º ALT).pdf | motivo=PDF sem texto extraível; pode ser escaneado
08/09/2026 10:50:58 | WARNING | PDF não indexado | arquivo=F:\Documentos\Rafael\REDE RURAL\CONTRATO SOCIAL - 3ª ALT.pdf | motivo=PDF sem texto extraível; pode ser escaneado
08/09/2026 10:51:00 | WARNING | PDF não indexado | arquivo=F:\Documentos\Rafael\REDE RURAL\CONTRATO SOCIAL - CONSTITUIÇÃO.pdf | motivo=PDF sem texto extraível; pode ser escaneado
08/09/2026 10:51:01 | WARNING | PDF não indexado | arquivo=F:\Documentos\Rafael\REDE RURAL\CRMV VICTOR.pdf | motivo=PDF sem texto extraível; pode ser escaneado
08/09/2026 10:51:01 | WARNING | PDF não indexado | arquivo=F:\Documentos\Rafael\REDE RURAL\DECLARAÇÃO RESPONSABILIDADE VETERINARIA.pdf | motivo=PDF sem texto extraível; pode ser escaneado
08/09/2026 10:51:01 | WARNING | PDF não indexado | arquivo=F:\Documentos\Rafael\REDE RURAL\DOCUMENTOS FILIAL 1\Alvará Bombeiro Filial.pdf | motivo=PDF sem texto extraível; pode ser escaneado
08/09/2026 10:51:01 | WARNING | PDF não indexado | arquivo=F:\Documentos\Rafael\REDE RURAL\DOCUMENTOS FILIAL 1\FOTOS.pdf | motivo=PDF sem texto extraível; pode ser escaneado
08/09/2026 10:51:01 | WARNING | PDF não indexado | arquivo=F:\Documentos\Rafael\REDE RURAL\DOCUMENTOS FILIAL 1\HABITE-SE FILIAL DEPOSITO.pdf | motivo=PDF sem texto extraível; pode ser escaneado
08/09/2026 10:51:01 | WARNING | PDF não indexado | arquivo=F:\Documentos\Rafael\REDE RURAL\DOCUMENTOS FILIAL 1\Matricula 59.469.pdf | motivo=PDF sem texto extraível; pode ser escaneado
08/09/2026 10:51:01 | WARNING | PDF não indexado | arquivo=F:\Documentos\Rafael\REDE RURAL\DOCUMENTOS ROBERSON.pdf | motivo=PDF sem texto extraível; pode ser escaneado
08/09/2026 10:51:02 | WARNING | PDF não indexado | arquivo=F:\Documentos\Rafael\REDE RURAL\DOCUMENTOS Willian.pdf | motivo=PDF sem texto extraível; pode ser escaneado
08/09/2026 10:51:02 | WARNING | PDF não indexado | arquivo=F:\Documentos\Rafael\REDE RURAL\FOTOS.pdf | motivo=PDF sem texto extraível; pode ser escaneado
08/09/2026 10:51:02 | WARNING | PDF não indexado | arquivo=F:\Documentos\Rafael\REDE RURAL\HABITE-SE.pdf | motivo=PDF sem texto extraível; pode ser escaneado
08/09/2026 10:51:02 | WARNING | PDF não indexado | arquivo=F:\Documentos\Rafael\REDE RURAL\INTEIRO TEOR 59.469.pdf | motivo=PDF sem texto extraível; pode ser escaneado
08/09/2026 10:51:05 | WARNING | PDF não indexado | arquivo=F:\Documentos\Rafael\REDE RURAL\TERMO DIFERIMENTO 2º OPERAÇÃO\LIVRO TERMO DE OCORRENCIA - FILIAL.pdf | motivo=PDF sem texto extraível; pode ser escaneado
08/09/2026 10:51:05 | WARNING | PDF não indexado | arquivo=F:\Documentos\Rafael\REDE RURAL\TERMO DIFERIMENTO 2º OPERAÇÃO\LIVRO TERMO DE OCORRENCIA - MATRIZ.pdf | motivo=PDF sem texto extraível; pode ser escaneado
08/09/2026 10:51:06 | WARNING | PDF não indexado | arquivo=F:\Documentos\Rafael\RENAN ALESY MORAIS\CNPJ.pdf | motivo=PDF sem texto extraível; pode ser escaneado
08/09/2026 10:51:06 | WARNING | PDF não indexado | arquivo=F:\Documentos\Rafael\RENATA POLITTA\CNES - NUMERAÇÃO.pdf | motivo=PDF sem texto extraível; pode ser escaneado
08/09/2026 10:51:07 | WARNING | PDF não indexado | arquivo=F:\Documentos\Rafael\RENATA POLITTA\CONSTITUIÇÃO\FORMULÁRIO ABERTURA EMPRESA.pdf | motivo=PDF sem texto extraível; pode ser escaneado
08/09/2026 10:51:09 | WARNING | PDF não indexado | arquivo=F:\Documentos\Rafael\RENATA POLITTA\DOCUMENTOS SÓCIA.pdf | motivo=PDF sem texto extraível; pode ser escaneado
08/09/2026 10:51:09 | WARNING | PDF não indexado | arquivo=F:\Documentos\Rafael\RENATA POLITTA\FOTOS.pdf | motivo=PDF sem texto extraível; pode ser escaneado
08/09/2026 10:51:09 | WARNING | PDF não indexado | arquivo=F:\Documentos\Rafael\RENATA POLITTA\MATRÍCULA.pdf | motivo=PDF sem texto extraível; pode ser escaneado
08/09/2026 10:51:10 | WARNING | PDF não indexado | arquivo=F:\Documentos\Rafael\RENATA POLITTA\VIGILÂNCIA\COMPROVANTE DE PAGAMENTO.pdf | motivo=PDF sem texto extraível; pode ser escaneado
08/09/2026 10:51:11 | WARNING | PDF não indexado | arquivo=F:\Documentos\Rafael\RENATA POLITTA\VIGILÂNCIA\DOCUMENTOS\6 - NF AR CONDICIONADO.pdf | motivo=PDF sem texto extraível; pode ser escaneado
08/09/2026 10:51:12 | WARNING | PDF não indexado | arquivo=F:\Documentos\Rafael\RENATA POLITTA\VIGILÂNCIA\LAUDO DETETIZADORA.pdf | motivo=PDF sem texto extraível; pode ser escaneado
08/09/2026 10:51:12 | WARNING | PDF não indexado | arquivo=F:\Documentos\Rafael\RENATA POLITTA\VIGILÂNCIA\LAUDO LIMPEZA DA CAIXA D'ÁGUA.pdf | motivo=PDF sem texto extraível; pode ser escaneado
08/09/2026 10:51:12 | WARNING | PDF não indexado | arquivo=F:\Documentos\Rafael\RENATA POLITTA\VIGILÂNCIA\NF AR CONDICIONADO.pdf | motivo=PDF sem texto extraível; pode ser escaneado
08/09/2026 10:51:12 | INFO | Indexação em andamento | 24500 de 27963 PDFs
08/09/2026 10:51:14 | WARNING | PDF não indexado | arquivo=F:\Documentos\Rafael\RESTAURANTE DA VÓ\DOCUMENTOS SÓCIO - FERNANDA.pdf | motivo=PDF sem texto extraível; pode ser escaneado
08/09/2026 10:51:14 | WARNING | PDF não indexado | arquivo=F:\Documentos\Rafael\RESTAURANTE DA VÓ\FOTO.pdf | motivo=PDF sem texto extraível; pode ser escaneado
08/09/2026 10:51:15 | WARNING | PDF não indexado | arquivo=F:\Documentos\Rafael\RESTAURANTE DA VÓ\MATRICULA.pdf | motivo=PDF sem texto extraível; pode ser escaneado
08/09/2026 10:51:15 | WARNING | PDF não indexado | arquivo=F:\Documentos\Rafael\RESTAURANTE DA VÓ\TAC 2024.pdf | motivo=PDF sem texto extraível; pode ser escaneado
08/09/2026 10:51:15 | WARNING | PDF não indexado | arquivo=F:\Documentos\Rafael\RESTAURANTE DA VÓ\TAC 2024_organized.pdf | motivo=PDF sem texto extraível; pode ser escaneado
08/09/2026 10:51:18 | WARNING | PDF não indexado | arquivo=F:\Documentos\Rafael\RF MINERAÇÃO\JUCEMATDIC202502706A.pdf | motivo=PDF sem texto extraível; pode ser escaneado
08/09/2026 10:51:18 | WARNING | PDF não indexado | arquivo=F:\Documentos\Rafael\RF MINERAÇÃO\RG - Ricieri - novíssimo.pdf | motivo=PDF sem texto extraível; pode ser escaneado
08/09/2026 10:51:20 | WARNING | PDF não indexado | arquivo=F:\Documentos\Rafael\RIO BONITO TRANSPORTES\ALVARÁ BOMBEIRO.pdf | motivo=PDF sem texto extraível; pode ser escaneado
08/09/2026 10:51:21 | WARNING | PDF não indexado | arquivo=F:\Documentos\Rafael\RIO BONITO TRANSPORTES\CERTIFICADO SUATRANS.pdf | motivo=PDF sem texto extraível; pode ser escaneado
08/09/2026 10:51:22 | WARNING | PDF não indexado | arquivo=F:\Documentos\Rafael\RIO BONITO TRANSPORTES\DOCUMENTOS CRISTIAN.pdf | motivo=PDF sem texto extraível; pode ser escaneado
08/09/2026 10:51:22 | WARNING | PDF não indexado | arquivo=F:\Documentos\Rafael\RIO BONITO TRANSPORTES\LO.pdf | motivo=PDF sem texto extraível; pode ser escaneado
08/09/2026 10:51:23 | WARNING | PDF não indexado | arquivo=F:\Documentos\Rafael\RIO BONITO TRANSPORTES\SUSPENSÃO INSCRIÇÃO ESTADUAL\TERMO DE CIÊNCIA, RESPONSABILIDADE E FIEL DEPOSITÁRIO.pdf | motivo=PDF sem texto extraível; pode ser escaneado
08/09/2026 10:51:23 | WARNING | PDF não indexado | arquivo=F:\Documentos\Rafael\RIO BONITO TRANSPORTES\TAC - 2025.pdf | motivo=PDF sem texto extraível; pode ser escaneado
08/09/2026 10:51:27 | INFO | Indexação em andamento | 24600 de 27963 PDFs
08/09/2026 10:51:28 | WARNING | PDF não indexado | arquivo=F:\Documentos\Rafael\RODRIGO ANTONIO NETTO LTDA\CONTRATO DE ALUGUEL.pdf | motivo=PDF sem texto extraível; pode ser escaneado
08/09/2026 10:51:28 | WARNING | PDF não indexado | arquivo=F:\Documentos\Rafael\RODRIGO ANTONIO NETTO LTDA\doc06720320200219171628.pdf | motivo=PDF sem texto extraível; pode ser escaneado
08/09/2026 10:51:29 | WARNING | PDF não indexado | arquivo=F:\Documentos\Rafael\RODRIGO ANTONIO NETTO LTDA\DOCUMENTOS RODRIGO.pdf | motivo=PDF sem texto extraível; pode ser escaneado
08/09/2026 10:51:29 | WARNING | PDF não indexado | arquivo=F:\Documentos\Rafael\RODRIGO ANTONIO NETTO LTDA\FOTOS 2.pdf | motivo=PDF sem texto extraível; pode ser escaneado
08/09/2026 10:51:29 | WARNING | PDF não indexado | arquivo=F:\Documentos\Rafael\RODRIGO ANTONIO NETTO LTDA\FOTOS 3.pdf | motivo=PDF sem texto extraível; pode ser escaneado
08/09/2026 10:51:29 | WARNING | PDF não indexado | arquivo=F:\Documentos\Rafael\RODRIGO ANTONIO NETTO LTDA\FOTOS.pdf | motivo=PDF sem texto extraível; pode ser escaneado
08/09/2026 10:51:29 | WARNING | PDF não indexado | arquivo=F:\Documentos\Rafael\RODRIGO ANTONIO NETTO LTDA\MATRÍCULA.pdf | motivo=PDF sem texto extraível; pode ser escaneado
08/09/2026 10:51:29 | WARNING | PDF não indexado | arquivo=F:\Documentos\Rafael\RODRIGO ANTONIO NETTO LTDA\TERMO COMPROMISSO REDESIM.pdf | motivo=PDF sem texto extraível; pode ser escaneado
08/09/2026 10:51:29 | WARNING | PDF não indexado | arquivo=F:\Documentos\Rafael\RODRIGO ANTONIO NETTO LTDA\TERMO HABITE-SE.pdf | motivo=PDF sem texto extraível; pode ser escaneado
08/09/2026 10:51:32 | WARNING | PDF não indexado | arquivo=F:\Documentos\Rafael\ROTA 338 AUTO POSTO LTDA\DOCUMENTO SOCIO - NAOR.pdf | motivo=PDF sem texto extraível; pode ser escaneado
08/09/2026 10:51:32 | WARNING | PDF não indexado | arquivo=F:\Documentos\Rafael\ROTA 338 AUTO POSTO LTDA\DOCUMENTOS SOCIOS - PAULO (Certidão de casamento).pdf | motivo=PDF sem texto extraível; pode ser escaneado
08/09/2026 10:51:32 | WARNING | PDF não indexado | arquivo=F:\Documentos\Rafael\ROTA 338 AUTO POSTO LTDA\DOCUMENTOS SOCIOS - PAULO.pdf | motivo=PDF sem texto extraível; pode ser escaneado
08/09/2026 10:51:33 | WARNING | PDF não indexado | arquivo=F:\Documentos\Rafael\ROTA 338 AUTO POSTO LTDA\MATRICULA 5889 (POSTO).pdf | motivo=PDF sem texto extraível; pode ser escaneado
08/09/2026 10:51:34 | WARNING | PDF não indexado | arquivo=F:\Documentos\Rafael\ROVARIS ARMAZENS GERAIS - PIAUI\DOCUMENTO - ADVOGADO.pdf | motivo=PDF sem texto extraível; pode ser escaneado
08/09/2026 10:51:34 | WARNING | PDF não indexado | arquivo=F:\Documentos\Rafael\ROVARIS ARMAZENS GERAIS - PIAUI\DOCUMENTOS ATILIO.pdf | motivo=PDF sem texto extraível; pode ser escaneado
08/09/2026 10:51:34 | WARNING | PDF não indexado | arquivo=F:\Documentos\Rafael\ROVARIS ARMAZENS GERAIS - PIAUI\DOCUMENTOS VALDOCIR.pdf | motivo=PDF sem texto extraível; pode ser escaneado
08/09/2026 10:51:42 | WARNING | PDF não indexado | arquivo=F:\Documentos\Rafael\ROVARIS ARMAZÉNS GERAIS\DOCUMENTOS - VALDOCIR - CERTIDÃO DE CASAMENTO.pdf | motivo=PDF sem texto extraível; pode ser escaneado
08/09/2026 10:51:42 | WARNING | PDF não indexado | arquivo=F:\Documentos\Rafael\ROVARIS ARMAZÉNS GERAIS\DOCUMENTOS ATILIO.pdf | motivo=PDF sem texto extraível; pode ser escaneado
08/09/2026 10:51:42 | WARNING | PDF não indexado | arquivo=F:\Documentos\Rafael\ROVARIS ARMAZÉNS GERAIS\DOCUMENTOS EDEVALDO.pdf | motivo=PDF sem texto extraível; pode ser escaneado
08/09/2026 10:51:42 | WARNING | PDF não indexado | arquivo=F:\Documentos\Rafael\ROVARIS ARMAZÉNS GERAIS\DOCUMENTOS VALDOCIR.pdf | motivo=PDF sem texto extraível; pode ser escaneado
08/09/2026 10:51:42 | WARNING | PDF não indexado | arquivo=F:\Documentos\Rafael\ROVARIS ARMAZÉNS GERAIS\FAC ASSINADA.pdf | motivo=PDF sem texto extraível; pode ser escaneado
08/09/2026 10:51:45 | WARNING | PDF não indexado | arquivo=F:\Documentos\Rafael\ROVARIS ARMAZÉNS GERAIS\FILIAL - PORTO\ALVARA DE CONSTRUÇÃO.pdf | motivo=PDF sem texto extraível; pode ser escaneado
08/09/2026 10:51:45 | INFO | Indexação em andamento | 24700 de 27963 PDFs
08/09/2026 10:51:45 | WARNING | PDF não indexado | arquivo=F:\Documentos\Rafael\ROVARIS ARMAZÉNS GERAIS\FILIAL - PORTO\CONTRATO DE LOCAÇÃO.pdf | motivo=PDF sem texto extraível; pode ser escaneado
08/09/2026 10:51:46 | WARNING | PDF não indexado | arquivo=F:\Documentos\Rafael\ROVARIS ARMAZÉNS GERAIS\FILIAL - PORTO\FOTOS.pdf | motivo=PDF sem texto extraível; pode ser escaneado
08/09/2026 10:51:46 | WARNING | PDF não indexado | arquivo=F:\Documentos\Rafael\ROVARIS ARMAZÉNS GERAIS\FILIAL - PORTO\MATRÍCULA.pdf | motivo=PDF sem texto extraível; pode ser escaneado
08/09/2026 10:51:46 | WARNING | PDF não indexado | arquivo=F:\Documentos\Rafael\ROVARIS ARMAZÉNS GERAIS\FILIAL - PORTO\OPÇÃO DE DIFERIMENTO DE ICMS NA 2º OPERAÇÃO\LIVRO TERMO DE OCORRENCIAS.pdf | motivo=PDF sem texto extraível; pode ser escaneado
08/09/2026 10:51:46 | WARNING | PDF não indexado | arquivo=F:\Documentos\Rafael\ROVARIS ARMAZÉNS GERAIS\FILIAL - PORTO\OPÇÃO DE DIFERIMENTO DE ICMS NA 2º OPERAÇÃO\SOLICITAÇÃO RETROAGIMENTO ICMS.pdf | motivo=PDF sem texto extraível; pode ser escaneado
08/09/2026 10:51:46 | WARNING | PDF não indexado | arquivo=F:\Documentos\Rafael\ROVARIS ARMAZÉNS GERAIS\FILIAL - PORTO\OPÇÃO DE DIFERIMENTO DE ICMS NA 2º OPERAÇÃO\TERMO DE OPÇÃO PARA REALIZAÇÃO DE OPERAÇÃOPRESTAÇÃO COM DIFERIMENTO DO ICMS.pdf | motivo=PDF sem texto extraível; pode ser escaneado
08/09/2026 10:51:46 | WARNING | PDF não indexado | arquivo=F:\Documentos\Rafael\ROVARIS ARMAZÉNS GERAIS\FILIAL - PORTO\PROTOCOLO LO.pdf | motivo=PDF sem texto extraível; pode ser escaneado
08/09/2026 10:51:46 | WARNING | PDF não indexado | arquivo=F:\Documentos\Rafael\ROVARIS ARMAZÉNS GERAIS\FILIAL - PORTO\PROTOCOLO SAMA.pdf | motivo=PDF sem texto extraível; pode ser escaneado
08/09/2026 10:51:47 | WARNING | PDF não indexado | arquivo=F:\Documentos\Rafael\ROVARIS ARMAZÉNS GERAIS\FOTO ARMZ.pdf | motivo=PDF sem texto extraível; pode ser escaneado
08/09/2026 10:51:47 | WARNING | PDF não indexado | arquivo=F:\Documentos\Rafael\ROVARIS ARMAZÉNS GERAIS\INSCRIÇÃO ESTADUAL\FILIAL\3 - CAPA LIVRO - FILIAL.pdf | motivo=PDF sem texto extraível; pode ser escaneado
08/09/2026 10:51:47 | WARNING | PDF não indexado | arquivo=F:\Documentos\Rafael\ROVARIS ARMAZÉNS GERAIS\INSCRIÇÃO ESTADUAL\FILIAL\4 - TERMO OPÇÃO CADERNO - FILIAL.pdf | motivo=PDF sem texto extraível; pode ser escaneado
08/09/2026 10:51:48 | WARNING | PDF não indexado | arquivo=F:\Documentos\Rafael\ROVARIS ARMAZÉNS GERAIS\INSCRIÇÃO ESTADUAL\MATRIZ\3 - CAPA LIVRO - MATRIZ.pdf | motivo=PDF sem texto extraível; pode ser escaneado
08/09/2026 10:51:48 | WARNING | PDF não indexado | arquivo=F:\Documentos\Rafael\ROVARIS ARMAZÉNS GERAIS\INSCRIÇÃO ESTADUAL\MATRIZ\4 - TERMO OPÇÃO CADERNO - MATRIZ.pdf | motivo=PDF sem texto extraível; pode ser escaneado
08/09/2026 10:51:49 | WARNING | PDF não indexado | arquivo=F:\Documentos\Rafael\ROVARIS ARMAZÉNS GERAIS\MATRÍCULA.pdf | motivo=PDF sem texto extraível; pode ser escaneado
08/09/2026 10:51:51 | WARNING | PDF não indexado | arquivo=F:\Documentos\Rafael\ROVARIS ARMAZÉNS GERAIS\SICAN - CONAB\DOCUMENTOS ATILIO.pdf | motivo=PDF sem texto extraível; pode ser escaneado
08/09/2026 10:51:51 | WARNING | PDF não indexado | arquivo=F:\Documentos\Rafael\ROVARIS ARMAZÉNS GERAIS\SICAN - CONAB\DOCUMENTOS VALDOCIR.pdf | motivo=PDF sem texto extraível; pode ser escaneado
08/09/2026 10:51:51 | WARNING | PDF não indexado | arquivo=F:\Documentos\Rafael\ROVARIS ARMAZÉNS GERAIS\SICAN - CONAB\REGULAMENTO INTERNO - CONDIÇÕES GERAIS.pdf | motivo=PDF sem texto extraível; pode ser escaneado
08/09/2026 10:51:51 | WARNING | PDF não indexado | arquivo=F:\Documentos\Rafael\ROVARIS ARMAZÉNS GERAIS\SICAN - CONAB\TERMO FIEL DEPOSITÁRIO.pdf | motivo=PDF sem texto extraível; pode ser escaneado
08/09/2026 10:51:53 | WARNING | PDF não indexado | arquivo=F:\Documentos\Rafael\RP GESTAO E ADMINISTRACAO\CERTIDAO CASAMENTO - PETER.pdf | motivo=PDF sem texto extraível; pode ser escaneado
08/09/2026 10:51:56 | WARNING | PDF não indexado | arquivo=F:\Documentos\Rafael\RP GESTAO E ADMINISTRACAO\DOCUMENTOS PETER - CPF.pdf | motivo=PDF sem texto extraível; pode ser escaneado
08/09/2026 10:51:56 | WARNING | PDF não indexado | arquivo=F:\Documentos\Rafael\RP GESTAO E ADMINISTRACAO\DOCUMENTOS PETER.pdf | motivo=PDF sem texto extraível; pode ser escaneado
08/09/2026 10:51:56 | WARNING | PDF não indexado | arquivo=F:\Documentos\Rafael\RP GESTAO E ADMINISTRACAO\DOCUMENTOS ROBERTA.pdf | motivo=PDF sem texto extraível; pode ser escaneado
08/09/2026 10:51:56 | WARNING | PDF não indexado | arquivo=F:\Documentos\Rafael\RP GESTAO E ADMINISTRACAO\DOCUMENTOS ROBERTO.pdf | motivo=PDF sem texto extraível; pode ser escaneado
08/09/2026 10:51:57 | WARNING | PDF não indexado | arquivo=F:\Documentos\Rafael\RP GESTAO E ADMINISTRACAO\EXONERACAO DETRAN___PETER.pdf | motivo=PDF sem texto extraível; pode ser escaneado
08/09/2026 10:51:57 | WARNING | PDF não indexado | arquivo=F:\Documentos\Rafael\S G COLHEITAS E TRANSPORTES LTDA\CADASTRO IMOBILIARIO.PDF | motivo=PDF sem texto extraível; pode ser escaneado
08/09/2026 10:51:59 | INFO | Indexação em andamento | 24800 de 27963 PDFs
08/09/2026 10:52:00 | WARNING | PDF não indexado | arquivo=F:\Documentos\Rafael\S.M. REPRESENTAÇÕES COMERCIAIS\FOTOS FACHADA.pdf | motivo=PDF sem texto extraível; pode ser escaneado
08/09/2026 10:52:00 | WARNING | PDF não indexado | arquivo=F:\Documentos\Rafael\S.M. REPRESENTAÇÕES COMERCIAIS\Matricula.pdf | motivo=PDF sem texto extraível; pode ser escaneado
08/09/2026 10:52:02 | WARNING | PDF não indexado | arquivo=F:\Documentos\Rafael\SAFRAS AGROPECUÁRIA\CNH DIGITAL - PEDRO.pdf | motivo=PDF sem texto extraível; pode ser escaneado
08/09/2026 10:52:05 | WARNING | PDF não indexado | arquivo=F:\Documentos\Rafael\SAFRAS AGROPECUÁRIA\DOCUMENTOS DILCEU.pdf | motivo=PDF sem texto extraível; pode ser escaneado
08/09/2026 10:52:05 | WARNING | PDF não indexado | arquivo=F:\Documentos\Rafael\SAFRAS AGROPECUÁRIA\DOCUMENTOS PEDRO.pdf | motivo=PDF sem texto extraível; pode ser escaneado
08/09/2026 10:52:05 | WARNING | PDF não indexado | arquivo=F:\Documentos\Rafael\SAFRAS AGROPECUÁRIA\FILIAL 1\Contrato de Subarrendamento Gemma VicenzziXSafras.pdf | motivo=PDF sem texto extraível; pode ser escaneado
08/09/2026 10:52:06 | WARNING | PDF não indexado | arquivo=F:\Documentos\Rafael\SAFRAS AGROPECUÁRIA\FILIAL 1\MATRÍCULA 10.993.pdf | motivo=PDF sem texto extraível; pode ser escaneado
08/09/2026 10:52:07 | WARNING | PDF não indexado | arquivo=F:\Documentos\Rafael\SAFRAS AGROPECUÁRIA\INSCRIÇÃO ESTADUAL\MATRIZ\Doc. 1 - FAC ASSINADA.pdf | motivo=PDF sem texto extraível; pode ser escaneado
08/09/2026 10:52:07 | WARNING | PDF não indexado | arquivo=F:\Documentos\Rafael\SAFRAS AGROPECUÁRIA\INSCRIÇÃO ESTADUAL\MATRIZ\Doc. 2 - TERMO DE OPÇÃO DE DIFERIMENTO.pdf | motivo=PDF sem texto extraível; pode ser escaneado
08/09/2026 10:52:07 | WARNING | PDF não indexado | arquivo=F:\Documentos\Rafael\SAFRAS AGROPECUÁRIA\INSCRIÇÃO ESTADUAL\MATRIZ\Doc. 4 - CONTRATO COMODATO - LUCIANE x SAFRAS AGROPECUÁRIA.pdf | motivo=PDF sem texto extraível; pode ser escaneado
08/09/2026 10:52:09 | WARNING | PDF não indexado | arquivo=F:\Documentos\Rafael\SANTA FELICIDADE EMPREENDIMENTOS IMOBILIÁRIOS SPE\ALVARÁ.pdf | motivo=PDF sem texto extraível; pode ser escaneado
08/09/2026 10:52:09 | WARNING | PDF não indexado | arquivo=F:\Documentos\Rafael\SANTA FELICIDADE EMPREENDIMENTOS IMOBILIÁRIOS SPE\CERTIDAO BAIXA PREFEITURA.pdf | motivo=PDF sem texto extraível; pode ser escaneado
08/09/2026 10:52:09 | WARNING | PDF não indexado | arquivo=F:\Documentos\Rafael\SANTA FELICIDADE EMPREENDIMENTOS IMOBILIÁRIOS SPE\CONTRATO SOCIAL.pdf | motivo=PDF sem texto extraível; pode ser escaneado
08/09/2026 10:52:10 | WARNING | PDF não indexado | arquivo=F:\Documentos\Rafael\SANTA FELICIDADE EMPREENDIMENTOS IMOBILIÁRIOS SPE\DISTRATO SOCIAL.pdf | motivo=PDF sem texto extraível; pode ser escaneado
08/09/2026 10:52:10 | WARNING | PDF não indexado | arquivo=F:\Documentos\Rafael\SANTA FELICIDADE EMPREENDIMENTOS IMOBILIÁRIOS SPE\Documentos JAIR.pdf | motivo=PDF sem texto extraível; pode ser escaneado
08/09/2026 10:52:10 | WARNING | PDF não indexado | arquivo=F:\Documentos\Rafael\SANTA FELICIDADE EMPREENDIMENTOS IMOBILIÁRIOS SPE\Documentos MARCIELI.pdf | motivo=PDF sem texto extraível; pode ser escaneado
08/09/2026 10:52:10 | WARNING | PDF não indexado | arquivo=F:\Documentos\Rafael\SANTA FELICIDADE EMPREENDIMENTOS IMOBILIÁRIOS SPE\Documentos NEIVA.pdf | motivo=PDF sem texto extraível; pode ser escaneado
08/09/2026 10:52:10 | WARNING | PDF não indexado | arquivo=F:\Documentos\Rafael\SANTA FELICIDADE EMPREENDIMENTOS IMOBILIÁRIOS SPE\Ecanminhado Junta.pdf | motivo=PDF sem texto extraível; pode ser escaneado
08/09/2026 10:52:28 | WARNING | PDF não indexado | arquivo=F:\Documentos\Rafael\SANTA LAURA AGRONEGOCIOS\3º ALTERAÇÃO\DECISAO.pdf | motivo=PDF sem texto extraível; pode ser escaneado
08/09/2026 10:52:30 | WARNING | PDF não indexado | arquivo=F:\Documentos\Rafael\SANTA LAURA AGRONEGOCIOS\3º ALTERAÇÃO\TERMO DE COMPROMISSO.pdf | motivo=PDF sem texto extraível; pode ser escaneado
08/09/2026 10:52:30 | INFO | Indexação em andamento | 24900 de 27963 PDFs
08/09/2026 10:52:34 | WARNING | PDF não indexado | arquivo=F:\Documentos\Rafael\SANTA LAURA AGRONEGOCIOS\CONTRATO COMPOSSE RURAL.pdf | motivo=PDF sem texto extraível; pode ser escaneado
08/09/2026 10:52:35 | WARNING | PDF não indexado | arquivo=F:\Documentos\Rafael\SANTA LAURA AGRONEGOCIOS\CONTRATO DE PARCERIA AGROPECUÁRIA E ANEXO.pdf | motivo=PDF sem texto extraível; pode ser escaneado
08/09/2026 10:52:57 | WARNING | PDF não indexado | arquivo=F:\Documentos\Rafael\SANTA LAURA AGRONEGOCIOS\DOCUMENTOS ADRIANA.pdf | motivo=PDF sem texto extraível; pode ser escaneado
08/09/2026 10:52:57 | WARNING | PDF não indexado | arquivo=F:\Documentos\Rafael\SANTA LAURA AGRONEGOCIOS\DOCUMENTOS ALAN.pdf | motivo=PDF sem texto extraível; pode ser escaneado
08/09/2026 10:52:57 | WARNING | PDF não indexado | arquivo=F:\Documentos\Rafael\SANTA LAURA AGRONEGOCIOS\DOCUMENTOS IAN.pdf | motivo=PDF sem texto extraível; pode ser escaneado
08/09/2026 10:52:57 | WARNING | PDF não indexado | arquivo=F:\Documentos\Rafael\SANTA LAURA AGRONEGOCIOS\DOCUMENTOS NEI.pdf | motivo=PDF sem texto extraível; pode ser escaneado
08/09/2026 10:52:57 | WARNING | PDF não indexado | arquivo=F:\Documentos\Rafael\SANTA LAURA AGRONEGOCIOS\GIAS ITCD DOAÇÃO\GIA 211765 - Adriana X Filhos - PGTO DAR.pdf | motivo=PDF sem texto extraível; pode ser escaneado
08/09/2026 10:52:57 | WARNING | PDF não indexado | arquivo=F:\Documentos\Rafael\SANTA LAURA AGRONEGOCIOS\GIAS ITCD DOAÇÃO\GIA 211771 - Nei X Filhos - PGTO DAR.pdf | motivo=PDF sem texto extraível; pode ser escaneado
08/09/2026 10:52:58 | WARNING | PDF não indexado | arquivo=F:\Documentos\Rafael\SANTA LAURA AGRONEGOCIOS\GIAS ITCD DOAÇÃO\GIA 211775 - Ian X Irmãos - PGTO DAR.pdf | motivo=PDF sem texto extraível; pode ser escaneado
08/09/2026 10:53:06 | WARNING | PDF não indexado | arquivo=F:\Documentos\Rafael\SANTA LAURA COMÉRCIO DE MADEIRAS LTDA\2º ALTERAÇÃO\TAXA - St Laura_01.pdf | motivo=PDF sem texto extraível; pode ser escaneado
08/09/2026 10:53:06 | WARNING | PDF não indexado | arquivo=F:\Documentos\Rafael\SANTA LAURA COMÉRCIO DE MADEIRAS LTDA\2º ALTERAÇÃO\TAXA - St Laura_02.pdf | motivo=PDF sem texto extraível; pode ser escaneado
08/09/2026 10:53:09 | WARNING | PDF não indexado | arquivo=F:\Documentos\Rafael\SANTA LAURA COMÉRCIO DE MADEIRAS LTDA\Alvará 2017.pdf | motivo=PDF sem texto extraível; pode ser escaneado
08/09/2026 10:53:09 | INFO | Indexação em andamento | 25000 de 27963 PDFs
08/09/2026 10:53:10 | WARNING | PDF não indexado | arquivo=F:\Documentos\Rafael\SANTA LAURA COMÉRCIO DE MADEIRAS LTDA\CONTRATO SOCIAL - 1º ALT.pdf | motivo=PDF sem texto extraível; pode ser escaneado
08/09/2026 10:53:10 | WARNING | PDF não indexado | arquivo=F:\Documentos\Rafael\SANTA LAURA COMÉRCIO DE MADEIRAS LTDA\CONTRATO SOCIAL - 2º ALT.pdf | motivo=PDF sem texto extraível; pode ser escaneado
08/09/2026 10:53:12 | WARNING | PDF não indexado | arquivo=F:\Documentos\Rafael\SANTA LAURA COMÉRCIO DE MADEIRAS LTDA\DOCUMENTOS - ALAN.pdf | motivo=PDF sem texto extraível; pode ser escaneado
08/09/2026 10:53:12 | WARNING | PDF não indexado | arquivo=F:\Documentos\Rafael\SANTA LAURA COMÉRCIO DE MADEIRAS LTDA\DOCUMENTOS - IAN.pdf | motivo=PDF sem texto extraível; pode ser escaneado
08/09/2026 10:53:15 | WARNING | PDF não indexado | arquivo=F:\Documentos\Rafael\SANTINI HOPS\CONSULTA OPTANTE SIMPLES NACIONAL.pdf | motivo=PDF sem texto extraível; pode ser escaneado
08/09/2026 10:53:15 | WARNING | PDF não indexado | arquivo=F:\Documentos\Rafael\SANTINI HOPS\CONTRATO LOCAÇÃO.pdf | motivo=PDF sem texto extraível; pode ser escaneado
08/09/2026 10:53:16 | WARNING | PDF não indexado | arquivo=F:\Documentos\Rafael\SANTINI HOPS\CONTRATO SOCIAL - 1º ALT.pdf | motivo=PDF sem texto extraível; pode ser escaneado
08/09/2026 10:53:18 | WARNING | PDF não indexado | arquivo=F:\Documentos\Rafael\SANTINI HOPS\CONTRATO SOCIAL.pdf | motivo=PDF sem texto extraível; pode ser escaneado
08/09/2026 10:53:18 | WARNING | PDF não indexado | arquivo=F:\Documentos\Rafael\SANTINI HOPS\DOCUMENTO SÓCIO - ANA.pdf | motivo=PDF sem texto extraível; pode ser escaneado
08/09/2026 10:53:18 | WARNING | PDF não indexado | arquivo=F:\Documentos\Rafael\SANTINI HOPS\Documentos FELIPE.pdf | motivo=PDF sem texto extraível; pode ser escaneado
08/09/2026 10:53:18 | WARNING | PDF não indexado | arquivo=F:\Documentos\Rafael\SANTINI HOPS\Documentos socios.pdf | motivo=PDF sem texto extraível; pode ser escaneado
08/09/2026 10:53:18 | WARNING | PDF não indexado | arquivo=F:\Documentos\Rafael\SANTINI HOPS\Documentos WILLIAN.pdf | motivo=PDF sem texto extraível; pode ser escaneado
08/09/2026 10:53:18 | WARNING | PDF não indexado | arquivo=F:\Documentos\Rafael\SANTINI HOPS\ESCRITURA COMPRA TERRENO - Proprietário do imóvel.pdf | motivo=PDF sem texto extraível; pode ser escaneado
08/09/2026 10:53:18 | WARNING | PDF não indexado | arquivo=F:\Documentos\Rafael\SANTINI HOPS\FOTOS.pdf | motivo=PDF sem texto extraível; pode ser escaneado
08/09/2026 10:53:19 | WARNING | PDF não indexado | arquivo=F:\Documentos\Rafael\SANTINI HOPS\TAC.pdf | motivo=PDF sem texto extraível; pode ser escaneado
08/09/2026 10:53:19 | WARNING | PDF não indexado | arquivo=F:\Documentos\Rafael\SANTINI HOPS\~$cumentos FELIPE.pdf | motivo=PdfStreamError: Stream has ended unexpectedly
08/09/2026 10:53:19 | WARNING | PDF não indexado | arquivo=F:\Documentos\Rafael\SANTINI HOPS\~$cumentos WILLIAN.pdf | motivo=PdfStreamError: Stream has ended unexpectedly
08/09/2026 10:53:21 | WARNING | PDF não indexado | arquivo=F:\Documentos\Rafael\SANTNI E SANTINI\Alvará bombeiro Santini.pdf | motivo=PDF sem texto extraível; pode ser escaneado
08/09/2026 10:53:21 | WARNING | PDF não indexado | arquivo=F:\Documentos\Rafael\SANTNI E SANTINI\ALVARÁ BOMBEIROS 2019.pdf | motivo=PDF sem texto extraível; pode ser escaneado
08/09/2026 10:53:21 | WARNING | PDF não indexado | arquivo=F:\Documentos\Rafael\SANTNI E SANTINI\ALVARÁ DE BOMBEIROS.PDF | motivo=PdfStreamError: Stream has ended unexpectedly
08/09/2026 10:53:21 | WARNING | PDF não indexado | arquivo=F:\Documentos\Rafael\SANTNI E SANTINI\ALVARÁ DE FUNCIONAMENTO 2020.pdf | motivo=PDF sem texto extraível; pode ser escaneado
08/09/2026 10:53:21 | WARNING | PDF não indexado | arquivo=F:\Documentos\Rafael\SANTNI E SANTINI\CARTÓRIO\itbi.pdf | motivo=PDF sem texto extraível; pode ser escaneado
08/09/2026 10:53:21 | WARNING | PDF não indexado | arquivo=F:\Documentos\Rafael\SANTNI E SANTINI\CONTRATO SOCIAL - 1º ALT.pdf | motivo=PDF sem texto extraível; pode ser escaneado
08/09/2026 10:53:22 | WARNING | PDF não indexado | arquivo=F:\Documentos\Rafael\SANTNI E SANTINI\CONTRATO SOCIAL - 2º ALT.pdf | motivo=PDF sem texto extraível; pode ser escaneado
08/09/2026 10:53:22 | WARNING | PDF não indexado | arquivo=F:\Documentos\Rafael\SANTNI E SANTINI\CONTRATO SOCIAL - 3º ALT.pdf | motivo=PDF sem texto extraível; pode ser escaneado
08/09/2026 10:53:23 | WARNING | PDF não indexado | arquivo=F:\Documentos\Rafael\SANTNI E SANTINI\CONTRATO SOCIAL - CONSTITUÇÃO.pdf | motivo=PDF sem texto extraível; pode ser escaneado
08/09/2026 10:53:23 | WARNING | PDF não indexado | arquivo=F:\Documentos\Rafael\SANTNI E SANTINI\DECLARAÇÃO DESENQUADRAMENTO MEI.pdf | motivo=PDF sem texto extraível; pode ser escaneado
08/09/2026 10:53:24 | WARNING | PDF não indexado | arquivo=F:\Documentos\Rafael\SANTNI E SANTINI\doc31604420171003163324.pdf | motivo=PDF sem texto extraível; pode ser escaneado
08/09/2026 10:53:24 | WARNING | PDF não indexado | arquivo=F:\Documentos\Rafael\SANTNI E SANTINI\DOCUMENTOS JERSON.pdf | motivo=PDF sem texto extraível; pode ser escaneado
08/09/2026 10:53:24 | WARNING | PDF não indexado | arquivo=F:\Documentos\Rafael\SANTNI E SANTINI\DOCUMENTOS VALMOR.pdf | motivo=PDF sem texto extraível; pode ser escaneado
08/09/2026 10:53:25 | INFO | Indexação em andamento | 25100 de 27963 PDFs
08/09/2026 10:53:30 | WARNING | PDF não indexado | arquivo=F:\Documentos\Rafael\SAO BENTO AGRO LTDA (R & L TRANSPORTES)\CERTIDÃO CASAMENTO - REGINA BOCOLLI E LUIS .pdf | motivo=PDF sem texto extraível; pode ser escaneado
08/09/2026 10:53:33 | WARNING | PDF não indexado | arquivo=F:\Documentos\Rafael\SAO BENTO AGRO LTDA (R & L TRANSPORTES)\DOCUMENTOS - LUIS.pdf | motivo=PDF sem texto extraível; pode ser escaneado
08/09/2026 10:53:33 | WARNING | PDF não indexado | arquivo=F:\Documentos\Rafael\SAO BENTO AGRO LTDA (R & L TRANSPORTES)\DOCUMENTOS - REGINA.pdf | motivo=PDF sem texto extraível; pode ser escaneado
08/09/2026 10:53:34 | WARNING | PDF não indexado | arquivo=F:\Documentos\Rafael\SAO BENTO AGRO LTDA (R & L TRANSPORTES)\FOTOS.pdf | motivo=PDF sem texto extraível; pode ser escaneado
08/09/2026 10:53:37 | WARNING | PDF não indexado | arquivo=F:\Documentos\Rafael\SCHOLL AGROPECUÁRIA LTDA\DIFERIMENTO 2 OPÇÃO\5 - TERMO DE OPÇÃO - LIVRO.pdf | motivo=PDF sem texto extraível; pode ser escaneado
08/09/2026 10:53:37 | WARNING | PDF não indexado | arquivo=F:\Documentos\Rafael\SCHOLL AGROPECUÁRIA LTDA\DIFERIMENTO 2 OPÇÃO\6 - CAPA DO LIVRO.pdf | motivo=PDF sem texto extraível; pode ser escaneado
08/09/2026 10:53:37 | WARNING | PDF não indexado | arquivo=F:\Documentos\Rafael\SCHOLL AGROPECUÁRIA LTDA\HABITE-SE.pdf | motivo=PDF sem texto extraível; pode ser escaneado
08/09/2026 10:53:38 | WARNING | PDF não indexado | arquivo=F:\Documentos\Rafael\SCHOLTEN REPRESENTACOES LTDA\CERTIDAO IMÓVEL.pdf | motivo=PDF sem texto extraível; pode ser escaneado
08/09/2026 10:53:38 | WARNING | PDF não indexado | arquivo=F:\Documentos\Rafael\SCHOLTEN REPRESENTACOES LTDA\CONTRATO DE LOCAÇÃO.pdf | motivo=PDF sem texto extraível; pode ser escaneado
08/09/2026 10:53:39 | WARNING | PDF não indexado | arquivo=F:\Documentos\Rafael\SCHOLTEN REPRESENTACOES LTDA\DOCUMENTOS SÓCIO - MARCOS.pdf | motivo=PDF sem texto extraível; pode ser escaneado
08/09/2026 10:53:39 | WARNING | PDF não indexado | arquivo=F:\Documentos\Rafael\SCHOLTEN REPRESENTACOES LTDA\FOTOS.pdf | motivo=PDF sem texto extraível; pode ser escaneado
08/09/2026 10:53:53 | WARNING | PDF não indexado | arquivo=F:\Documentos\Rafael\SCX AGRONEGÓCIOS\DOCUMENTO SOCIO Jane Scheffler.pdf | motivo=PDF sem texto extraível; pode ser escaneado
08/09/2026 10:53:53 | WARNING | PDF não indexado | arquivo=F:\Documentos\Rafael\SCX AGRONEGÓCIOS\DOCUMENTO SOCIO Suzannah Scheffler.pdf | motivo=PDF sem texto extraível; pode ser escaneado
08/09/2026 10:53:53 | WARNING | PDF não indexado | arquivo=F:\Documentos\Rafael\SCX AGRONEGÓCIOS\DOCUMENTO SOCIO Volmir Junior.pdf | motivo=PDF sem texto extraível; pode ser escaneado
08/09/2026 10:53:53 | WARNING | PDF não indexado | arquivo=F:\Documentos\Rafael\SCX AGRONEGÓCIOS\DOCUMENTO SOCIO Volmir Scheffler.pdf | motivo=PDF sem texto extraível; pode ser escaneado
08/09/2026 10:53:53 | INFO | Indexação em andamento | 25200 de 27963 PDFs
08/09/2026 10:53:55 | WARNING | PDF não indexado | arquivo=F:\Documentos\Rafael\SCX AGRONEGÓCIOS\INSCRIÇÃO ESTADUAL\ATUALIZAÇÃO CONTRATO PARCERIA\MAT. 1.408 - NOVEMBRO 2025.pdf | motivo=PDF sem texto extraível; pode ser escaneado
08/09/2026 10:53:55 | WARNING | PDF não indexado | arquivo=F:\Documentos\Rafael\SCX AGRONEGÓCIOS\INSCRIÇÃO ESTADUAL\ATUALIZAÇÃO CONTRATO PARCERIA\MAT. 13.009 - NOVEMBRO 2025.pdf | motivo=PDF sem texto extraível; pode ser escaneado
08/09/2026 10:53:55 | WARNING | PDF não indexado | arquivo=F:\Documentos\Rafael\SCX AGRONEGÓCIOS\INSCRIÇÃO ESTADUAL\ATUALIZAÇÃO CONTRATO PARCERIA\MAT. 5.145 - NOVEMBRO 2025.pdf | motivo=PDF sem texto extraível; pode ser escaneado
08/09/2026 10:53:56 | WARNING | PDF não indexado | arquivo=F:\Documentos\Rafael\SCX AGRONEGÓCIOS\INSCRIÇÃO ESTADUAL\ATUALIZAÇÃO CONTRATO PARCERIA\MAT. 5.146 - NOVEMBRO 2025.pdf | motivo=PDF sem texto extraível; pode ser escaneado
08/09/2026 10:53:56 | WARNING | PDF não indexado | arquivo=F:\Documentos\Rafael\SCX AGRONEGÓCIOS\INSCRIÇÃO ESTADUAL\ATUALIZAÇÃO CONTRATO PARCERIA\MAT. 5.481 - NOVEMBRO 2025.pdf | motivo=PDF sem texto extraível; pode ser escaneado
08/09/2026 10:53:56 | WARNING | PDF não indexado | arquivo=F:\Documentos\Rafael\SCX AGRONEGÓCIOS\INSCRIÇÃO ESTADUAL\ATUALIZAÇÃO CONTRATO PARCERIA\MAT. 5.482 - NOVEMBRO 2025.pdf | motivo=PDF sem texto extraível; pode ser escaneado
08/09/2026 10:53:56 | WARNING | PDF não indexado | arquivo=F:\Documentos\Rafael\SCX AGRONEGÓCIOS\INSCRIÇÃO ESTADUAL\ATUALIZAÇÃO CONTRATO PARCERIA\MAT. 5.483 - NOVEMBRO 2025.pdf | motivo=PDF sem texto extraível; pode ser escaneado
08/09/2026 10:53:56 | WARNING | PDF não indexado | arquivo=F:\Documentos\Rafael\SCX AGRONEGÓCIOS\INSCRIÇÃO ESTADUAL\ATUALIZAÇÃO CONTRATO PARCERIA\MAT. 5.732 - NOVEMBRO 2025.pdf | motivo=PDF sem texto extraível; pode ser escaneado
08/09/2026 10:53:56 | WARNING | PDF não indexado | arquivo=F:\Documentos\Rafael\SCX AGRONEGÓCIOS\INSCRIÇÃO ESTADUAL\ATUALIZAÇÃO CONTRATO PARCERIA\MAT. 5.733 - NOVEMBRO 2025.pdf | motivo=PDF sem texto extraível; pode ser escaneado
08/09/2026 10:53:56 | WARNING | PDF não indexado | arquivo=F:\Documentos\Rafael\SCX AGRONEGÓCIOS\INSCRIÇÃO ESTADUAL\ATUALIZAÇÃO CONTRATO PARCERIA\MAT. 6.840 - NOVEMBRO 2025.pdf | motivo=PDF sem texto extraível; pode ser escaneado
08/09/2026 10:53:57 | WARNING | PDF não indexado | arquivo=F:\Documentos\Rafael\SCX AGRONEGÓCIOS\INSCRIÇÃO ESTADUAL\ATUALIZAÇÃO CONTRATO PARCERIA\MAT. 8.308 - NOVEMBRO 2025.pdf | motivo=PDF sem texto extraível; pode ser escaneado
08/09/2026 10:53:57 | WARNING | PDF não indexado | arquivo=F:\Documentos\Rafael\SCX AGRONEGÓCIOS\INSCRIÇÃO ESTADUAL\ATUALIZAÇÃO CONTRATO PARCERIA\MAT. 8.353 - NOVEMBRO 2025.pdf | motivo=PDF sem texto extraível; pode ser escaneado
08/09/2026 10:53:57 | WARNING | PDF não indexado | arquivo=F:\Documentos\Rafael\SCX AGRONEGÓCIOS\INSCRIÇÃO ESTADUAL\CONTRATO DE PARCERIA.pdf | motivo=PDF sem texto extraível; pode ser escaneado
08/09/2026 10:54:00 | WARNING | PDF não indexado | arquivo=F:\Documentos\Rafael\SCX AGRONEGÓCIOS\INSCRIÇÃO ESTADUAL\NOVO\MATRICULAS ATUALIZADAS.pdf | motivo=PDF sem texto extraível; pode ser escaneado
08/09/2026 10:54:01 | WARNING | PDF não indexado | arquivo=F:\Documentos\Rafael\SCX AGRONEGÓCIOS\MATRICULAS\MAT. 1.408 - NOVEMBRO 2025.pdf | motivo=PDF sem texto extraível; pode ser escaneado
08/09/2026 10:54:02 | WARNING | PDF não indexado | arquivo=F:\Documentos\Rafael\SCX AGRONEGÓCIOS\MATRICULAS\MAT. 11.173 - NOVEMBRO 2025.pdf | motivo=PDF sem texto extraível; pode ser escaneado
08/09/2026 10:54:02 | WARNING | PDF não indexado | arquivo=F:\Documentos\Rafael\SCX AGRONEGÓCIOS\MATRICULAS\MAT. 12.342 - NOVEMBRO 2025.pdf | motivo=PDF sem texto extraível; pode ser escaneado
08/09/2026 10:54:02 | WARNING | PDF não indexado | arquivo=F:\Documentos\Rafael\SCX AGRONEGÓCIOS\MATRICULAS\MAT. 12.343 - NOVEMBRO 2025.pdf | motivo=PDF sem texto extraível; pode ser escaneado
08/09/2026 10:54:02 | WARNING | PDF não indexado | arquivo=F:\Documentos\Rafael\SCX AGRONEGÓCIOS\MATRICULAS\MAT. 13.009 - NOVEMBRO 2025.pdf | motivo=PDF sem texto extraível; pode ser escaneado
08/09/2026 10:54:03 | WARNING | PDF não indexado | arquivo=F:\Documentos\Rafael\SCX AGRONEGÓCIOS\MATRICULAS\MAT. 13.128 - NOVEMBRO 2025.pdf | motivo=PDF sem texto extraível; pode ser escaneado
08/09/2026 10:54:03 | WARNING | PDF não indexado | arquivo=F:\Documentos\Rafael\SCX AGRONEGÓCIOS\MATRICULAS\MAT. 13.130 - NOVEMBRO 2025.pdf | motivo=PDF sem texto extraível; pode ser escaneado
08/09/2026 10:54:03 | WARNING | PDF não indexado | arquivo=F:\Documentos\Rafael\SCX AGRONEGÓCIOS\MATRICULAS\MAT. 5.145 - NOVEMBRO 2025.pdf | motivo=PDF sem texto extraível; pode ser escaneado
08/09/2026 10:54:03 | WARNING | PDF não indexado | arquivo=F:\Documentos\Rafael\SCX AGRONEGÓCIOS\MATRICULAS\MAT. 5.146 - NOVEMBRO 2025.pdf | motivo=PDF sem texto extraível; pode ser escaneado
08/09/2026 10:54:03 | WARNING | PDF não indexado | arquivo=F:\Documentos\Rafael\SCX AGRONEGÓCIOS\MATRICULAS\MAT. 5.481 - NOVEMBRO 2025.pdf | motivo=PDF sem texto extraível; pode ser escaneado
08/09/2026 10:54:03 | WARNING | PDF não indexado | arquivo=F:\Documentos\Rafael\SCX AGRONEGÓCIOS\MATRICULAS\MAT. 5.482 - NOVEMBRO 2025.pdf | motivo=PDF sem texto extraível; pode ser escaneado
08/09/2026 10:54:04 | WARNING | PDF não indexado | arquivo=F:\Documentos\Rafael\SCX AGRONEGÓCIOS\MATRICULAS\MAT. 5.483 - NOVEMBRO 2025.pdf | motivo=PDF sem texto extraível; pode ser escaneado
08/09/2026 10:54:04 | WARNING | PDF não indexado | arquivo=F:\Documentos\Rafael\SCX AGRONEGÓCIOS\MATRICULAS\MAT. 5.732 - NOVEMBRO 2025.pdf | motivo=PDF sem texto extraível; pode ser escaneado
08/09/2026 10:54:04 | WARNING | PDF não indexado | arquivo=F:\Documentos\Rafael\SCX AGRONEGÓCIOS\MATRICULAS\MAT. 5.733 - NOVEMBRO 2025.pdf | motivo=PDF sem texto extraível; pode ser escaneado
08/09/2026 10:54:04 | WARNING | PDF não indexado | arquivo=F:\Documentos\Rafael\SCX AGRONEGÓCIOS\MATRICULAS\MAT. 6.840 - NOVEMBRO 2025.pdf | motivo=PDF sem texto extraível; pode ser escaneado
08/09/2026 10:54:04 | WARNING | PDF não indexado | arquivo=F:\Documentos\Rafael\SCX AGRONEGÓCIOS\MATRICULAS\MAT. 8.308 - NOVEMBRO 2025.pdf | motivo=PDF sem texto extraível; pode ser escaneado
08/09/2026 10:54:04 | WARNING | PDF não indexado | arquivo=F:\Documentos\Rafael\SCX AGRONEGÓCIOS\MATRICULAS\MAT. 8.353 - NOVEMBRO 2025.pdf | motivo=PDF sem texto extraível; pode ser escaneado
08/09/2026 10:54:05 | WARNING | PDF não indexado | arquivo=F:\Documentos\Rafael\SCX AGRONEGÓCIOS\MATRICULAS\MATRICULAS  2023\MAT. 10105 AGOSTO 2023.pdf | motivo=PDF sem texto extraível; pode ser escaneado
08/09/2026 10:54:05 | WARNING | PDF não indexado | arquivo=F:\Documentos\Rafael\SCX AGRONEGÓCIOS\MATRICULAS\MATRICULAS  2023\MAT. 11203 AGOSTO 2023.pdf | motivo=PDF sem texto extraível; pode ser escaneado
08/09/2026 10:54:05 | WARNING | PDF não indexado | arquivo=F:\Documentos\Rafael\SCX AGRONEGÓCIOS\MATRICULAS\MATRICULAS  2023\MAT. 13009 AGOSTO 2023.pdf | motivo=PDF sem texto extraível; pode ser escaneado
08/09/2026 10:54:05 | WARNING | PDF não indexado | arquivo=F:\Documentos\Rafael\SCX AGRONEGÓCIOS\MATRICULAS\MATRICULAS  2023\MAT. 1408 AGOSTO 2023.pdf | motivo=PDF sem texto extraível; pode ser escaneado
08/09/2026 10:54:05 | WARNING | PDF não indexado | arquivo=F:\Documentos\Rafael\SCX AGRONEGÓCIOS\MATRICULAS\MATRICULAS  2023\MAT. 5145 AGOSTO 2023.pdf | motivo=PDF sem texto extraível; pode ser escaneado
08/09/2026 10:54:06 | WARNING | PDF não indexado | arquivo=F:\Documentos\Rafael\SCX AGRONEGÓCIOS\MATRICULAS\MATRICULAS  2023\MAT. 5146 AGOSTO 2023.pdf | motivo=PDF sem texto extraível; pode ser escaneado
08/09/2026 10:54:06 | WARNING | PDF não indexado | arquivo=F:\Documentos\Rafael\SCX AGRONEGÓCIOS\MATRICULAS\MATRICULAS  2023\MAT. 5481 JANEIRO 2023.pdf | motivo=PDF sem texto extraível; pode ser escaneado
08/09/2026 10:54:06 | WARNING | PDF não indexado | arquivo=F:\Documentos\Rafael\SCX AGRONEGÓCIOS\MATRICULAS\MATRICULAS  2023\MAT. 5482 JULHO 2023.pdf | motivo=PDF sem texto extraível; pode ser escaneado
08/09/2026 10:54:06 | WARNING | PDF não indexado | arquivo=F:\Documentos\Rafael\SCX AGRONEGÓCIOS\MATRICULAS\MATRICULAS  2023\MAT. 5483 AGOSTO 2023.pdf | motivo=PDF sem texto extraível; pode ser escaneado
08/09/2026 10:54:06 | WARNING | PDF não indexado | arquivo=F:\Documentos\Rafael\SCX AGRONEGÓCIOS\MATRICULAS\MATRICULAS  2023\MAT. 5732 AGOSTO 2023.pdf | motivo=PDF sem texto extraível; pode ser escaneado
08/09/2026 10:54:06 | WARNING | PDF não indexado | arquivo=F:\Documentos\Rafael\SCX AGRONEGÓCIOS\MATRICULAS\MATRICULAS  2023\MAT. 5733 JULHO 2023.pdf | motivo=PDF sem texto extraível; pode ser escaneado
08/09/2026 10:54:06 | WARNING | PDF não indexado | arquivo=F:\Documentos\Rafael\SCX AGRONEGÓCIOS\MATRICULAS\MATRICULAS  2023\MAT. 6840 AGOSTO 2023.pdf | motivo=PDF sem texto extraível; pode ser escaneado
08/09/2026 10:54:07 | WARNING | PDF não indexado | arquivo=F:\Documentos\Rafael\SCX AGRONEGÓCIOS\MATRICULAS\MATRICULAS  2023\MAT. 8308 AGOSTO 2023.pdf | motivo=PDF sem texto extraível; pode ser escaneado
08/09/2026 10:54:07 | WARNING | PDF não indexado | arquivo=F:\Documentos\Rafael\SCX AGRONEGÓCIOS\MATRICULAS\MATRICULAS  2023\MAT. 8353 AGOSTO 2023.pdf | motivo=PDF sem texto extraível; pode ser escaneado
08/09/2026 10:54:07 | WARNING | PDF não indexado | arquivo=F:\Documentos\Rafael\SCX AGRONEGÓCIOS\MATRICULAS\MATRICULAS  2023\MATRICULA 5481.pdf | motivo=PDF sem texto extraível; pode ser escaneado
08/09/2026 10:54:07 | WARNING | PDF não indexado | arquivo=F:\Documentos\Rafael\SCX AGRONEGÓCIOS\MATRICULAS\MATRICULAS  2023\MATRICULA 5482.pdf | motivo=PDF sem texto extraível; pode ser escaneado
08/09/2026 10:54:10 | WARNING | PDF não indexado | arquivo=F:\Documentos\Rafael\SF MINERAÇÕES LTDA\CONTRATO COMPRA E VENDA_compressed.pdf | motivo=PDF sem texto extraível; pode ser escaneado
08/09/2026 10:54:11 | WARNING | PDF não indexado | arquivo=F:\Documentos\Rafael\SF MINERAÇÕES LTDA\DOCUMENTO SÓCIO - ANA.pdf | motivo=PDF sem texto extraível; pode ser escaneado
08/09/2026 10:54:12 | INFO | Indexação em andamento | 25300 de 27963 PDFs
08/09/2026 10:54:14 | WARNING | PDF não indexado | arquivo=F:\Documentos\Rafael\SILO GRAOS\ALVARÁ BOMBEIROS - Protocolo.pdf | motivo=PDF sem texto extraível; pode ser escaneado
08/09/2026 10:54:14 | WARNING | PDF não indexado | arquivo=F:\Documentos\Rafael\SILO GRAOS\ALVARÁ.pdf | motivo=PDF sem texto extraível; pode ser escaneado
08/09/2026 10:54:14 | WARNING | PDF não indexado | arquivo=F:\Documentos\Rafael\SILO GRAOS\CARTORIO\CCIR.pdf | motivo=PDF sem texto extraível; pode ser escaneado
08/09/2026 10:54:14 | WARNING | PDF não indexado | arquivo=F:\Documentos\Rafael\SILO GRAOS\CERTIDÃO NUMERAÇÃO PREDIAL.pdf | motivo=PDF sem texto extraível; pode ser escaneado
08/09/2026 10:54:15 | WARNING | PDF não indexado | arquivo=F:\Documentos\Rafael\SILO GRAOS\CONTRATO SOCIAL - 1ª ALT..pdf | motivo=PDF sem texto extraível; pode ser escaneado
08/09/2026 10:54:15 | WARNING | PDF não indexado | arquivo=F:\Documentos\Rafael\SILO GRAOS\CONTRATO SOCIAL - 2º ALT..pdf | motivo=PDF sem texto extraível; pode ser escaneado
08/09/2026 10:54:17 | WARNING | PDF não indexado | arquivo=F:\Documentos\Rafael\SILO GRAOS\CONTRATO SOCIAL - CONSTITUIÇÃO.pdf | motivo=PDF sem texto extraível; pode ser escaneado
08/09/2026 10:54:17 | WARNING | PDF não indexado | arquivo=F:\Documentos\Rafael\SILO GRAOS\DOCUMENTOS - ELIRIO.pdf | motivo=PDF sem texto extraível; pode ser escaneado
08/09/2026 10:54:17 | WARNING | PDF não indexado | arquivo=F:\Documentos\Rafael\SILO GRAOS\DOCUMENTOS - MARCELLA.pdf | motivo=PDF sem texto extraível; pode ser escaneado
08/09/2026 10:54:17 | WARNING | PDF não indexado | arquivo=F:\Documentos\Rafael\SILO GRAOS\DOCUMENTOS - VALDIR.pdf | motivo=PDF sem texto extraível; pode ser escaneado
08/09/2026 10:54:17 | WARNING | PDF não indexado | arquivo=F:\Documentos\Rafael\SILO GRAOS\DOCUMENTOS VIGILANCIA SANITÁRIA\VIGILANCIA 2025\10 - LAUDO TÉCNICO AR CONDICIONADO.pdf | motivo=PDF sem texto extraível; pode ser escaneado
08/09/2026 10:54:19 | WARNING | PDF não indexado | arquivo=F:\Documentos\Rafael\SILO GRAOS\DOCUMENTOS VIGILANCIA SANITÁRIA\VIGILANCIA 2025\15 - PROTOCOLO LO.pdf | motivo=PDF sem texto extraível; pode ser escaneado
08/09/2026 10:54:19 | WARNING | PDF não indexado | arquivo=F:\Documentos\Rafael\SILO GRAOS\DOCUMENTOS VIGILANCIA SANITÁRIA\VIGILANCIA 2025\17 - Análise da água.pdf | motivo=PDF sem texto extraível; pode ser escaneado
08/09/2026 10:54:20 | WARNING | PDF não indexado | arquivo=F:\Documentos\Rafael\SILO GRAOS\DOCUMENTOS VIGILANCIA SANITÁRIA\VIGILANCIA 2025\17 - ANÁLISE DO CLORO.pdf | motivo=PDF sem texto extraível; pode ser escaneado
08/09/2026 10:54:20 | WARNING | PDF não indexado | arquivo=F:\Documentos\Rafael\SILO GRAOS\DOCUMENTOS VIGILANCIA SANITÁRIA\VIGILANCIA 2025\2 - DOCUMENTOS - MARCELLA.pdf | motivo=PDF sem texto extraível; pode ser escaneado
08/09/2026 10:54:20 | WARNING | PDF não indexado | arquivo=F:\Documentos\Rafael\SILO GRAOS\DOCUMENTOS VIGILANCIA SANITÁRIA\VIGILANCIA 2025\2 - DOCUMENTOS - VALDIR.pdf | motivo=PDF sem texto extraível; pode ser escaneado
08/09/2026 10:54:21 | WARNING | PDF não indexado | arquivo=F:\Documentos\Rafael\SILO GRAOS\DOCUMENTOS VIGILANCIA SANITÁRIA\VIGILANCIA 2025\6 - PROTOCOLO BOMBEIRO.pdf | motivo=PDF sem texto extraível; pode ser escaneado
08/09/2026 10:54:21 | WARNING | PDF não indexado | arquivo=F:\Documentos\Rafael\SILO GRAOS\DOCUMENTOS VIGILANCIA SANITÁRIA\VIGILANCIA 2025\7 - Troca refil bebedouro.pdf | motivo=PDF sem texto extraível; pode ser escaneado
08/09/2026 10:54:21 | WARNING | PDF não indexado | arquivo=F:\Documentos\Rafael\SILO GRAOS\DOCUMENTOS VIGILANCIA SANITÁRIA\VIGILANCIA 2025\8 - Laudo de limpeza da caixa.pdf | motivo=PDF sem texto extraível; pode ser escaneado
08/09/2026 10:54:21 | WARNING | PDF não indexado | arquivo=F:\Documentos\Rafael\SILO GRAOS\DOCUMENTOS VIGILANCIA SANITÁRIA\VIGILANCIA 2025\9 - Laudo de detetização.pdf | motivo=PDF sem texto extraível; pode ser escaneado
08/09/2026 10:54:21 | WARNING | PDF não indexado | arquivo=F:\Documentos\Rafael\SILO GRAOS\DOCUMENTOS VIGILANCIA SANITÁRIA\VIGILANCIA 2025\COMPROVANTE DE PAGAMENTO.pdf | motivo=PDF sem texto extraível; pode ser escaneado
08/09/2026 10:54:22 | WARNING | PDF não indexado | arquivo=F:\Documentos\Rafael\SILO GRAOS\DOCUMENTOS VIGILANCIA SANITÁRIA\VIGILANCIA 2026\10 - LAUDO DE LIMPEZA AR.pdf | motivo=PDF sem texto extraível; pode ser escaneado
08/09/2026 10:54:25 | WARNING | PDF não indexado | arquivo=F:\Documentos\Rafael\SILO GRAOS\DOCUMENTOS VIGILANCIA SANITÁRIA\VIGILANCIA 2026\13 - ASO.pdf | motivo=PDF sem texto extraível; pode ser escaneado
08/09/2026 10:54:25 | WARNING | PDF não indexado | arquivo=F:\Documentos\Rafael\SILO GRAOS\DOCUMENTOS VIGILANCIA SANITÁRIA\VIGILANCIA 2026\14 - FICHAS DE ENTREGAS IPI.pdf | motivo=PDF sem texto extraível; pode ser escaneado
08/09/2026 10:54:27 | WARNING | PDF não indexado | arquivo=F:\Documentos\Rafael\SILO GRAOS\DOCUMENTOS VIGILANCIA SANITÁRIA\VIGILANCIA 2026\17 - ANÁLISE DO CLORO.pdf | motivo=PDF sem texto extraível; pode ser escaneado
08/09/2026 10:54:27 | WARNING | PDF não indexado | arquivo=F:\Documentos\Rafael\SILO GRAOS\DOCUMENTOS VIGILANCIA SANITÁRIA\VIGILANCIA 2026\2 - DOCUMENTOS - MARCELLA.pdf | motivo=PDF sem texto extraível; pode ser escaneado
08/09/2026 10:54:27 | WARNING | PDF não indexado | arquivo=F:\Documentos\Rafael\SILO GRAOS\DOCUMENTOS VIGILANCIA SANITÁRIA\VIGILANCIA 2026\2 - DOCUMENTOS - VALDIR.pdf | motivo=PDF sem texto extraível; pode ser escaneado
08/09/2026 10:54:28 | WARNING | PDF não indexado | arquivo=F:\Documentos\Rafael\SILO GRAOS\DOCUMENTOS VIGILANCIA SANITÁRIA\VIGILANCIA 2026\22 - COMPROVANTE PAGAMENTO TAXA.pdf | motivo=PDF sem texto extraível; pode ser escaneado
08/09/2026 10:54:29 | WARNING | PDF não indexado | arquivo=F:\Documentos\Rafael\SILO GRAOS\DOCUMENTOS VIGILANCIA SANITÁRIA\VIGILANCIA 2026\5 - PGTO TAXA VIGILÂNCIA.pdf | motivo=PDF sem texto extraível; pode ser escaneado
08/09/2026 10:54:29 | WARNING | PDF não indexado | arquivo=F:\Documentos\Rafael\SILO GRAOS\DOCUMENTOS VIGILANCIA SANITÁRIA\VIGILANCIA 2026\6 - PROTOCOLO BOMBEIRO.pdf | motivo=PDF sem texto extraível; pode ser escaneado
08/09/2026 10:54:30 | WARNING | PDF não indexado | arquivo=F:\Documentos\Rafael\SILO GRAOS\DOCUMENTOS VIGILANCIA SANITÁRIA\VIGILANCIA 2026\8 - LAUDO DE LIMPEZA DA CAIXA DE ÁGUA.pdf | motivo=PDF sem texto extraível; pode ser escaneado
08/09/2026 10:54:30 | WARNING | PDF não indexado | arquivo=F:\Documentos\Rafael\SILO GRAOS\DOCUMENTOS VIGILANCIA SANITÁRIA\VIGILANCIA 2026\9 - LAUDO DE DEDETIZAÇÃO.pdf | motivo=PDF sem texto extraível; pode ser escaneado
08/09/2026 10:54:30 | WARNING | PDF não indexado | arquivo=F:\Documentos\Rafael\SILO GRAOS\DOCUMENTOS VIGILANCIA SANITÁRIA\VIGILANCIA 2026\DEFERIMENTO VIGILANCIA.pdf | motivo=PDF sem texto extraível; pode ser escaneado
08/09/2026 10:54:31 | WARNING | PDF não indexado | arquivo=F:\Documentos\Rafael\SILO GRAOS\DOCUMENTOS VIGILANCIA SANITÁRIA\VIGILÂNCIA 2024\aguas.pdf | motivo=PDF sem texto extraível; pode ser escaneado
08/09/2026 10:54:32 | WARNING | PDF não indexado | arquivo=F:\Documentos\Rafael\SILO GRAOS\DOCUMENTOS VIGILANCIA SANITÁRIA\VIGILÂNCIA 2024\alvaracometa.pdf | motivo=PDF sem texto extraível; pode ser escaneado
08/09/2026 10:54:32 | WARNING | PDF não indexado | arquivo=F:\Documentos\Rafael\SILO GRAOS\DOCUMENTOS VIGILANCIA SANITÁRIA\VIGILÂNCIA 2024\ASO.pdf | motivo=PDF sem texto extraível; pode ser escaneado
08/09/2026 10:54:32 | WARNING | PDF não indexado | arquivo=F:\Documentos\Rafael\SILO GRAOS\DOCUMENTOS VIGILANCIA SANITÁRIA\VIGILÂNCIA 2024\climatizadores.pdf | motivo=PDF sem texto extraível; pode ser escaneado
08/09/2026 10:54:32 | WARNING | PDF não indexado | arquivo=F:\Documentos\Rafael\SILO GRAOS\DOCUMENTOS VIGILANCIA SANITÁRIA\VIGILÂNCIA 2024\cloro.pdf | motivo=PDF sem texto extraível; pode ser escaneado
08/09/2026 10:54:33 | WARNING | PDF não indexado | arquivo=F:\Documentos\Rafael\SILO GRAOS\DOCUMENTOS VIGILANCIA SANITÁRIA\VIGILÂNCIA 2024\controledepragas.pdf | motivo=PDF sem texto extraível; pode ser escaneado
08/09/2026 10:54:33 | WARNING | PDF não indexado | arquivo=F:\Documentos\Rafael\SILO GRAOS\DOCUMENTOS VIGILANCIA SANITÁRIA\VIGILÂNCIA 2024\DOCUMENTOS - VALDIR.pdf | motivo=PDF sem texto extraível; pode ser escaneado
08/09/2026 10:54:33 | WARNING | PDF não indexado | arquivo=F:\Documentos\Rafael\SILO GRAOS\DOCUMENTOS VIGILANCIA SANITÁRIA\VIGILÂNCIA 2024\documeto la.pdf | motivo=PDF sem texto extraível; pode ser escaneado
08/09/2026 10:54:33 | WARNING | PDF não indexado | arquivo=F:\Documentos\Rafael\SILO GRAOS\DOCUMENTOS VIGILANCIA SANITÁRIA\VIGILÂNCIA 2024\filtrodeagua.pdf | motivo=PDF sem texto extraível; pode ser escaneado
08/09/2026 10:54:33 | WARNING | PDF não indexado | arquivo=F:\Documentos\Rafael\SILO GRAOS\DOCUMENTOS VIGILANCIA SANITÁRIA\VIGILÂNCIA 2024\laudocaixadagua.pdf | motivo=PDF sem texto extraível; pode ser escaneado
08/09/2026 10:54:34 | WARNING | PDF não indexado | arquivo=F:\Documentos\Rafael\SILO GRAOS\DOCUMENTOS VIGILANCIA SANITÁRIA\VIGILÂNCIA 2024\listaepis.pdf | motivo=PDF sem texto extraível; pode ser escaneado
08/09/2026 10:54:34 | WARNING | PDF não indexado | arquivo=F:\Documentos\Rafael\SILO GRAOS\DOCUMENTOS VIGILANCIA SANITÁRIA\VIGILÂNCIA 2024\outorga agua.pdf | motivo=PDF sem texto extraível; pode ser escaneado
08/09/2026 10:54:36 | INFO | Indexação em andamento | 25400 de 27963 PDFs
08/09/2026 10:54:36 | WARNING | PDF não indexado | arquivo=F:\Documentos\Rafael\SILO GRAOS\DOCUMENTOS VIGILANCIA SANITÁRIA\VIGILÂNCIA 2024\TAC 2024.pdf | motivo=PDF sem texto extraível; pode ser escaneado
08/09/2026 10:54:36 | WARNING | PDF não indexado | arquivo=F:\Documentos\Rafael\SILO GRAOS\DOCUMENTOS VIGILANCIA SANITÁRIA\VIGILÂNCIA 2024\TAXA ALVARÁ SANITÁRIO.pdf | motivo=PDF sem texto extraível; pode ser escaneado
08/09/2026 10:54:37 | WARNING | PDF não indexado | arquivo=F:\Documentos\Rafael\SILO GRAOS\FOTOS.pdf | motivo=PDF sem texto extraível; pode ser escaneado
08/09/2026 10:54:37 | WARNING | PDF não indexado | arquivo=F:\Documentos\Rafael\SILO GRAOS\HABITE-SE.pdf | motivo=PDF sem texto extraível; pode ser escaneado
08/09/2026 10:54:37 | WARNING | PDF não indexado | arquivo=F:\Documentos\Rafael\SILO GRAOS\LP.pdf | motivo=PDF sem texto extraível; pode ser escaneado
08/09/2026 10:54:38 | WARNING | PDF não indexado | arquivo=F:\Documentos\Rafael\SILO GRAOS\MATRICULA.pdf | motivo=PDF sem texto extraível; pode ser escaneado
08/09/2026 10:54:38 | WARNING | PDF não indexado | arquivo=F:\Documentos\Rafael\SILO GRAOS\OÇÃO DIFERIMENTO DE ICMS\LIVRO TERMO DE OCORRENCIAS.pdf.pdf | motivo=PDF sem texto extraível; pode ser escaneado
08/09/2026 10:54:38 | WARNING | PDF não indexado | arquivo=F:\Documentos\Rafael\SILO GRAOS\OÇÃO DIFERIMENTO DE ICMS\SOLICITAÇÃO DE RETROAGIMENTO.pdf | motivo=PDF sem texto extraível; pode ser escaneado
08/09/2026 10:54:38 | WARNING | PDF não indexado | arquivo=F:\Documentos\Rafael\SILO GRAOS\OÇÃO DIFERIMENTO DE ICMS\TERMO DE OPÇÃO.pdf | motivo=PDF sem texto extraível; pode ser escaneado
08/09/2026 10:54:38 | WARNING | PDF não indexado | arquivo=F:\Documentos\Rafael\SILO GRAOS\PROTOCOLO AMBIENTAL.pdf | motivo=PDF sem texto extraível; pode ser escaneado
08/09/2026 10:54:39 | WARNING | PDF não indexado | arquivo=F:\Documentos\Rafael\SILO GRAOS\PROTOCOLO BOMBEIRO.pdf | motivo=PDF sem texto extraível; pode ser escaneado
08/09/2026 10:54:39 | WARNING | PDF não indexado | arquivo=F:\Documentos\Rafael\SILO GRAOS\REGISTRO ARMAZÉM\CN Ações e Execuções Cíveis e Criminais - MARCELLA.pdf | motivo=PDF sem texto extraível; pode ser escaneado
08/09/2026 10:54:40 | WARNING | PDF não indexado | arquivo=F:\Documentos\Rafael\SILO GRAOS\REGISTRO ARMAZÉM\DOCUMENTOS REGISTRADOS - FIEL DEPOSITARIO.pdf | motivo=PDF sem texto extraível; pode ser escaneado
08/09/2026 10:54:40 | WARNING | PDF não indexado | arquivo=F:\Documentos\Rafael\SILO GRAOS\REGISTRO ARMAZÉM\ENCAMINHADO JUNTA - PEDIDO DE RECONSIDERAÇÃO.pdf | motivo=PDF sem texto extraível; pode ser escaneado
08/09/2026 10:54:40 | WARNING | PDF não indexado | arquivo=F:\Documentos\Rafael\SILO GRAOS\REGISTRO ARMAZÉM\PEDIDO DE RECONSIDERÇÃO - EMISSÃO DE WARRANT.pdf | motivo=PDF sem texto extraível; pode ser escaneado
08/09/2026 10:54:40 | WARNING | PDF não indexado | arquivo=F:\Documentos\Rafael\SILO GRAOS\REGISTRO ARMAZÉM\TERMO DE NOMEAÇÃO DE ADMINISTRADOR DE ARMAZÉM.pdf | motivo=PDF sem texto extraível; pode ser escaneado
08/09/2026 10:54:40 | WARNING | PDF não indexado | arquivo=F:\Documentos\Rafael\SILO GRAOS\REGISTRO ARMAZÉM\TERMO DE RESPOSNABILIDADE E ACEITAÇÃO  DO CARGO DE ADMINISTRADOR DE ARMAZÉM.pdf | motivo=PDF sem texto extraível; pode ser escaneado
08/09/2026 10:54:40 | WARNING | PDF não indexado | arquivo=F:\Documentos\Rafael\SILO GRAOS\TAC 2022.pdf | motivo=PDF sem texto extraível; pode ser escaneado
08/09/2026 10:54:40 | WARNING | PDF não indexado | arquivo=F:\Documentos\Rafael\SILO GRAOS\TAC 2023.pdf | motivo=PDF sem texto extraível; pode ser escaneado
08/09/2026 10:54:40 | WARNING | PDF não indexado | arquivo=F:\Documentos\Rafael\SILO GRAOS\TAC 2024.pdf | motivo=PDF sem texto extraível; pode ser escaneado
08/09/2026 10:54:40 | WARNING | PDF não indexado | arquivo=F:\Documentos\Rafael\SILO GRAOS\TAC 2025.pdf | motivo=PDF sem texto extraível; pode ser escaneado
08/09/2026 10:54:42 | WARNING | PDF não indexado | arquivo=F:\Documentos\Rafael\SORRIAGRO INSUMOS\ALVARÁ BOMBEIROS.pdf | motivo=PDF sem texto extraível; pode ser escaneado
08/09/2026 10:54:43 | WARNING | PDF não indexado | arquivo=F:\Documentos\Rafael\SORRIAGRO INSUMOS\CONTRATO DE LOCAÇÃO.pdf | motivo=PDF sem texto extraível; pode ser escaneado
08/09/2026 10:54:44 | WARNING | PDF não indexado | arquivo=F:\Documentos\Rafael\SORRIAGRO INSUMOS\DIFERIMENTO FERTILIZANTES\LIVRO TERMO DE OCORRENCIAS.pdf | motivo=PDF sem texto extraível; pode ser escaneado
08/09/2026 10:54:45 | WARNING | PDF não indexado | arquivo=F:\Documentos\Rafael\SORRIAGRO INSUMOS\DISPENSA LO.pdf | motivo=PDF sem texto extraível; pode ser escaneado
08/09/2026 10:54:45 | WARNING | PDF não indexado | arquivo=F:\Documentos\Rafael\SORRIAGRO INSUMOS\HABITE-SE.pdf | motivo=PDF sem texto extraível; pode ser escaneado
08/09/2026 10:54:45 | WARNING | PDF não indexado | arquivo=F:\Documentos\Rafael\SORRIAGRO INSUMOS\LO.pdf | motivo=PDF sem texto extraível; pode ser escaneado
08/09/2026 10:54:45 | WARNING | PDF não indexado | arquivo=F:\Documentos\Rafael\SORRIAGRO INSUMOS\MATRICULA 14.320 - L.1 Q. 27 - CRISTIANE BEDIN.pdf | motivo=PDF sem texto extraível; pode ser escaneado
08/09/2026 10:54:45 | WARNING | PDF não indexado | arquivo=F:\Documentos\Rafael\SORRIAGRO INSUMOS\MATRICULA 14.320 ATUALIZADA  CRISTIANE BEDIN.pdf | motivo=PDF sem texto extraível; pode ser escaneado
08/09/2026 10:54:46 | WARNING | PDF não indexado | arquivo=F:\Documentos\Rafael\SORRIAGRO INSUMOS\MATRICULA 14.322 - L. 3 Q.27 - ANGELA M. BEDIN.pdf | motivo=PDF sem texto extraível; pode ser escaneado
08/09/2026 10:54:46 | WARNING | PDF não indexado | arquivo=F:\Documentos\Rafael\SORRIAGRO INSUMOS\RELATORIO FOTOGRAFICO.pdf | motivo=PDF sem texto extraível; pode ser escaneado
08/09/2026 10:54:46 | WARNING | PDF não indexado | arquivo=F:\Documentos\Rafael\SORRISO PARK EMPREENDIMENTOS IMOBILIÁRIOS\CHN DRA.pdf | motivo=PDF sem texto extraível; pode ser escaneado
08/09/2026 10:54:49 | WARNING | PDF não indexado | arquivo=F:\Documentos\Rafael\SORRISO PARK EMPREENDIMENTOS IMOBILIÁRIOS\DOCUMENTOS SÓCIOS - HALLEYMAR.pdf | motivo=PDF sem texto extraível; pode ser escaneado
08/09/2026 10:54:49 | WARNING | PDF não indexado | arquivo=F:\Documentos\Rafael\SORRISO PARK EMPREENDIMENTOS IMOBILIÁRIOS\MATRÍCULA LOTEAMENTO.pdf | motivo=PDF sem texto extraível; pode ser escaneado
08/09/2026 10:54:49 | INFO | Indexação em andamento | 25500 de 27963 PDFs
08/09/2026 10:54:50 | WARNING | PDF não indexado | arquivo=F:\Documentos\Rafael\SOUSA SOLUÇÕES\ALVARÁ 2017.pdf | motivo=PDF sem texto extraível; pode ser escaneado
08/09/2026 10:54:50 | WARNING | PDF não indexado | arquivo=F:\Documentos\Rafael\SOUSA SOLUÇÕES\CONTRATO ALUGUEL.pdf | motivo=PDF sem texto extraível; pode ser escaneado
08/09/2026 10:54:50 | WARNING | PDF não indexado | arquivo=F:\Documentos\Rafael\SOUSA SOLUÇÕES\CONTRATO SOCIAL - 2º ALT.pdf | motivo=PDF sem texto extraível; pode ser escaneado
08/09/2026 10:54:51 | WARNING | PDF não indexado | arquivo=F:\Documentos\Rafael\SOUSA SOLUÇÕES\HABITE-SE.pdf | motivo=PDF sem texto extraível; pode ser escaneado
08/09/2026 10:54:51 | WARNING | PDF não indexado | arquivo=F:\Documentos\Rafael\SOUSA SOLUÇÕES\Renovação Contrato de Locação - Sousa Soluções  2023-2024.pdf | motivo=PDF sem texto extraível; pode ser escaneado
08/09/2026 10:54:51 | WARNING | PDF não indexado | arquivo=F:\Documentos\Rafael\SOUSA SOLUÇÕES\TAC 2023.pdf | motivo=PDF sem texto extraível; pode ser escaneado
08/09/2026 10:54:51 | WARNING | PDF não indexado | arquivo=F:\Documentos\Rafael\SOUSA SOLUÇÕES\TAC 2024.pdf | motivo=PDF sem texto extraível; pode ser escaneado
08/09/2026 10:54:52 | WARNING | PDF não indexado | arquivo=F:\Documentos\Rafael\SPEED AGRO ESPORTES E EVENTOS LTDA\CARTA DE HABITE-SE  SPEED AGRO.pdf | motivo=PDF sem texto extraível; pode ser escaneado
08/09/2026 10:54:53 | WARNING | PDF não indexado | arquivo=F:\Documentos\Rafael\SPEED AGRO ESPORTES E EVENTOS LTDA\Certificado_de_Aprovacao_-_Speed_Agro.pdf | motivo=PDF sem texto extraível; pode ser escaneado
08/09/2026 10:54:53 | WARNING | PDF não indexado | arquivo=F:\Documentos\Rafael\SPEED AGRO ESPORTES E EVENTOS LTDA\CONTRATO DE COMODATO - VALDOCIR-SPEED AGRO.pdf | motivo=PDF sem texto extraível; pode ser escaneado
08/09/2026 10:54:54 | WARNING | PDF não indexado | arquivo=F:\Documentos\Rafael\SPEED AGRO ESPORTES E EVENTOS LTDA\LAUDO FOTOGRAFICO.pdf | motivo=PDF sem texto extraível; pode ser escaneado
08/09/2026 10:54:55 | WARNING | PDF não indexado | arquivo=F:\Documentos\Rafael\SPEED AGRO ESPORTES E EVENTOS LTDA\MATRÍCULAS.pdf | motivo=PDF sem texto extraível; pode ser escaneado
08/09/2026 10:54:55 | WARNING | PDF não indexado | arquivo=F:\Documentos\Rafael\SPEED AGRO ESPORTES E EVENTOS LTDA\Projeto - Alvará de construção AC1024-3691695.pdf | motivo=PDF sem texto extraível; pode ser escaneado
08/09/2026 10:54:57 | WARNING | PDF não indexado | arquivo=F:\Documentos\Rafael\SPEED AGRO ESPORTES E EVENTOS LTDA\PROTOCOLO ALVARÁ CONSTRUÇÃO.pdf | motivo=PDF sem texto extraível; pode ser escaneado
08/09/2026 10:54:58 | WARNING | PDF não indexado | arquivo=F:\Documentos\Rafael\SPENASSATTO SERVIÇOS ADMINISTRATIVOS\ALVARA BOMBEIROS.pdf | motivo=PDF sem texto extraível; pode ser escaneado
08/09/2026 10:55:00 | WARNING | PDF não indexado | arquivo=F:\Documentos\Rafael\SPENASSATTO SERVIÇOS ADMINISTRATIVOS\DCCUMENTOS SÓCIO - KARINA.pdf | motivo=PDF sem texto extraível; pode ser escaneado
08/09/2026 10:55:00 | WARNING | PDF não indexado | arquivo=F:\Documentos\Rafael\SPENASSATTO SERVIÇOS ADMINISTRATIVOS\DOCUMENTOS SOCIOS - ZILAUDIO.pdf | motivo=PDF sem texto extraível; pode ser escaneado
08/09/2026 10:55:00 | WARNING | PDF não indexado | arquivo=F:\Documentos\Rafael\SPENASSATTO SERVIÇOS ADMINISTRATIVOS\FOTOS.pdf | motivo=PDF sem texto extraível; pode ser escaneado
08/09/2026 10:55:00 | WARNING | PDF não indexado | arquivo=F:\Documentos\Rafael\SPENASSATTO SERVIÇOS ADMINISTRATIVOS\HABITE-SE.pdf | motivo=PDF sem texto extraível; pode ser escaneado
08/09/2026 10:55:00 | WARNING | PDF não indexado | arquivo=F:\Documentos\Rafael\SPENASSATTO SERVIÇOS ADMINISTRATIVOS\Matrícula - 57.245.pdf | motivo=PDF sem texto extraível; pode ser escaneado
08/09/2026 10:55:06 | INFO | Indexação em andamento | 25600 de 27963 PDFs
08/09/2026 10:55:08 | WARNING | PDF não indexado | arquivo=F:\Documentos\Rafael\TACCA COMERCIO DE BEBIDAS\ALVARÁ SANITÁRIO\NF COMPRA AGUA.pdf | motivo=PDF sem texto extraível; pode ser escaneado
08/09/2026 10:55:09 | WARNING | PDF não indexado | arquivo=F:\Documentos\Rafael\TACCA COMERCIO DE BEBIDAS\CONTRATO DE LOCAÇÃO.pdf | motivo=PDF sem texto extraível; pode ser escaneado
08/09/2026 10:55:09 | WARNING | PDF não indexado | arquivo=F:\Documentos\Rafael\TACCA COMERCIO DE BEBIDAS\DOCUMENTO SOCIO - GABRIEL.pdf | motivo=PDF sem texto extraível; pode ser escaneado
08/09/2026 10:55:09 | WARNING | PDF não indexado | arquivo=F:\Documentos\Rafael\TACCA COMERCIO DE BEBIDAS\FOTOS.pdf | motivo=PDF sem texto extraível; pode ser escaneado
08/09/2026 10:55:09 | WARNING | PDF não indexado | arquivo=F:\Documentos\Rafael\TACCA COMERCIO DE BEBIDAS\HABITE-SE.pdf | motivo=PDF sem texto extraível; pode ser escaneado
08/09/2026 10:55:10 | WARNING | PDF não indexado | arquivo=F:\Documentos\Rafael\TACIN\1 - PAGOS\ABF TRANSPORTES\COMPROVANTE DE PAGAMENTO.pdf | motivo=PDF sem texto extraível; pode ser escaneado
08/09/2026 10:55:10 | WARNING | PDF não indexado | arquivo=F:\Documentos\Rafael\TACIN\1 - PAGOS\CRISTAL PEDRAS\PAGAMENTO TACIN.pdf | motivo=PDF sem texto extraível; pode ser escaneado
08/09/2026 10:55:10 | WARNING | PDF não indexado | arquivo=F:\Documentos\Rafael\TACIN\1 - PAGOS\DAROIT ARMAZENS\COMPROVANTE DE PAGAMENTO.pdf | motivo=PDF sem texto extraível; pode ser escaneado
08/09/2026 10:55:10 | WARNING | PDF não indexado | arquivo=F:\Documentos\Rafael\TACIN\1 - PAGOS\FORTEPLAST\DAR MADEMARI E FORTEPLAST 217.pdf | motivo=PDF sem texto extraível; pode ser escaneado
08/09/2026 10:55:10 | WARNING | PDF não indexado | arquivo=F:\Documentos\Rafael\TACIN\1 - PAGOS\GABIZA TRANSPORTES\HABITE-SE. LO. BOMBEIRO.pdf | motivo=PDF sem texto extraível; pode ser escaneado
08/09/2026 10:55:10 | WARNING | PDF não indexado | arquivo=F:\Documentos\Rafael\TACIN\1 - PAGOS\JOSIMAR DOS SANTOS PEREIRA\COMPROVANTE DE PAGAMENTO.pdf | motivo=PDF sem texto extraível; pode ser escaneado
08/09/2026 10:55:10 | WARNING | PDF não indexado | arquivo=F:\Documentos\Rafael\TACIN\1 - PAGOS\MADEMARI\DAR MADEMARI E FORTEPLAST 217.pdf | motivo=PDF sem texto extraível; pode ser escaneado
08/09/2026 10:55:11 | WARNING | PDF não indexado | arquivo=F:\Documentos\Rafael\TACIN\1 - PAGOS\RADIO SORRISO\COMPROVANTE DE PAGAMENTO.pdf | motivo=PDF sem texto extraível; pode ser escaneado
08/09/2026 10:55:11 | WARNING | PDF não indexado | arquivo=F:\Documentos\Rafael\TACIN\1 - PAGOS\TRANSPORTADORA ROVARIS\ALVARA.pdf | motivo=PDF sem texto extraível; pode ser escaneado
08/09/2026 10:55:11 | WARNING | PDF não indexado | arquivo=F:\Documentos\Rafael\TACIN\2 - DEFESAS\ARMAZÉNS GERAIS 404\ALVARÁ.pdf | motivo=PDF sem texto extraível; pode ser escaneado
08/09/2026 10:55:11 | WARNING | PDF não indexado | arquivo=F:\Documentos\Rafael\TACIN\2 - DEFESAS\ARMAZÉNS GERAIS 404\COMPROVANTE DE PAGAMENTO.pdf | motivo=PDF sem texto extraível; pode ser escaneado
08/09/2026 10:55:11 | WARNING | PDF não indexado | arquivo=F:\Documentos\Rafael\TACIN\2 - DEFESAS\DANI COMÉRCIO DE MÓVEIS\ALVARÁ.pdf | motivo=PDF sem texto extraível; pode ser escaneado
08/09/2026 10:55:11 | WARNING | PDF não indexado | arquivo=F:\Documentos\Rafael\TACIN\2 - DEFESAS\DANI COMÉRCIO DE MÓVEIS\COMPROVANTE DE PGTO.pdf | motivo=PDF sem texto extraível; pode ser escaneado
08/09/2026 10:55:11 | WARNING | PDF não indexado | arquivo=F:\Documentos\Rafael\TACIN\2 - DEFESAS\H N AUTO POSTO\ALVARÁ BOMBEIROS - HN.pdf | motivo=PDF sem texto extraível; pode ser escaneado
08/09/2026 10:55:11 | WARNING | PDF não indexado | arquivo=F:\Documentos\Rafael\TACIN\2 - DEFESAS\TRANSPORTADORA ROVARIS\ALVARA.pdf | motivo=PDF sem texto extraível; pode ser escaneado
08/09/2026 10:55:12 | WARNING | PDF não indexado | arquivo=F:\Documentos\Rafael\TACIN\2 - DEFESAS\TRR RIO BONITO TRANSP\Alvará Bombeiro Matriz.pdf | motivo=PDF sem texto extraível; pode ser escaneado
08/09/2026 10:55:12 | WARNING | PDF não indexado | arquivo=F:\Documentos\Rafael\TACIN\2 - DEFESAS\TRR RIO BONITO TRANSP\Alvará Bombeiro TRR Nova Ubiratã.pdf | motivo=PDF sem texto extraível; pode ser escaneado
08/09/2026 10:55:12 | INFO | Indexação em andamento | 25700 de 27963 PDFs
08/09/2026 10:55:12 | WARNING | PDF não indexado | arquivo=F:\Documentos\Rafael\TACIN\BAND SORRISO\ALVARÁ BOMBEIRO.pdf | motivo=PDF sem texto extraível; pode ser escaneado
08/09/2026 10:55:12 | WARNING | PDF não indexado | arquivo=F:\Documentos\Rafael\TACIN\COAMBE\PGTO GUIA.pdf | motivo=PDF sem texto extraível; pode ser escaneado
08/09/2026 10:55:13 | WARNING | PDF não indexado | arquivo=F:\Documentos\Rafael\TACIN\MONTAGNA\ALVARÁ FILIAL 1.pdf | motivo=PDF sem texto extraível; pode ser escaneado
08/09/2026 10:55:13 | WARNING | PDF não indexado | arquivo=F:\Documentos\Rafael\TACIN\MONTAGNA\ALVARÁ MATRIZ.pdf | motivo=PDF sem texto extraível; pode ser escaneado
08/09/2026 10:55:13 | WARNING | PDF não indexado | arquivo=F:\Documentos\Rafael\TACIN\NC AUTO POSTO\ALVARÁ BOMBEIROS - NC.pdf | motivo=PDF sem texto extraível; pode ser escaneado
08/09/2026 10:55:14 | WARNING | PDF não indexado | arquivo=F:\Documentos\Rafael\TACIN\NICARETTA COMERCIO DE MOVEIS\ALVARÁ.pdf | motivo=PDF sem texto extraível; pode ser escaneado
08/09/2026 10:55:14 | INFO | Indexação em andamento | 25800 de 27963 PDFs
08/09/2026 10:55:14 | WARNING | PDF não indexado | arquivo=F:\Documentos\Rafael\TACIN\SORRIAGRO\ALVARÁ MATRIZ.pdf | motivo=PDF sem texto extraível; pode ser escaneado
08/09/2026 10:55:14 | WARNING | PDF não indexado | arquivo=F:\Documentos\Rafael\TACIN\SORRIAGRO\sorriagro pagamentos.pdf | motivo=PDF sem texto extraível; pode ser escaneado
08/09/2026 10:55:15 | WARNING | PDF não indexado | arquivo=F:\Documentos\Rafael\TACIN\TRANSPORTADORA ROVARIS\ALVARA.pdf | motivo=PDF sem texto extraível; pode ser escaneado
08/09/2026 10:55:17 | WARNING | PDF não indexado | arquivo=F:\Documentos\Rafael\TELES PIRES COMUNICAÇÕES LTDA\ALVARÁ BOMBEIRO VAL 20.04.2028.pdf | motivo=PDF sem texto extraível; pode ser escaneado
08/09/2026 10:55:17 | WARNING | PDF não indexado | arquivo=F:\Documentos\Rafael\TELES PIRES COMUNICAÇÕES LTDA\CONTRATO SOCIAL - 3º ALT.pdf | motivo=PDF sem texto extraível; pode ser escaneado
08/09/2026 10:55:18 | WARNING | PDF não indexado | arquivo=F:\Documentos\Rafael\TELES PIRES COMUNICAÇÕES LTDA\Documento JULIANA.pdf | motivo=PDF sem texto extraível; pode ser escaneado
08/09/2026 10:55:18 | WARNING | PDF não indexado | arquivo=F:\Documentos\Rafael\TELES PIRES COMUNICAÇÕES LTDA\Documento PLINIO.pdf | motivo=PDF sem texto extraível; pode ser escaneado
08/09/2026 10:55:19 | WARNING | PDF não indexado | arquivo=F:\Documentos\Rafael\TELES PIRES COMUNICAÇÕES LTDA\FOTOS.pdf | motivo=PDF sem texto extraível; pode ser escaneado
08/09/2026 10:55:19 | WARNING | PDF não indexado | arquivo=F:\Documentos\Rafael\TELES PIRES COMUNICAÇÕES LTDA\HABITE-SE.pdf | motivo=PDF sem texto extraível; pode ser escaneado
08/09/2026 10:55:19 | WARNING | PDF não indexado | arquivo=F:\Documentos\Rafael\TELES PIRES COMUNICAÇÕES LTDA\IMPUGNAÇÃO EXCLUSAO SIMPLES\GUIAS PAGAMENTO.pdf | motivo=PDF sem texto extraível; pode ser escaneado
08/09/2026 10:55:19 | WARNING | PDF não indexado | arquivo=F:\Documentos\Rafael\TELES PIRES COMUNICAÇÕES LTDA\IMPUGNAÇÃO EXCLUSAO SIMPLES\Novo Documento 2019-10-31 10.42.17_1.pdf | motivo=PDF sem texto extraível; pode ser escaneado
08/09/2026 10:55:19 | WARNING | PDF não indexado | arquivo=F:\Documentos\Rafael\TELES PIRES COMUNICAÇÕES LTDA\IMPUGNAÇÃO EXCLUSAO SIMPLES\PAGAMENTO PGE.pdf | motivo=PDF sem texto extraível; pode ser escaneado
08/09/2026 10:55:19 | WARNING | PDF não indexado | arquivo=F:\Documentos\Rafael\TELES PIRES COMUNICAÇÕES LTDA\IMPUGNAÇÃO EXCLUSAO SIMPLES\PROTOCOLO PGE.pdf | motivo=PDF sem texto extraível; pode ser escaneado
08/09/2026 10:55:19 | WARNING | PDF não indexado | arquivo=F:\Documentos\Rafael\TELES PIRES COMUNICAÇÕES LTDA\IMPUGNAÇÃO EXCLUSAO SIMPLES\rural16261520200219132034.pdf | motivo=PDF sem texto extraível; pode ser escaneado
08/09/2026 10:55:19 | WARNING | PDF não indexado | arquivo=F:\Documentos\Rafael\TELES PIRES COMUNICAÇÕES LTDA\IMPUGNAÇÃO EXCLUSAO SIMPLES\rural16261620200219132050.pdf | motivo=PDF sem texto extraível; pode ser escaneado
08/09/2026 10:55:20 | WARNING | PDF não indexado | arquivo=F:\Documentos\Rafael\TELES PIRES COMUNICAÇÕES LTDA\MATRICULA TELES PIRES NOVA.pdf | motivo=PDF sem texto extraível; pode ser escaneado
08/09/2026 10:55:20 | WARNING | PDF não indexado | arquivo=F:\Documentos\Rafael\TELES PIRES COMUNICAÇÕES LTDA\MATRÍCULA.pdf | motivo=PDF sem texto extraível; pode ser escaneado
08/09/2026 10:55:20 | WARNING | PDF não indexado | arquivo=F:\Documentos\Rafael\TELES PIRES COMUNICAÇÕES LTDA\PARECER ADVOGADO.pdf | motivo=PDF sem texto extraível; pode ser escaneado
08/09/2026 10:55:20 | INFO | Indexação em andamento | 25900 de 27963 PDFs
08/09/2026 10:55:20 | WARNING | PDF não indexado | arquivo=F:\Documentos\Rafael\TELEVISAO SAT\3º ALTERAÇÃO\SOLICITAÇÃO DE DISPENSA DO LICENCIAMENTO AMBIENTAL .pdf | motivo=PDF sem texto extraível; pode ser escaneado
08/09/2026 10:55:22 | WARNING | PDF não indexado | arquivo=F:\Documentos\Rafael\TELEVISAO SAT\ALVARÁ 2017.pdf | motivo=PDF sem texto extraível; pode ser escaneado
08/09/2026 10:55:22 | WARNING | PDF não indexado | arquivo=F:\Documentos\Rafael\TELEVISAO SAT\CONTRATO SOCIAL - 2º ALT.pdf | motivo=PDF sem texto extraível; pode ser escaneado
08/09/2026 10:55:24 | WARNING | PDF não indexado | arquivo=F:\Documentos\Rafael\TELEVISAO SAT\DOCUMENTOS GIOVANA.pdf | motivo=PDF sem texto extraível; pode ser escaneado
08/09/2026 10:55:24 | WARNING | PDF não indexado | arquivo=F:\Documentos\Rafael\TELEVISAO SAT\DOCUMENTOS KAROLINE.pdf | motivo=PDF sem texto extraível; pode ser escaneado
08/09/2026 10:55:24 | WARNING | PDF não indexado | arquivo=F:\Documentos\Rafael\TELEVISAO SAT\DOCUMENTOS PLINIO.pdf | motivo=PDF sem texto extraível; pode ser escaneado
08/09/2026 10:55:24 | WARNING | PDF não indexado | arquivo=F:\Documentos\Rafael\TELEVISAO SAT\DOCUMENTOS SANDRA.pdf | motivo=PDF sem texto extraível; pode ser escaneado
08/09/2026 10:55:25 | WARNING | PDF não indexado | arquivo=F:\Documentos\Rafael\TELEVISAO SAT\FOTO.pdf | motivo=PDF sem texto extraível; pode ser escaneado
08/09/2026 10:55:25 | WARNING | PDF não indexado | arquivo=F:\Documentos\Rafael\TELEVISAO SAT\HABITE-SE.pdf | motivo=PDF sem texto extraível; pode ser escaneado
08/09/2026 10:55:25 | WARNING | PDF não indexado | arquivo=F:\Documentos\Rafael\TELEVISAO SAT\iptu tv sat.pdf | motivo=PDF sem texto extraível; pode ser escaneado
08/09/2026 10:55:25 | WARNING | PDF não indexado | arquivo=F:\Documentos\Rafael\TELEVISAO SAT\OFICIO JUCEMAT.pdf | motivo=PDF sem texto extraível; pode ser escaneado
08/09/2026 10:55:25 | WARNING | PDF não indexado | arquivo=F:\Documentos\Rafael\TELEVISAO SAT\PROCESSO INDEFERIDO\Notificação Televisão Sat.pdf | motivo=PDF sem texto extraível; pode ser escaneado
08/09/2026 10:55:25 | WARNING | PDF não indexado | arquivo=F:\Documentos\Rafael\TELEVISAO SAT\PROCESSO INDEFERIDO\RECURSO AO PLENÁRIO - TV SAT.pdf | motivo=PDF sem texto extraível; pode ser escaneado
08/09/2026 10:55:26 | WARNING | PDF não indexado | arquivo=F:\Documentos\Rafael\TELEVISAO SAT\PROCESSO NOVO\ENCAMINHADO JUNTA.pdf | motivo=PDF sem texto extraível; pode ser escaneado
08/09/2026 10:55:26 | WARNING | PDF não indexado | arquivo=F:\Documentos\Rafael\TELEVISAO SAT\PROCESSO NOVO\TV SAT - 2º ALT.pdf | motivo=PDF sem texto extraível; pode ser escaneado
08/09/2026 10:55:26 | WARNING | PDF não indexado | arquivo=F:\Documentos\Rafael\TELEVISAO SAT\SOLICITAÇÃO DE DISPENSA DO LICENCIAMENTO AMBIENTAL.pdf | motivo=PDF sem texto extraível; pode ser escaneado
08/09/2026 10:55:27 | WARNING | PDF não indexado | arquivo=F:\Documentos\Rafael\TERRITÓRIO URBANO\CONTRATO SOCIAL - 1º ALT.pdf | motivo=PDF sem texto extraível; pode ser escaneado
08/09/2026 10:55:27 | WARNING | PDF não indexado | arquivo=F:\Documentos\Rafael\TERRITÓRIO URBANO\CONTRATO SOCIAL - CONSTITUIÇÃO.pdf | motivo=PDF sem texto extraível; pode ser escaneado
08/09/2026 10:55:28 | WARNING | PDF não indexado | arquivo=F:\Documentos\Rafael\TERRITÓRIO URBANO\SEGUNDA ALTERAÇÃO PG 1.pdf | motivo=PDF sem texto extraível; pode ser escaneado
08/09/2026 10:55:31 | INFO | Indexação em andamento | 26000 de 27963 PDFs
08/09/2026 10:55:31 | WARNING | PDF não indexado | arquivo=F:\Documentos\Rafael\TORNEARIA MULLER LTDA\FOTOS\LAUDO FOTOGRAFICO.pdf | motivo=PDF sem texto extraível; pode ser escaneado
08/09/2026 10:55:31 | WARNING | PDF não indexado | arquivo=F:\Documentos\Rafael\TORNEARIA MULLER LTDA\FOTOS FACHADA.pdf | motivo=PDF sem texto extraível; pode ser escaneado
08/09/2026 10:55:32 | WARNING | PDF não indexado | arquivo=F:\Documentos\Rafael\TORNEARIA MULLER LTDA\PROTOCOLO LO.pdf | motivo=PDF sem texto extraível; pode ser escaneado
08/09/2026 10:55:32 | WARNING | PDF não indexado | arquivo=F:\Documentos\Rafael\TORNEARIA MULLER LTDA\TAC 2022.pdf | motivo=PDF sem texto extraível; pode ser escaneado
08/09/2026 10:55:34 | WARNING | PDF não indexado | arquivo=F:\Documentos\Rafael\TRANSPORTADORA ROVARIS\ALVARA BOMBEIRO.pdf | motivo=PDF sem texto extraível; pode ser escaneado
08/09/2026 10:55:37 | WARNING | PDF não indexado | arquivo=F:\Documentos\Rafael\TRANSPORTADORA ROVARIS\CONTRATO COMODATO - VALDOCIR x TRANSP.pdf | motivo=PDF sem texto extraível; pode ser escaneado
08/09/2026 10:55:37 | WARNING | PDF não indexado | arquivo=F:\Documentos\Rafael\TRANSPORTADORA ROVARIS\CONTRATO DE LOCAÇÃO.pdf | motivo=PDF sem texto extraível; pode ser escaneado
08/09/2026 10:55:38 | WARNING | PDF não indexado | arquivo=F:\Documentos\Rafael\TRANSPORTADORA ROVARIS\DOCUMENTOS ATILIO.pdf | motivo=PDF sem texto extraível; pode ser escaneado
08/09/2026 10:55:38 | WARNING | PDF não indexado | arquivo=F:\Documentos\Rafael\TRANSPORTADORA ROVARIS\DOCUMENTOS EDEVALDO.pdf | motivo=PDF sem texto extraível; pode ser escaneado
08/09/2026 10:55:38 | WARNING | PDF não indexado | arquivo=F:\Documentos\Rafael\TRANSPORTADORA ROVARIS\DOCUMENTOS VALDOCIR.pdf | motivo=PDF sem texto extraível; pode ser escaneado
08/09/2026 10:55:38 | WARNING | PDF não indexado | arquivo=F:\Documentos\Rafael\TRANSPORTADORA ROVARIS\FAC ASSINADA.pdf | motivo=PDF sem texto extraível; pode ser escaneado
08/09/2026 10:55:39 | WARNING | PDF não indexado | arquivo=F:\Documentos\Rafael\TRANSPORTADORA ROVARIS\FOTOS.pdf | motivo=PDF sem texto extraível; pode ser escaneado
08/09/2026 10:55:39 | WARNING | PDF não indexado | arquivo=F:\Documentos\Rafael\TRANSPORTADORA ROVARIS\HABITE-SE  - TRANSPORTADORA.pdf | motivo=PDF sem texto extraível; pode ser escaneado
08/09/2026 10:55:39 | WARNING | PDF não indexado | arquivo=F:\Documentos\Rafael\TRANSPORTADORA ROVARIS\ICMS GARANTIDO - ROVARIS - 5083709-11\anexo - 1.PDF | motivo=PDF sem texto extraível; pode ser escaneado
08/09/2026 10:55:39 | WARNING | PDF não indexado | arquivo=F:\Documentos\Rafael\TRANSPORTADORA ROVARIS\ICMS GARANTIDO - ROVARIS - 5083709-11\anexo - 10 %28denuncias e Ouvidoria%29.PDF | motivo=PDF sem texto extraível; pode ser escaneado
08/09/2026 10:55:39 | WARNING | PDF não indexado | arquivo=F:\Documentos\Rafael\TRANSPORTADORA ROVARIS\ICMS GARANTIDO - ROVARIS - 5083709-11\anexo - 2.PDF | motivo=PDF sem texto extraível; pode ser escaneado
08/09/2026 10:55:40 | WARNING | PDF não indexado | arquivo=F:\Documentos\Rafael\TRANSPORTADORA ROVARIS\ICMS GARANTIDO - ROVARIS - 5083709-11\anexo - 3.PDF | motivo=PDF sem texto extraível; pode ser escaneado
08/09/2026 10:55:40 | WARNING | PDF não indexado | arquivo=F:\Documentos\Rafael\TRANSPORTADORA ROVARIS\ICMS GARANTIDO - ROVARIS - 5083709-11\anexo - 4.PDF | motivo=PDF sem texto extraível; pode ser escaneado
08/09/2026 10:55:41 | WARNING | PDF não indexado | arquivo=F:\Documentos\Rafael\TRANSPORTADORA ROVARIS\ICMS GARANTIDO - ROVARIS - 5083709-11\anexo - 5.PDF | motivo=PDF sem texto extraível; pode ser escaneado
08/09/2026 10:55:41 | WARNING | PDF não indexado | arquivo=F:\Documentos\Rafael\TRANSPORTADORA ROVARIS\ICMS GARANTIDO - ROVARIS - 5083709-11\anexo - 6.PDF | motivo=PDF sem texto extraível; pode ser escaneado
08/09/2026 10:55:41 | WARNING | PDF não indexado | arquivo=F:\Documentos\Rafael\TRANSPORTADORA ROVARIS\ICMS GARANTIDO - ROVARIS - 5083709-11\anexo - 7.PDF | motivo=PDF sem texto extraível; pode ser escaneado
08/09/2026 10:55:41 | WARNING | PDF não indexado | arquivo=F:\Documentos\Rafael\TRANSPORTADORA ROVARIS\ICMS GARANTIDO - ROVARIS - 5083709-11\anexo - 8.PDF | motivo=PDF sem texto extraível; pode ser escaneado
08/09/2026 10:55:41 | WARNING | PDF não indexado | arquivo=F:\Documentos\Rafael\TRANSPORTADORA ROVARIS\ICMS GARANTIDO - ROVARIS - 5083709-11\anexo - 9.PDF | motivo=PDF sem texto extraível; pode ser escaneado
08/09/2026 10:55:56 | INFO | Indexação em andamento | 26100 de 27963 PDFs
08/09/2026 10:55:56 | WARNING | PDF não indexado | arquivo=F:\Documentos\Rafael\TRANSPORTADORA ROVARIS\ICMS GARANTIDO - ROVARIS - 5083709-11\Dar 999 0381730141 revião ep 5083709.PDF | motivo=PDF sem texto extraível; pode ser escaneado
08/09/2026 10:55:56 | WARNING | PDF não indexado | arquivo=F:\Documentos\Rafael\TRANSPORTADORA ROVARIS\ICMS GARANTIDO - ROVARIS - 5083709-11\Digitalizar0022 NF ep 5083709.PDF | motivo=PDF sem texto extraível; pode ser escaneado
08/09/2026 10:55:57 | WARNING | PDF não indexado | arquivo=F:\Documentos\Rafael\TRANSPORTADORA ROVARIS\ICMS GARANTIDO - ROVARIS - 5083709-11\Digitalizar0024 nf ep 5083709.PDF | motivo=PDF sem texto extraível; pode ser escaneado
08/09/2026 10:55:58 | WARNING | PDF não indexado | arquivo=F:\Documentos\Rafael\TRANSPORTADORA ROVARIS\ICMS GARANTIDO - ROVARIS - 5083709-11\Parecer_DAR_9990381730141 ep 5083709.PDF | motivo=PDF sem texto extraível; pode ser escaneado
08/09/2026 10:56:00 | WARNING | PDF não indexado | arquivo=F:\Documentos\Rafael\TRANSPORTADORA ROVARIS\MATRICULA 60454.pdf | motivo=PDF sem texto extraível; pode ser escaneado
08/09/2026 10:56:00 | WARNING | PDF não indexado | arquivo=F:\Documentos\Rafael\TRANSPORTADORA ROVARIS\PT-116152-2018.pdf | motivo=PDF sem texto extraível; pode ser escaneado
08/09/2026 10:56:00 | WARNING | PDF não indexado | arquivo=F:\Documentos\Rafael\TRANSPORTADORA ROVARIS\TAC 2022.pdf | motivo=PDF sem texto extraível; pode ser escaneado
08/09/2026 10:56:00 | WARNING | PDF não indexado | arquivo=F:\Documentos\Rafael\TRANSPORTADORA ROVARIS\TAC 2024.pdf | motivo=PDF sem texto extraível; pode ser escaneado
08/09/2026 10:56:00 | WARNING | PDF não indexado | arquivo=F:\Documentos\Rafael\TRANSPORTADORA XODO\ALVARÁ DE BOMBEIROS 2026.pdf | motivo=PDF sem texto extraível; pode ser escaneado
08/09/2026 10:56:01 | WARNING | PDF não indexado | arquivo=F:\Documentos\Rafael\TRANSPORTADORA XODO\HABITE-SE.pdf | motivo=PDF sem texto extraível; pode ser escaneado
08/09/2026 10:56:01 | WARNING | PDF não indexado | arquivo=F:\Documentos\Rafael\TRANSPORTADORA XODO\LO.pdf | motivo=PDF sem texto extraível; pode ser escaneado
08/09/2026 10:56:01 | WARNING | PDF não indexado | arquivo=F:\Documentos\Rafael\TRANSPORTADORA XODO\MATRICULA.pdf | motivo=PDF sem texto extraível; pode ser escaneado
08/09/2026 10:56:05 | WARNING | PDF não indexado | arquivo=F:\Documentos\Rafael\TRANSPORTES ENTRE RIOS\DOCUMENTOS FERNANDO.pdf | motivo=PDF sem texto extraível; pode ser escaneado
08/09/2026 10:56:05 | WARNING | PDF não indexado | arquivo=F:\Documentos\Rafael\TRANSPORTES ENTRE RIOS\FOTOS.pdf | motivo=PDF sem texto extraível; pode ser escaneado
08/09/2026 10:56:07 | WARNING | PDF não indexado | arquivo=F:\Documentos\Rafael\TRANSTETO\CONTRATO DE LOCAÇÃO.pdf | motivo=PDF sem texto extraível; pode ser escaneado
08/09/2026 10:56:07 | WARNING | PDF não indexado | arquivo=F:\Documentos\Rafael\TRANSTETO\CONTRATO SOCIAL - 1º ALT.pdf | motivo=PDF sem texto extraível; pode ser escaneado
08/09/2026 10:56:09 | INFO | Indexação em andamento | 26200 de 27963 PDFs
08/09/2026 10:56:09 | WARNING | PDF não indexado | arquivo=F:\Documentos\Rafael\TRANSTETO\CONTRATO SOCIAL - CONSTITUIÇÃO.pdf | motivo=PDF sem texto extraível; pode ser escaneado
08/09/2026 10:56:09 | WARNING | PDF não indexado | arquivo=F:\Documentos\Rafael\TRANSTETO\DOCUMENTO SOCIO - EMANCIPAÇÃO PEDRO.pdf | motivo=PDF sem texto extraível; pode ser escaneado
08/09/2026 10:56:10 | WARNING | PDF não indexado | arquivo=F:\Documentos\Rafael\TRANSTETO\DOCUMENTO SOCIO - RG PEDRO.pdf | motivo=PDF sem texto extraível; pode ser escaneado
08/09/2026 10:56:10 | WARNING | PDF não indexado | arquivo=F:\Documentos\Rafael\TRANSTETO\DOCUMENTOS ANTONELA.pdf | motivo=PDF sem texto extraível; pode ser escaneado
08/09/2026 10:56:10 | WARNING | PDF não indexado | arquivo=F:\Documentos\Rafael\TRANSTETO\DOCUMENTOS DANIELA.pdf | motivo=PDF sem texto extraível; pode ser escaneado
08/09/2026 10:56:10 | WARNING | PDF não indexado | arquivo=F:\Documentos\Rafael\TRANSTETO\DOCUMENTOS JORGE.pdf | motivo=PDF sem texto extraível; pode ser escaneado
08/09/2026 10:56:10 | WARNING | PDF não indexado | arquivo=F:\Documentos\Rafael\TRANSTETO\FOTOS.pdf | motivo=PDF sem texto extraível; pode ser escaneado
08/09/2026 10:56:10 | WARNING | PDF não indexado | arquivo=F:\Documentos\Rafael\TRANSTETO\HABITE-SE.pdf | motivo=PDF sem texto extraível; pode ser escaneado
08/09/2026 10:56:11 | WARNING | PDF não indexado | arquivo=F:\Documentos\Rafael\TRANSTETO\Processo_e_Sentenca_-_Matricuala_84558_e_demais_documentos.pdf | motivo=PDF sem texto extraível; pode ser escaneado
08/09/2026 10:56:11 | WARNING | PDF não indexado | arquivo=F:\Documentos\Rafael\TRANSTETO\TAC 2024.pdf | motivo=PDF sem texto extraível; pode ser escaneado
08/09/2026 10:56:12 | WARNING | PDF não indexado | arquivo=F:\Documentos\Rafael\TRANSTETO\TERMO DE ANUENCIA.pdf | motivo=PDF sem texto extraível; pode ser escaneado
08/09/2026 10:56:17 | WARNING | PDF não indexado | arquivo=F:\Documentos\Rafael\TRR RIO BONITO\ALVARA BOMBEIROS.pdf | motivo=PDF sem texto extraível; pode ser escaneado
08/09/2026 10:56:19 | WARNING | PDF não indexado | arquivo=F:\Documentos\Rafael\TRR RIO BONITO\CONTRATO SOCIAL - 1º ALT.pdf | motivo=PDF sem texto extraível; pode ser escaneado
08/09/2026 10:56:19 | WARNING | PDF não indexado | arquivo=F:\Documentos\Rafael\TRR RIO BONITO\CONTRATO SOCIAL - 2º ALT.pdf | motivo=PDF sem texto extraível; pode ser escaneado
08/09/2026 10:56:19 | WARNING | PDF não indexado | arquivo=F:\Documentos\Rafael\TRR RIO BONITO\CONTRATO SOCIAL - 3º ALT.pdf | motivo=PDF sem texto extraível; pode ser escaneado
08/09/2026 10:56:19 | WARNING | PDF não indexado | arquivo=F:\Documentos\Rafael\TRR RIO BONITO\CONTRATO SOCIAL - 4º ALT.pdf | motivo=PDF sem texto extraível; pode ser escaneado
08/09/2026 10:56:19 | WARNING | PDF não indexado | arquivo=F:\Documentos\Rafael\TRR RIO BONITO\CONTRATO SOCIAL - 5º ALT.pdf | motivo=PDF sem texto extraível; pode ser escaneado
08/09/2026 10:56:19 | WARNING | PDF não indexado | arquivo=F:\Documentos\Rafael\TRR RIO BONITO\CONTRATO SOCIAL - 6º ALT.pdf | motivo=PDF sem texto extraível; pode ser escaneado
08/09/2026 10:56:19 | WARNING | PDF não indexado | arquivo=F:\Documentos\Rafael\TRR RIO BONITO\CONTRATO SOCIAL - 7º ALT.pdf | motivo=PDF sem texto extraível; pode ser escaneado
08/09/2026 10:56:19 | WARNING | PDF não indexado | arquivo=F:\Documentos\Rafael\TRR RIO BONITO\CONTRATO SOCIAL - 8º ALT.pdf | motivo=PDF sem texto extraível; pode ser escaneado
08/09/2026 10:56:20 | WARNING | PDF não indexado | arquivo=F:\Documentos\Rafael\TRR RIO BONITO\CONTRATO SOCIAL - 9º ALT.pdf | motivo=PDF sem texto extraível; pode ser escaneado
08/09/2026 10:56:20 | WARNING | PDF não indexado | arquivo=F:\Documentos\Rafael\TRR RIO BONITO\CONTRATO SOCIAL - CONSTITUIÇÃO.pdf | motivo=PDF sem texto extraível; pode ser escaneado
08/09/2026 10:56:20 | WARNING | PDF não indexado | arquivo=F:\Documentos\Rafael\TRR RIO BONITO\DOCUMENTOS SOCIOS _ CRISTIAN.pdf | motivo=PDF sem texto extraível; pode ser escaneado
08/09/2026 10:56:20 | WARNING | PDF não indexado | arquivo=F:\Documentos\Rafael\TRR RIO BONITO\DOCUMENTOS SOCIOS _ GABRIEL.pdf | motivo=PDF sem texto extraível; pode ser escaneado
08/09/2026 10:56:21 | WARNING | PDF não indexado | arquivo=F:\Documentos\Rafael\TRR RIO BONITO\DOCUMENTOS SOCIOS _ OZEMAR.pdf | motivo=PDF sem texto extraível; pode ser escaneado
08/09/2026 10:56:21 | WARNING | PDF não indexado | arquivo=F:\Documentos\Rafael\TRR RIO BONITO\DOCUMENTOS SOCIOS _ PAULO (CASAMENTO).pdf | motivo=PDF sem texto extraível; pode ser escaneado
08/09/2026 10:56:21 | WARNING | PDF não indexado | arquivo=F:\Documentos\Rafael\TRR RIO BONITO\DOCUMENTOS SOCIOS _ PAULO.pdf | motivo=PDF sem texto extraível; pode ser escaneado
08/09/2026 10:56:21 | WARNING | PDF não indexado | arquivo=F:\Documentos\Rafael\TRR RIO BONITO\FILIAL 01 - NOVA UBIRATA\ALVARA BOMBEIRO - NOVA UBIRATA.pdf | motivo=PDF sem texto extraível; pode ser escaneado
08/09/2026 10:56:22 | WARNING | PDF não indexado | arquivo=F:\Documentos\Rafael\TRR RIO BONITO\FILIAL 01 - NOVA UBIRATA\MATRICULA 1302 TRR.pdf | motivo=PDF sem texto extraível; pode ser escaneado
08/09/2026 10:56:22 | INFO | Indexação em andamento | 26300 de 27963 PDFs
08/09/2026 10:56:22 | WARNING | PDF não indexado | arquivo=F:\Documentos\Rafael\TRR RIO BONITO\FILIAL 02 - SORRISO II (LRV)\ALVARÁ BOMBEIRO.pdf | motivo=PDF sem texto extraível; pode ser escaneado
08/09/2026 10:56:22 | WARNING | PDF não indexado | arquivo=F:\Documentos\Rafael\TRR RIO BONITO\FILIAL 02 - SORRISO II (LRV)\FOTOS.pdf | motivo=PDF sem texto extraível; pode ser escaneado
08/09/2026 10:56:22 | WARNING | PDF não indexado | arquivo=F:\Documentos\Rafael\TRR RIO BONITO\FILIAL 02 - SORRISO II (LRV)\LO - PROTOCOLO.pdf | motivo=PDF sem texto extraível; pode ser escaneado
08/09/2026 10:56:23 | WARNING | PDF não indexado | arquivo=F:\Documentos\Rafael\TRR RIO BONITO\FILIAL 02 - SORRISO II (LRV)\LO.pdf | motivo=PDF sem texto extraível; pode ser escaneado
08/09/2026 10:56:23 | WARNING | PDF não indexado | arquivo=F:\Documentos\Rafael\TRR RIO BONITO\FILIAL 02 - SORRISO II (LRV)\MATRÍCULA 57553.pdf | motivo=PDF sem texto extraível; pode ser escaneado
08/09/2026 10:56:23 | WARNING | PDF não indexado | arquivo=F:\Documentos\Rafael\TRR RIO BONITO\FILIAL 02 - SORRISO II (LRV)\TAC - 2021.pdf | motivo=PDF sem texto extraível; pode ser escaneado
08/09/2026 10:56:23 | WARNING | PDF não indexado | arquivo=F:\Documentos\Rafael\TRR RIO BONITO\FILIAL 02 - SORRISO II (LRV)\TAC - 2022.pdf | motivo=PDF sem texto extraível; pode ser escaneado
08/09/2026 10:56:23 | WARNING | PDF não indexado | arquivo=F:\Documentos\Rafael\TRR RIO BONITO\FILIAL 02 - SORRISO II (LRV)\TAC - 2023.pdf | motivo=PDF sem texto extraível; pode ser escaneado
08/09/2026 10:56:23 | WARNING | PDF não indexado | arquivo=F:\Documentos\Rafael\TRR RIO BONITO\FILIAL 02 - SORRISO II (LRV)\TAC - 2024.pdf | motivo=PDF sem texto extraível; pode ser escaneado
08/09/2026 10:56:24 | WARNING | PDF não indexado | arquivo=F:\Documentos\Rafael\TRR RIO BONITO\FILIAL 03 - PORTO DOS GAÚCHOS\ALVARÁ DE CONSTRUÇÃO - PORTO.pdf | motivo=PDF sem texto extraível; pode ser escaneado
08/09/2026 10:56:24 | WARNING | PDF não indexado | arquivo=F:\Documentos\Rafael\TRR RIO BONITO\FILIAL 03 - PORTO DOS GAÚCHOS\CERTIFICADO BOMBEIRO - PORTO.pdf | motivo=PDF sem texto extraível; pode ser escaneado
08/09/2026 10:56:25 | WARNING | PDF não indexado | arquivo=F:\Documentos\Rafael\TRR RIO BONITO\FILIAL 03 - PORTO DOS GAÚCHOS\DOC. LAUDO DE VISTORIA\Doc. 13 - L. O. SEMA.pdf | motivo=PDF sem texto extraível; pode ser escaneado
08/09/2026 10:56:25 | WARNING | PDF não indexado | arquivo=F:\Documentos\Rafael\TRR RIO BONITO\FILIAL 03 - PORTO DOS GAÚCHOS\DOC. LAUDO DE VISTORIA\Doc. 14.1 - ALVARÁ BOMBEIRO.pdf | motivo=PDF sem texto extraível; pode ser escaneado
08/09/2026 10:56:25 | WARNING | PDF não indexado | arquivo=F:\Documentos\Rafael\TRR RIO BONITO\FILIAL 03 - PORTO DOS GAÚCHOS\DOC. LAUDO DE VISTORIA\Doc. 14.2 - PROTOCOLO BOMBEIRO.pdf | motivo=PDF sem texto extraível; pode ser escaneado
08/09/2026 10:56:25 | WARNING | PDF não indexado | arquivo=F:\Documentos\Rafael\TRR RIO BONITO\FILIAL 03 - PORTO DOS GAÚCHOS\DOC. LAUDO DE VISTORIA\Doc. 15 - MATRÍCULA IMÓVEL.pdf | motivo=PDF sem texto extraível; pode ser escaneado
08/09/2026 10:56:26 | WARNING | PDF não indexado | arquivo=F:\Documentos\Rafael\TRR RIO BONITO\FILIAL 03 - PORTO DOS GAÚCHOS\DOC. LAUDO DE VISTORIA\Doc. 15 - TERMO DE DOAÇÃO IMÓVEL.pdf | motivo=PDF sem texto extraível; pode ser escaneado
08/09/2026 10:56:27 | WARNING | PDF não indexado | arquivo=F:\Documentos\Rafael\TRR RIO BONITO\FILIAL 03 - PORTO DOS GAÚCHOS\DOC. LAUDO DE VISTORIA\Doc. 18.1 - VERIFICAÇÃO IPEM _ DBL-6171.pdf | motivo=PDF sem texto extraível; pode ser escaneado
08/09/2026 10:56:27 | WARNING | PDF não indexado | arquivo=F:\Documentos\Rafael\TRR RIO BONITO\FILIAL 03 - PORTO DOS GAÚCHOS\DOC. LAUDO DE VISTORIA\Doc. 18.2 - VERIFICAÇÃO IPEM _ JZX3554.pdf | motivo=PDF sem texto extraível; pode ser escaneado
08/09/2026 10:56:27 | WARNING | PDF não indexado | arquivo=F:\Documentos\Rafael\TRR RIO BONITO\FILIAL 03 - PORTO DOS GAÚCHOS\DOC. LAUDO DE VISTORIA\Doc. 18.3 - VERIFICAÇÃO IPEM _ QCP-8280.pdf | motivo=PDF sem texto extraível; pode ser escaneado
08/09/2026 10:56:27 | WARNING | PDF não indexado | arquivo=F:\Documentos\Rafael\TRR RIO BONITO\FILIAL 03 - PORTO DOS GAÚCHOS\DOC. LAUDO DE VISTORIA\Doc. 18.4 - VERIFICAÇÃO IPEM _ QCY9D52.pdf | motivo=PDF sem texto extraível; pode ser escaneado
08/09/2026 10:56:27 | WARNING | PDF não indexado | arquivo=F:\Documentos\Rafael\TRR RIO BONITO\FILIAL 03 - PORTO DOS GAÚCHOS\DOC. LAUDO DE VISTORIA\Doc. 19.1 - CND IPEM - FILIAL.pdf | motivo=PDF sem texto extraível; pode ser escaneado
08/09/2026 10:56:27 | WARNING | PDF não indexado | arquivo=F:\Documentos\Rafael\TRR RIO BONITO\FILIAL 03 - PORTO DOS GAÚCHOS\DOC. LAUDO DE VISTORIA\Doc. 19.2 - CND IPEM - MATRIZ.pdf | motivo=PDF sem texto extraível; pode ser escaneado
08/09/2026 10:56:28 | WARNING | PDF não indexado | arquivo=F:\Documentos\Rafael\TRR RIO BONITO\FILIAL 03 - PORTO DOS GAÚCHOS\DOC. LAUDO DE VISTORIA\Doc. 23.1 - CERTIDAO DE PROTESTO - MATRIZ.pdf | motivo=PDF sem texto extraível; pode ser escaneado
08/09/2026 10:56:28 | WARNING | PDF não indexado | arquivo=F:\Documentos\Rafael\TRR RIO BONITO\FILIAL 03 - PORTO DOS GAÚCHOS\DOC. LAUDO DE VISTORIA\Doc. 23.2 - CERTIDÃO DE PROTESTO - CRISTIAN.pdf | motivo=PDF sem texto extraível; pode ser escaneado
08/09/2026 10:56:28 | WARNING | PDF não indexado | arquivo=F:\Documentos\Rafael\TRR RIO BONITO\FILIAL 03 - PORTO DOS GAÚCHOS\DOC. LAUDO DE VISTORIA\Doc. 23.3 - CERTIDÃO DE PROTESTO - GABRIEL.pdf | motivo=PDF sem texto extraível; pode ser escaneado
08/09/2026 10:56:28 | WARNING | PDF não indexado | arquivo=F:\Documentos\Rafael\TRR RIO BONITO\FILIAL 03 - PORTO DOS GAÚCHOS\DOC. LAUDO DE VISTORIA\Doc. 23.4 - CERTIDÃO DE PROTESTO - OZEMAR.pdf | motivo=PDF sem texto extraível; pode ser escaneado
08/09/2026 10:56:28 | WARNING | PDF não indexado | arquivo=F:\Documentos\Rafael\TRR RIO BONITO\FILIAL 03 - PORTO DOS GAÚCHOS\DOC. LAUDO DE VISTORIA\Doc. 23.4 - CERTIDÃO DE PROTESTO - PAULO.pdf | motivo=PDF sem texto extraível; pode ser escaneado
08/09/2026 10:56:29 | WARNING | PDF não indexado | arquivo=F:\Documentos\Rafael\TRR RIO BONITO\FILIAL 03 - PORTO DOS GAÚCHOS\DOC. LAUDO DE VISTORIA\Doc. 4.1 - DOCUMENTOS SOCIOS _ CRISTIAN.pdf | motivo=PDF sem texto extraível; pode ser escaneado
08/09/2026 10:56:29 | WARNING | PDF não indexado | arquivo=F:\Documentos\Rafael\TRR RIO BONITO\FILIAL 03 - PORTO DOS GAÚCHOS\DOC. LAUDO DE VISTORIA\Doc. 4.2 - DOCUMENTOS SOCIOS _ GABRIEL.pdf | motivo=PDF sem texto extraível; pode ser escaneado
08/09/2026 10:56:29 | WARNING | PDF não indexado | arquivo=F:\Documentos\Rafael\TRR RIO BONITO\FILIAL 03 - PORTO DOS GAÚCHOS\DOC. LAUDO DE VISTORIA\Doc. 4.3 - DOCUMENTOS SOCIOS _ OZEMAR.pdf | motivo=PDF sem texto extraível; pode ser escaneado
08/09/2026 10:56:29 | WARNING | PDF não indexado | arquivo=F:\Documentos\Rafael\TRR RIO BONITO\FILIAL 03 - PORTO DOS GAÚCHOS\DOC. LAUDO DE VISTORIA\Doc. 4.4 - DOCUMENTOS SOCIOS _ PAULO.pdf | motivo=PDF sem texto extraível; pode ser escaneado
08/09/2026 10:56:31 | WARNING | PDF não indexado | arquivo=F:\Documentos\Rafael\TRR RIO BONITO\FILIAL 03 - PORTO DOS GAÚCHOS\LI - PORTO.pdf | motivo=PDF sem texto extraível; pode ser escaneado
08/09/2026 10:56:31 | WARNING | PDF não indexado | arquivo=F:\Documentos\Rafael\TRR RIO BONITO\FILIAL 03 - PORTO DOS GAÚCHOS\LP - PORTO.pdf | motivo=PDF sem texto extraível; pode ser escaneado
08/09/2026 10:56:31 | WARNING | PDF não indexado | arquivo=F:\Documentos\Rafael\TRR RIO BONITO\FILIAL 03 - PORTO DOS GAÚCHOS\MATRÍCULA 11363 - PORTO DOS GAÚCHOS.pdf | motivo=PDF sem texto extraível; pode ser escaneado
08/09/2026 10:56:31 | WARNING | PDF não indexado | arquivo=F:\Documentos\Rafael\TRR RIO BONITO\FILIAL 03 - PORTO DOS GAÚCHOS\PROTOCOLO ANP - PORTO.pdf | motivo=PDF sem texto extraível; pode ser escaneado
08/09/2026 10:56:32 | WARNING | PDF não indexado | arquivo=F:\Documentos\Rafael\TRR RIO BONITO\FILIAL 03 - PORTO DOS GAÚCHOS\TERMO DE DOAÇÃO DE TERRENO.pdf | motivo=PDF sem texto extraível; pode ser escaneado
08/09/2026 10:56:32 | WARNING | PDF não indexado | arquivo=F:\Documentos\Rafael\TRR RIO BONITO\FOTOS.pdf | motivo=PDF sem texto extraível; pode ser escaneado
08/09/2026 10:56:33 | WARNING | PDF não indexado | arquivo=F:\Documentos\Rafael\TRR RIO BONITO\INCORPORAÇÃO\BALANÇO PARA FIINS DE INCORPORAÇÃO - TRR BG.pdf | motivo=PDF sem texto extraível; pode ser escaneado
08/09/2026 10:56:33 | WARNING | PDF não indexado | arquivo=F:\Documentos\Rafael\TRR RIO BONITO\INCORPORAÇÃO\MATRÍCULA TRR BG.pdf | motivo=PDF sem texto extraível; pode ser escaneado
08/09/2026 10:56:33 | INFO | Indexação em andamento | 26400 de 27963 PDFs
08/09/2026 10:56:34 | WARNING | PDF não indexado | arquivo=F:\Documentos\Rafael\TRR RIO BONITO\Lei Complementar 337 - BENFÍCIO ISSQN CONSTRUÇÃO.pdf | motivo=PDF sem texto extraível; pode ser escaneado
08/09/2026 10:56:34 | WARNING | PDF não indexado | arquivo=F:\Documentos\Rafael\TRR RIO BONITO\LO.pdf | motivo=PDF sem texto extraível; pode ser escaneado
08/09/2026 10:56:34 | WARNING | PDF não indexado | arquivo=F:\Documentos\Rafael\TRR RIO BONITO\MATRÍCULA.pdf | motivo=PDF sem texto extraível; pode ser escaneado
08/09/2026 10:56:34 | WARNING | PDF não indexado | arquivo=F:\Documentos\Rafael\TRR RIO BONITO\PROCURAÇÃO TRR x ICC.pdf | motivo=PDF sem texto extraível; pode ser escaneado
08/09/2026 10:56:34 | WARNING | PDF não indexado | arquivo=F:\Documentos\Rafael\TRR RIO BONITO\TAC - 2022.pdf | motivo=PDF sem texto extraível; pode ser escaneado
08/09/2026 10:56:34 | WARNING | PDF não indexado | arquivo=F:\Documentos\Rafael\TRR RIO BONITO\TAC - 2023.pdf | motivo=PDF sem texto extraível; pode ser escaneado
08/09/2026 10:56:34 | WARNING | PDF não indexado | arquivo=F:\Documentos\Rafael\TRR RIO BONITO\TAC - 2024.pdf | motivo=PDF sem texto extraível; pode ser escaneado
08/09/2026 10:56:35 | WARNING | PDF não indexado | arquivo=F:\Documentos\Rafael\TRR RIO BONITO\TRR BG - DOCUMENTOS\8º ALT - TRR BG TRANSPORTADOR.pdf | motivo=PDF sem texto extraível; pode ser escaneado
08/09/2026 10:56:36 | WARNING | PDF não indexado | arquivo=F:\Documentos\Rafael\TRR RIO BONITO\TRR BG - DOCUMENTOS\9º ALT - TRR BG TRANSPORTADOR.pdf | motivo=PDF sem texto extraível; pode ser escaneado
08/09/2026 10:56:36 | WARNING | PDF não indexado | arquivo=F:\Documentos\Rafael\TRR RIO BONITO\TRR BG - DOCUMENTOS\L. O. TRR - BG.pdf | motivo=PDF sem texto extraível; pode ser escaneado
08/09/2026 10:56:36 | WARNING | PDF não indexado | arquivo=F:\Documentos\Rafael\TRR RIO BONITO\TRR BG - DOCUMENTOS\PROTOCOLO BOMBEIRO TRR - BG.pdf | motivo=PDF sem texto extraível; pode ser escaneado
08/09/2026 10:56:38 | WARNING | PDF não indexado | arquivo=F:\Documentos\Rafael\TRR XODO\1º ALTERAÇÃO\CNH artemio.pdf | motivo=PDF sem texto extraível; pode ser escaneado
08/09/2026 10:56:38 | WARNING | PDF não indexado | arquivo=F:\Documentos\Rafael\TRR XODO\1º ALTERAÇÃO\cnh flavio.pdf | motivo=PDF sem texto extraível; pode ser escaneado
08/09/2026 10:56:39 | WARNING | PDF não indexado | arquivo=F:\Documentos\Rafael\TRR XODO\1º ALTERAÇÃO\DCOUMENTOS__ARTEMIO.pdf | motivo=PDF sem texto extraível; pode ser escaneado
08/09/2026 10:56:39 | WARNING | PDF não indexado | arquivo=F:\Documentos\Rafael\TRR XODO\1º ALTERAÇÃO\DOCUMENTOS__FLAVIO.pdf | motivo=PDF sem texto extraível; pode ser escaneado
08/09/2026 10:56:41 | WARNING | PDF não indexado | arquivo=F:\Documentos\Rafael\TRR XODO\ALVARÁ PARA CONSTRUÇÃO.pdf | motivo=PDF sem texto extraível; pode ser escaneado
08/09/2026 10:56:42 | WARNING | PDF não indexado | arquivo=F:\Documentos\Rafael\TRR XODO\ANP\CONTRATO SOCIAL - CONSTITUIÇÃO.pdf | motivo=PDF sem texto extraível; pode ser escaneado
08/09/2026 10:56:42 | WARNING | PDF não indexado | arquivo=F:\Documentos\Rafael\TRR XODO\ANP\HABILITAÇÃO\4 - CONTRATO SOCIAL - CONSTITUIÇÃO.pdf | motivo=PDF sem texto extraível; pode ser escaneado
08/09/2026 10:56:42 | INFO | Indexação em andamento | 26500 de 27963 PDFs
08/09/2026 10:56:43 | WARNING | PDF não indexado | arquivo=F:\Documentos\Rafael\TRR XODO\ANP\HABILITAÇÃO\ALVARÁ PARA CONSTRUÇÃO.pdf | motivo=PDF sem texto extraível; pode ser escaneado
08/09/2026 10:56:43 | WARNING | PDF não indexado | arquivo=F:\Documentos\Rafael\TRR XODO\ANP\HABILITAÇÃO\LICENÇA DE INSTALAÇÃO TRR XODÓ.pdf | motivo=PDF sem texto extraível; pode ser escaneado
08/09/2026 10:56:43 | WARNING | PDF não indexado | arquivo=F:\Documentos\Rafael\TRR XODO\ANP\HABILITAÇÃO\LICENÇA PRÉVIA TRR XODÓ.pdf | motivo=PDF sem texto extraível; pode ser escaneado
08/09/2026 10:56:43 | WARNING | PDF não indexado | arquivo=F:\Documentos\Rafael\TRR XODO\ANP\HABILITAÇÃO\XIV - CERTIFICADO BOMBEIROS TRR XODÓ.pdf | motivo=PDF sem texto extraível; pode ser escaneado
08/09/2026 10:56:48 | WARNING | PDF não indexado | arquivo=F:\Documentos\Rafael\TRR XODO\ANP\Sec. Industria\2. PARECER TÉCNICO TRR XODÓ.pdf | motivo=PDF sem texto extraível; pode ser escaneado
08/09/2026 10:56:49 | WARNING | PDF não indexado | arquivo=F:\Documentos\Rafael\TRR XODO\ANP\Sec. Industria\3. LICENÇA PRÉVIA TRR XODÓ.pdf | motivo=PDF sem texto extraível; pode ser escaneado
08/09/2026 10:56:49 | WARNING | PDF não indexado | arquivo=F:\Documentos\Rafael\TRR XODO\ANP\Sec. Industria\4. LICENÇA DE INSTALAÇÃO TRR XODÓ.pdf | motivo=PDF sem texto extraível; pode ser escaneado
08/09/2026 10:56:49 | WARNING | PDF não indexado | arquivo=F:\Documentos\Rafael\TRR XODO\ANP\Sec. Industria\5. CERTIFICADO BOMBEIROS TRR XODÓ.pdf | motivo=PDF sem texto extraível; pode ser escaneado
08/09/2026 10:56:49 | WARNING | PDF não indexado | arquivo=F:\Documentos\Rafael\TRR XODO\ANP\Sec. Industria\6. CERTIDAO INTEIRO TEOR.pdf | motivo=PDF sem texto extraível; pode ser escaneado
08/09/2026 10:56:49 | WARNING | PDF não indexado | arquivo=F:\Documentos\Rafael\TRR XODO\CERTIFICADO ARQUEAÇÃO - DOC. TANQUES TRR\ARQUEACAO 01.pdf | motivo=PDF sem texto extraível; pode ser escaneado
08/09/2026 10:56:50 | WARNING | PDF não indexado | arquivo=F:\Documentos\Rafael\TRR XODO\CERTIFICADO ARQUEAÇÃO - DOC. TANQUES TRR\ARQUEACAO 02.pdf | motivo=PDF sem texto extraível; pode ser escaneado
08/09/2026 10:56:50 | WARNING | PDF não indexado | arquivo=F:\Documentos\Rafael\TRR XODO\CERTIFICADO ARQUEAÇÃO - DOC. TANQUES TRR\ARQUEACAO 03.pdf | motivo=PDF sem texto extraível; pode ser escaneado
08/09/2026 10:56:50 | WARNING | PDF não indexado | arquivo=F:\Documentos\Rafael\TRR XODO\CERTIFICADO ARQUEAÇÃO - DOC. TANQUES TRR\ART FABRICAÇÃO TANQUE.pdf | motivo=PDF sem texto extraível; pode ser escaneado
08/09/2026 10:56:50 | WARNING | PDF não indexado | arquivo=F:\Documentos\Rafael\TRR XODO\CERTIFICADO ARQUEAÇÃO - DOC. TANQUES TRR\AUTORIZAÇÃO PARA O USO DO SELO DE IDENTIFICAÇÃO DA CONFORMIDADE.pdf | motivo=PDF sem texto extraível; pode ser escaneado
08/09/2026 10:56:51 | WARNING | PDF não indexado | arquivo=F:\Documentos\Rafael\TRR XODO\CERTIFICADO ARQUEAÇÃO - DOC. TANQUES TRR\CERTIFICADO DE GARANTIA.pdf | motivo=PDF sem texto extraível; pode ser escaneado
08/09/2026 10:56:51 | WARNING | PDF não indexado | arquivo=F:\Documentos\Rafael\TRR XODO\CERTIFICADO ARQUEAÇÃO - DOC. TANQUES TRR\FICHA DE ACOMPANHAMENTO TANQUE NF 13568.pdf | motivo=PDF sem texto extraível; pode ser escaneado
08/09/2026 10:56:51 | WARNING | PDF não indexado | arquivo=F:\Documentos\Rafael\TRR XODO\CERTIFICADO ARQUEAÇÃO - DOC. TANQUES TRR\LAUDO DE ENSAIO NÃO DESTRUTIVO DO TANQUE.pdf | motivo=PDF sem texto extraível; pode ser escaneado
08/09/2026 10:56:51 | WARNING | PDF não indexado | arquivo=F:\Documentos\Rafael\TRR XODO\CERTIFICADO ARQUEAÇÃO - DOC. TANQUES TRR\NF 13216.pdf | motivo=PDF sem texto extraível; pode ser escaneado
08/09/2026 10:56:51 | WARNING | PDF não indexado | arquivo=F:\Documentos\Rafael\TRR XODO\CERTIFICADO ARQUEAÇÃO - DOC. TANQUES TRR\NF 13568.pdf | motivo=PDF sem texto extraível; pode ser escaneado
08/09/2026 10:56:51 | WARNING | PDF não indexado | arquivo=F:\Documentos\Rafael\TRR XODO\CERTIFICADO ARQUEAÇÃO - DOC. TANQUES TRR\TABELA DE ARQUEAMENTO.pdf | motivo=PDF sem texto extraível; pode ser escaneado
08/09/2026 10:56:51 | WARNING | PDF não indexado | arquivo=F:\Documentos\Rafael\TRR XODO\CERTIFICADO ARQUEAÇÃO - DOC. TANQUES TRR\TERMO DE GARANTIA.pdf | motivo=PDF sem texto extraível; pode ser escaneado
08/09/2026 10:56:52 | WARNING | PDF não indexado | arquivo=F:\Documentos\Rafael\TRR XODO\CERTIFICADO TRR - ANP\CONTRATO SOCIAL - CONSTITUIÇÃO.pdf | motivo=PDF sem texto extraível; pode ser escaneado
08/09/2026 10:56:53 | WARNING | PDF não indexado | arquivo=F:\Documentos\Rafael\TRR XODO\CERTIFICADO TRR - ANP\HABILITAÇÃO\4 - CONTRATO SOCIAL - CONSTITUIÇÃO.pdf | motivo=PDF sem texto extraível; pode ser escaneado
08/09/2026 10:56:53 | WARNING | PDF não indexado | arquivo=F:\Documentos\Rafael\TRR XODO\CERTIFICADO TRR - ANP\HABILITAÇÃO\ALVARÁ PARA CONSTRUÇÃO.pdf | motivo=PDF sem texto extraível; pode ser escaneado
08/09/2026 10:56:54 | WARNING | PDF não indexado | arquivo=F:\Documentos\Rafael\TRR XODO\CERTIFICADO TRR - ANP\HABILITAÇÃO\LICENÇA DE INSTALAÇÃO TRR XODÓ.pdf | motivo=PDF sem texto extraível; pode ser escaneado
08/09/2026 10:56:54 | WARNING | PDF não indexado | arquivo=F:\Documentos\Rafael\TRR XODO\CERTIFICADO TRR - ANP\HABILITAÇÃO\LICENÇA PRÉVIA TRR XODÓ.pdf | motivo=PDF sem texto extraível; pode ser escaneado
08/09/2026 10:56:54 | WARNING | PDF não indexado | arquivo=F:\Documentos\Rafael\TRR XODO\CERTIFICADO TRR - ANP\HABILITAÇÃO\XIV - CERTIFICADO BOMBEIROS TRR XODÓ.pdf | motivo=PDF sem texto extraível; pode ser escaneado
08/09/2026 10:57:02 | WARNING | PDF não indexado | arquivo=F:\Documentos\Rafael\TRR XODO\CERTIFICADO TRR - ANP\Sec. Industria\2. PARECER TÉCNICO TRR XODÓ.pdf | motivo=PDF sem texto extraível; pode ser escaneado
08/09/2026 10:57:02 | WARNING | PDF não indexado | arquivo=F:\Documentos\Rafael\TRR XODO\CERTIFICADO TRR - ANP\Sec. Industria\3. LICENÇA PRÉVIA TRR XODÓ.pdf | motivo=PDF sem texto extraível; pode ser escaneado
08/09/2026 10:57:03 | WARNING | PDF não indexado | arquivo=F:\Documentos\Rafael\TRR XODO\CERTIFICADO TRR - ANP\Sec. Industria\4. LICENÇA DE INSTALAÇÃO TRR XODÓ.pdf | motivo=PDF sem texto extraível; pode ser escaneado
08/09/2026 10:57:03 | WARNING | PDF não indexado | arquivo=F:\Documentos\Rafael\TRR XODO\CERTIFICADO TRR - ANP\Sec. Industria\5. CERTIFICADO BOMBEIROS TRR XODÓ.pdf | motivo=PDF sem texto extraível; pode ser escaneado
08/09/2026 10:57:03 | WARNING | PDF não indexado | arquivo=F:\Documentos\Rafael\TRR XODO\CERTIFICADO TRR - ANP\Sec. Industria\6. CERTIDAO INTEIRO TEOR.pdf | motivo=PDF sem texto extraível; pode ser escaneado
08/09/2026 10:57:06 | WARNING | PDF não indexado | arquivo=F:\Documentos\Rafael\TRR XODO\CONTRATO SOCIAL - CONSTITUIÇÃO.pdf | motivo=PDF sem texto extraível; pode ser escaneado
08/09/2026 10:57:07 | WARNING | PDF não indexado | arquivo=F:\Documentos\Rafael\TRR XODO\DECLARAÇÃO - ARTEMIO - RECIBO.pdf | motivo=PDF sem texto extraível; pode ser escaneado
08/09/2026 10:57:10 | WARNING | PDF não indexado | arquivo=F:\Documentos\Rafael\TRR XODO\DECLARAÇÃO - ARTEMIO.pdf | motivo=PDF sem texto extraível; pode ser escaneado
08/09/2026 10:57:11 | WARNING | PDF não indexado | arquivo=F:\Documentos\Rafael\TRR XODO\DECLARAÇÃO - FLÁVIO - RECIBO.pdf | motivo=PDF sem texto extraível; pode ser escaneado
08/09/2026 10:57:14 | WARNING | PDF não indexado | arquivo=F:\Documentos\Rafael\TRR XODO\DECLARAÇÃO - FLÁVIO.pdf | motivo=PDF sem texto extraível; pode ser escaneado
08/09/2026 10:57:14 | WARNING | PDF não indexado | arquivo=F:\Documentos\Rafael\TRR XODO\DOCUMENTOS ARTEMIO.pdf | motivo=PDF sem texto extraível; pode ser escaneado
08/09/2026 10:57:14 | WARNING | PDF não indexado | arquivo=F:\Documentos\Rafael\TRR XODO\DOCUMENTOS BABINTON.pdf | motivo=PDF sem texto extraível; pode ser escaneado
08/09/2026 10:57:14 | WARNING | PDF não indexado | arquivo=F:\Documentos\Rafael\TRR XODO\DOCUMENTOS FLÁVIO.pdf | motivo=PDF sem texto extraível; pode ser escaneado
08/09/2026 10:57:14 | WARNING | PDF não indexado | arquivo=F:\Documentos\Rafael\TRR XODO\DOCUMENTOS JAIR.pdf | motivo=PDF sem texto extraível; pode ser escaneado
08/09/2026 10:57:14 | WARNING | PDF não indexado | arquivo=F:\Documentos\Rafael\TRR XODO\FOTOS.pdf | motivo=PDF sem texto extraível; pode ser escaneado
08/09/2026 10:57:14 | WARNING | PDF não indexado | arquivo=F:\Documentos\Rafael\TRR XODO\HABITE-SE.pdf | motivo=PDF sem texto extraível; pode ser escaneado
08/09/2026 10:57:18 | INFO | Indexação em andamento | 26600 de 27963 PDFs
08/09/2026 10:57:18 | WARNING | PDF não indexado | arquivo=F:\Documentos\Rafael\TRR XODO\INSCRIÇÃO ESTADUAL\REATIVAÇÃO\Doc 3 - FAC ASSINADA.pdf | motivo=PDF sem texto extraível; pode ser escaneado
08/09/2026 10:57:18 | WARNING | PDF não indexado | arquivo=F:\Documentos\Rafael\TRR XODO\INSCRIÇÃO ESTADUAL\REATIVAÇÃO\Doc 4 - LICENÇA DE INSTALAÇÃO TRR XODÓ.pdf | motivo=PDF sem texto extraível; pode ser escaneado
08/09/2026 10:57:20 | WARNING | PDF não indexado | arquivo=F:\Documentos\Rafael\TRR XODO\INSCRIÇÃO ESTADUAL\REATIVAÇÃO\Doc 6 - PROJETO BOMBEIROS 4.pdf | motivo=PDF sem texto extraível; pode ser escaneado
08/09/2026 10:57:22 | WARNING | PDF não indexado | arquivo=F:\Documentos\Rafael\TRR XODO\INSCRIÇÃO ESTADUAL\REATIVAÇÃO  -  25-04-2024\XIII - LICENÇA DE OPERAÇÃO.pdf | motivo=PDF sem texto extraível; pode ser escaneado
08/09/2026 10:57:22 | WARNING | PDF não indexado | arquivo=F:\Documentos\Rafael\TRR XODO\INSCRIÇÃO ESTADUAL\REATIVAÇÃO  -  25-04-2024\XIV - ALVARA BOMBEIROS.pdf | motivo=PDF sem texto extraível; pode ser escaneado
08/09/2026 10:57:22 | WARNING | PDF não indexado | arquivo=F:\Documentos\Rafael\TRR XODO\INSCRIÇÃO ESTADUAL\REATIVAÇÃO  -  25-04-2024\XIV - CERTIFICADO BOMBEIROS TRR XODÓ.pdf | motivo=PDF sem texto extraível; pode ser escaneado
08/09/2026 10:57:22 | WARNING | PDF não indexado | arquivo=F:\Documentos\Rafael\TRR XODO\INSCRIÇÃO ESTADUAL\REATIVAÇÃO  -  25-04-2024\XV a - MATRICULAS - TERMO DE DOAÇÃO.pdf | motivo=PDF sem texto extraível; pode ser escaneado
08/09/2026 10:57:23 | WARNING | PDF não indexado | arquivo=F:\Documentos\Rafael\TRR XODO\INSCRIÇÃO ESTADUAL\REATIVAÇÃO  -  25-04-2024\XVIII - CV QCY5117.pdf | motivo=PDF sem texto extraível; pode ser escaneado
08/09/2026 10:57:23 | WARNING | PDF não indexado | arquivo=F:\Documentos\Rafael\TRR XODO\INSCRIÇÃO ESTADUAL\REATIVAÇÃO  -  25-04-2024\XX - ALVARA PARA CONSTRUÇÃO.pdf | motivo=PDF sem texto extraível; pode ser escaneado
08/09/2026 10:57:23 | WARNING | PDF não indexado | arquivo=F:\Documentos\Rafael\TRR XODO\INSCRIÇÃO ESTADUAL\REATIVAÇÃO  -  25-04-2024\XX - COPIA PROJETO.pdf | motivo=PDF sem texto extraível; pode ser escaneado
08/09/2026 10:57:24 | WARNING | PDF não indexado | arquivo=F:\Documentos\Rafael\TRR XODO\INSCRIÇÃO ESTADUAL\SOLICITAÇÃO\II - FAC.pdf | motivo=PDF sem texto extraível; pode ser escaneado
08/09/2026 10:57:24 | WARNING | PDF não indexado | arquivo=F:\Documentos\Rafael\TRR XODO\INSCRIÇÃO ESTADUAL\SOLICITAÇÃO\IV - DOCUMENTOS ARTEMIO.pdf | motivo=PDF sem texto extraível; pode ser escaneado
08/09/2026 10:57:24 | WARNING | PDF não indexado | arquivo=F:\Documentos\Rafael\TRR XODO\INSCRIÇÃO ESTADUAL\SOLICITAÇÃO\IV - DOCUMENTOS FLÁVIO.pdf | motivo=PDF sem texto extraível; pode ser escaneado
08/09/2026 10:57:24 | WARNING | PDF não indexado | arquivo=F:\Documentos\Rafael\TRR XODO\INSCRIÇÃO ESTADUAL\SOLICITAÇÃO\IV - DOCUMENTOS JAIR.pdf | motivo=PDF sem texto extraível; pode ser escaneado
08/09/2026 10:57:25 | WARNING | PDF não indexado | arquivo=F:\Documentos\Rafael\TRR XODO\INSCRIÇÃO ESTADUAL\SOLICITAÇÃO\VI - CONTRATO SOCIAL - CONSTITUIÇÃO.pdf | motivo=PDF sem texto extraível; pode ser escaneado
08/09/2026 10:57:25 | WARNING | PDF não indexado | arquivo=F:\Documentos\Rafael\TRR XODO\INSCRIÇÃO ESTADUAL\SOLICITAÇÃO\XII - LICENÇA DE INSTALAÇÃO TRR XODÓ.pdf | motivo=PDF sem texto extraível; pode ser escaneado
08/09/2026 10:57:25 | WARNING | PDF não indexado | arquivo=F:\Documentos\Rafael\TRR XODO\INSCRIÇÃO ESTADUAL\SOLICITAÇÃO\XII - LICENÇA PRÉVIA TRR XODÓ.pdf | motivo=PDF sem texto extraível; pode ser escaneado
08/09/2026 10:57:25 | WARNING | PDF não indexado | arquivo=F:\Documentos\Rafael\TRR XODO\INSCRIÇÃO ESTADUAL\SOLICITAÇÃO\XIV - CERTIFICADO BOMBEIROS TRR XODÓ.pdf | motivo=PDF sem texto extraível; pode ser escaneado
08/09/2026 10:57:26 | WARNING | PDF não indexado | arquivo=F:\Documentos\Rafael\TRR XODO\INSCRIÇÃO ESTADUAL\SOLICITAÇÃO\XIX - CND IPEM INMETRO.pdf | motivo=PDF sem texto extraível; pode ser escaneado
08/09/2026 10:57:26 | WARNING | PDF não indexado | arquivo=F:\Documentos\Rafael\TRR XODO\INSCRIÇÃO ESTADUAL\SOLICITAÇÃO\XVII - CONTRATO ARRENDAMENTO CAMINHÕES.pdf | motivo=PDF sem texto extraível; pode ser escaneado
08/09/2026 10:57:26 | WARNING | PDF não indexado | arquivo=F:\Documentos\Rafael\TRR XODO\INSCRIÇÃO ESTADUAL\SOLICITAÇÃO\XVII - CRLV nph-6174.pdf | motivo=PDF sem texto extraível; pode ser escaneado
08/09/2026 10:57:26 | WARNING | PDF não indexado | arquivo=F:\Documentos\Rafael\TRR XODO\INSCRIÇÃO ESTADUAL\SOLICITAÇÃO\XVII - CRLV obb-7243.pdf | motivo=PDF sem texto extraível; pode ser escaneado
08/09/2026 10:57:26 | WARNING | PDF não indexado | arquivo=F:\Documentos\Rafael\TRR XODO\INSCRIÇÃO ESTADUAL\SOLICITAÇÃO\XVII - CRLV obb-7283.pdf | motivo=PDF sem texto extraível; pode ser escaneado
08/09/2026 10:57:27 | WARNING | PDF não indexado | arquivo=F:\Documentos\Rafael\TRR XODO\INSCRIÇÃO ESTADUAL\SOLICITAÇÃO\XVII - CRLV obm-5842.pdf | motivo=PDF sem texto extraível; pode ser escaneado
08/09/2026 10:57:27 | WARNING | PDF não indexado | arquivo=F:\Documentos\Rafael\TRR XODO\INSCRIÇÃO ESTADUAL\SOLICITAÇÃO\XVII - CRLV QCI7F65.pdf | motivo=PDF sem texto extraível; pode ser escaneado
08/09/2026 10:57:27 | WARNING | PDF não indexado | arquivo=F:\Documentos\Rafael\TRR XODO\INSCRIÇÃO ESTADUAL\SOLICITAÇÃO\XVII - CRLV rak-1710.pdf | motivo=PDF sem texto extraível; pode ser escaneado
08/09/2026 10:57:27 | WARNING | PDF não indexado | arquivo=F:\Documentos\Rafael\TRR XODO\INSCRIÇÃO ESTADUAL\SOLICITAÇÃO\XVII - CRLV rak-1730.pdf | motivo=PDF sem texto extraível; pode ser escaneado
08/09/2026 10:57:27 | WARNING | PDF não indexado | arquivo=F:\Documentos\Rafael\TRR XODO\INSCRIÇÃO ESTADUAL\SOLICITAÇÃO\XVIII - CERTIFICADO VERIFICAÇÃO INMETRO nph-6174.pdf | motivo=PDF sem texto extraível; pode ser escaneado
08/09/2026 10:57:28 | WARNING | PDF não indexado | arquivo=F:\Documentos\Rafael\TRR XODO\INSCRIÇÃO ESTADUAL\SOLICITAÇÃO\XVIII - CERTIFICADO VERIFICAÇÃO INMETRO obb-7243.pdf | motivo=PDF sem texto extraível; pode ser escaneado
08/09/2026 10:57:28 | WARNING | PDF não indexado | arquivo=F:\Documentos\Rafael\TRR XODO\INSCRIÇÃO ESTADUAL\SOLICITAÇÃO\XVIII - CERTIFICADO VERIFICAÇÃO INMETRO obb-7283.pdf | motivo=PDF sem texto extraível; pode ser escaneado
08/09/2026 10:57:28 | WARNING | PDF não indexado | arquivo=F:\Documentos\Rafael\TRR XODO\INSCRIÇÃO ESTADUAL\SOLICITAÇÃO\XVIII - CERTIFICADO VERIFICAÇÃO INMETRO obm-5842.pdf | motivo=PDF sem texto extraível; pode ser escaneado
08/09/2026 10:57:29 | WARNING | PDF não indexado | arquivo=F:\Documentos\Rafael\TRR XODO\INSCRIÇÃO ESTADUAL\SOLICITAÇÃO\XVIII - CERTIFICADO VERIFICAÇÃO INMETRO qci7f65.pdf | motivo=PDF sem texto extraível; pode ser escaneado
08/09/2026 10:57:29 | WARNING | PDF não indexado | arquivo=F:\Documentos\Rafael\TRR XODO\INSCRIÇÃO ESTADUAL\SOLICITAÇÃO\XVIII - CERTIFICADO VERIFICAÇÃO INMETRO rak-1710.pdf | motivo=PDF sem texto extraível; pode ser escaneado
08/09/2026 10:57:29 | WARNING | PDF não indexado | arquivo=F:\Documentos\Rafael\TRR XODO\INSCRIÇÃO ESTADUAL\SOLICITAÇÃO\XVIII - CERTIFICADO VERIFICAÇÃO INMETRO rak-1730.pdf | motivo=PDF sem texto extraível; pode ser escaneado
08/09/2026 10:57:29 | WARNING | PDF não indexado | arquivo=F:\Documentos\Rafael\TRR XODO\INSCRIÇÃO ESTADUAL\SOLICITAÇÃO\XX - ALVARÁ PARA CONSTRUÇÃO.pdf | motivo=PDF sem texto extraível; pode ser escaneado
08/09/2026 10:57:29 | WARNING | PDF não indexado | arquivo=F:\Documentos\Rafael\TRR XODO\INSCRIÇÃO ESTADUAL\SOLICITAÇÃO\XX - COPIA PROJETO.pdf | motivo=PDF sem texto extraível; pode ser escaneado
08/09/2026 10:57:30 | WARNING | PDF não indexado | arquivo=F:\Documentos\Rafael\TRR XODO\INSCRIÇÃO ESTADUAL\SOLICITAÇÃO\XXIII - CN PROTESTO.pdf | motivo=PDF sem texto extraível; pode ser escaneado
08/09/2026 10:57:31 | INFO | Indexação em andamento | 26700 de 27963 PDFs
08/09/2026 10:57:31 | WARNING | PDF não indexado | arquivo=F:\Documentos\Rafael\TRR XODO\LO.pdf | motivo=PDF sem texto extraível; pode ser escaneado
08/09/2026 10:57:32 | WARNING | PDF não indexado | arquivo=F:\Documentos\Rafael\TRR XODO\MATRICULAS - TERMO DE DOAÇÃO.pdf | motivo=PDF sem texto extraível; pode ser escaneado
08/09/2026 10:57:32 | WARNING | PDF não indexado | arquivo=F:\Documentos\Rafael\TRR XODO\MATRÍCULA - ESCRITURA DO IMÓVEL.pdf | motivo=PDF sem texto extraível; pode ser escaneado
08/09/2026 10:57:33 | WARNING | PDF não indexado | arquivo=F:\Documentos\Rafael\TRR XODO\REQUERIMENTO.pdf | motivo=PDF sem texto extraível; pode ser escaneado
08/09/2026 10:57:33 | WARNING | PDF não indexado | arquivo=F:\Documentos\Rafael\TRR XODO\TAC - 2023.pdf | motivo=PDF sem texto extraível; pode ser escaneado
08/09/2026 10:57:33 | WARNING | PDF não indexado | arquivo=F:\Documentos\Rafael\TRR XODO\TAC - 2025.pdf | motivo=PDF sem texto extraível; pode ser escaneado
08/09/2026 10:57:33 | WARNING | PDF não indexado | arquivo=F:\Documentos\Rafael\TRR XODO\TERMO ANUENCIA - SEC. DE DESENVOLVIMENTO.pdf | motivo=PDF sem texto extraível; pode ser escaneado
08/09/2026 10:57:34 | WARNING | PDF não indexado | arquivo=F:\Documentos\Rafael\TURRA VIAGENS E TURISMO LTDA\CONTRATO LOCAÇÃO.pdf | motivo=PDF sem texto extraível; pode ser escaneado
08/09/2026 10:57:34 | WARNING | PDF não indexado | arquivo=F:\Documentos\Rafael\TURRA VIAGENS E TURISMO LTDA\CONTRATO SOCIAL - 1º ALT.pdf | motivo=PDF sem texto extraível; pode ser escaneado
08/09/2026 10:57:34 | WARNING | PDF não indexado | arquivo=F:\Documentos\Rafael\TURRA VIAGENS E TURISMO LTDA\CONTRATO SOCIAL - 2º ALT.pdf | motivo=PDF sem texto extraível; pode ser escaneado
08/09/2026 10:57:34 | WARNING | PDF não indexado | arquivo=F:\Documentos\Rafael\TURRA VIAGENS E TURISMO LTDA\CONTRATO SOCIAL - 3º ALT.pdf | motivo=PDF sem texto extraível; pode ser escaneado
08/09/2026 10:57:34 | WARNING | PDF não indexado | arquivo=F:\Documentos\Rafael\TURRA VIAGENS E TURISMO LTDA\CONTRATO SOCIAL - CONSTITUIÇÃO.pdf | motivo=PDF sem texto extraível; pode ser escaneado
08/09/2026 10:57:34 | WARNING | PDF não indexado | arquivo=F:\Documentos\Rafael\TURRA VIAGENS E TURISMO LTDA\CÓDIGO SIMPLES NACIONAL.pdf | motivo=PDF sem texto extraível; pode ser escaneado
08/09/2026 10:57:35 | WARNING | PDF não indexado | arquivo=F:\Documentos\Rafael\TURRA VIAGENS E TURISMO LTDA\DOCUMENTOS SÓCIOS - MICHELE.pdf | motivo=PDF sem texto extraível; pode ser escaneado
08/09/2026 10:57:36 | WARNING | PDF não indexado | arquivo=F:\Documentos\Rafael\TV CIDADE VERDE - BAND\ALVARA 2018.pdf | motivo=PDF sem texto extraível; pode ser escaneado
08/09/2026 10:57:36 | WARNING | PDF não indexado | arquivo=F:\Documentos\Rafael\TV CIDADE VERDE - BAND\ALVARÁ BOMBEIROS.pdf | motivo=PDF sem texto extraível; pode ser escaneado
08/09/2026 10:57:36 | WARNING | PDF não indexado | arquivo=F:\Documentos\Rafael\TV CIDADE VERDE - BAND\CONTRATO SOCIAL - 1º ALT.pdf | motivo=PDF sem texto extraível; pode ser escaneado
08/09/2026 10:57:37 | WARNING | PDF não indexado | arquivo=F:\Documentos\Rafael\TV CIDADE VERDE - BAND\CONTRATO SOCIAL - CONSTITUIÇÃO.pdf | motivo=PDF sem texto extraível; pode ser escaneado
08/09/2026 10:57:37 | WARNING | PDF não indexado | arquivo=F:\Documentos\Rafael\TV CIDADE VERDE - BAND\DOCUMENTO BRUNO.pdf | motivo=PDF sem texto extraível; pode ser escaneado
08/09/2026 10:57:37 | WARNING | PDF não indexado | arquivo=F:\Documentos\Rafael\TV CIDADE VERDE - BAND\DOCUMENTO KAROLINE.pdf | motivo=PDF sem texto extraível; pode ser escaneado
08/09/2026 10:57:37 | WARNING | PDF não indexado | arquivo=F:\Documentos\Rafael\TV CIDADE VERDE - BAND\HABITE-SE.pdf | motivo=PDF sem texto extraível; pode ser escaneado
08/09/2026 10:57:41 | INFO | Indexação em andamento | 26800 de 27963 PDFs
08/09/2026 10:57:42 | WARNING | PDF não indexado | arquivo=F:\Documentos\Rafael\USINA AYSU\ALVARÁ DE BOMBEIROS ATE 2025.pdf | motivo=PDF sem texto extraível; pode ser escaneado
08/09/2026 10:57:42 | WARNING | PDF não indexado | arquivo=F:\Documentos\Rafael\USINA AYSU\CONTRATO DE LOCAÇÃO.pdf | motivo=PDF sem texto extraível; pode ser escaneado
08/09/2026 10:57:45 | WARNING | PDF não indexado | arquivo=F:\Documentos\Rafael\USINA AYSU\CONTRATOS MUTUO\CONTRATO DE MUTUO - Poranga x Dest. - ABRIL 2021.pdf | motivo=PDF sem texto extraível; pode ser escaneado
08/09/2026 10:57:45 | WARNING | PDF não indexado | arquivo=F:\Documentos\Rafael\USINA AYSU\CONTRATOS MUTUO\CONTRATO DE MUTUO - Poranga x Dest. - DEZEMBRO 2020.pdf | motivo=PDF sem texto extraível; pode ser escaneado
08/09/2026 10:57:45 | WARNING | PDF não indexado | arquivo=F:\Documentos\Rafael\USINA AYSU\CONTRATOS MUTUO\CONTRATO DE MUTUO - Poranga x Dest. - FEVEREIRO 2021.pdf | motivo=PDF sem texto extraível; pode ser escaneado
08/09/2026 10:57:46 | WARNING | PDF não indexado | arquivo=F:\Documentos\Rafael\USINA AYSU\CONTRATOS MUTUO\CONTRATO DE MUTUO - Poranga x Dest. - JANEIRO 2021.pdf | motivo=PDF sem texto extraível; pode ser escaneado
08/09/2026 10:57:46 | WARNING | PDF não indexado | arquivo=F:\Documentos\Rafael\USINA AYSU\CONTRATOS MUTUO\CONTRATO DE MUTUO - Poranga x Dest. - MARÇO 2021.pdf | motivo=PDF sem texto extraível; pode ser escaneado
08/09/2026 10:57:46 | WARNING | PDF não indexado | arquivo=F:\Documentos\Rafael\USINA AYSU\CONTRATOS MUTUO\CONTRATO DE MUTUO - Poranga x Dest. - NOVEMBRO 2020.pdf | motivo=PDF sem texto extraível; pode ser escaneado
08/09/2026 10:57:46 | WARNING | PDF não indexado | arquivo=F:\Documentos\Rafael\USINA AYSU\CONTRATOS MUTUO\CONTRATO MUTUO - Elpídio x Destilaria - JANEIRO 2020.pdf | motivo=PDF sem texto extraível; pode ser escaneado
08/09/2026 10:57:47 | WARNING | PDF não indexado | arquivo=F:\Documentos\Rafael\USINA AYSU\DECLARAÇÃO DE RESPONSABILIDADE DE PROJETO DO BOMBEIRO.pdf | motivo=PDF sem texto extraível; pode ser escaneado
08/09/2026 10:57:47 | WARNING | PDF não indexado | arquivo=F:\Documentos\Rafael\USINA AYSU\DIFERIMENTO ICMS 2º OPERAÇÃO\5 - TERMO DE OPÇÃO - LIVRO.pdf | motivo=PDF sem texto extraível; pode ser escaneado
08/09/2026 10:57:47 | WARNING | PDF não indexado | arquivo=F:\Documentos\Rafael\USINA AYSU\DIFERIMENTO ICMS 2º OPERAÇÃO\6 - CAPA LIVRO.pdf | motivo=PDF sem texto extraível; pode ser escaneado
08/09/2026 10:57:47 | WARNING | PDF não indexado | arquivo=F:\Documentos\Rafael\USINA AYSU\DOCUMENTO ELPIDIO.pdf | motivo=PDF sem texto extraível; pode ser escaneado
08/09/2026 10:57:47 | WARNING | PDF não indexado | arquivo=F:\Documentos\Rafael\USINA AYSU\DOCUMENTO FABIANE.pdf | motivo=PDF sem texto extraível; pode ser escaneado
08/09/2026 10:57:47 | WARNING | PDF não indexado | arquivo=F:\Documentos\Rafael\USINA AYSU\FOTOS.pdf | motivo=PDF sem texto extraível; pode ser escaneado
08/09/2026 10:57:48 | WARNING | PDF não indexado | arquivo=F:\Documentos\Rafael\USINA AYSU\FUNRURAL - PROCESSO ECAC\LIMINAR VALDIR.pdf | motivo=PDF sem texto extraível; pode ser escaneado
08/09/2026 10:57:48 | WARNING | PDF não indexado | arquivo=F:\Documentos\Rafael\USINA AYSU\LO.pdf | motivo=PDF sem texto extraível; pode ser escaneado
08/09/2026 10:57:48 | WARNING | PDF não indexado | arquivo=F:\Documentos\Rafael\USINA AYSU\MATRÍCULA 40.953.pdf | motivo=PDF sem texto extraível; pode ser escaneado
08/09/2026 10:57:55 | WARNING | PDF não indexado | arquivo=F:\Documentos\Rafael\USINA AYSU\NOTIFICAÇÕES\NOTIFICAÇÕES - 2023\NOTIFICAÇÃO __ 148920.1827.68.2023 (eprocess 51130948-2023)\CONTA 21415 - CONTRATO MUTUO - Agrop. x Destilaria - Dez. 2020.pdf | motivo=PDF sem texto extraível; pode ser escaneado
08/09/2026 10:57:56 | WARNING | PDF não indexado | arquivo=F:\Documentos\Rafael\USINA AYSU\NOTIFICAÇÕES\NOTIFICAÇÕES - 2023\NOTIFICAÇÃO __ 148920.1827.68.2023 (eprocess 51130948-2023)\CONTA 21415 - CONTRATO MUTUO - Agrop. x Destilaria - Nov. 2020.pdf | motivo=PDF sem texto extraível; pode ser escaneado
08/09/2026 10:57:56 | WARNING | PDF não indexado | arquivo=F:\Documentos\Rafael\USINA AYSU\NOTIFICAÇÕES\NOTIFICAÇÕES - 2023\NOTIFICAÇÃO __ 148920.1827.68.2023 (eprocess 51130948-2023)\CONTA 21609 - BANCO DAYCOVAL - ADITIVO CÉDULA DE CRÉDITO.pdf | motivo=PDF sem texto extraível; pode ser escaneado
08/09/2026 10:57:56 | WARNING | PDF não indexado | arquivo=F:\Documentos\Rafael\USINA AYSU\NOTIFICAÇÕES\NOTIFICAÇÕES - 2023\NOTIFICAÇÃO __ 148920.1827.68.2023 (eprocess 51130948-2023)\CONTA 21609 - BANCO DAYCOVAL - CÉDULA DE CRÉDITO.pdf | motivo=PDF sem texto extraível; pode ser escaneado
08/09/2026 10:57:57 | WARNING | PDF não indexado | arquivo=F:\Documentos\Rafael\USINA AYSU\NOTIFICAÇÕES\NOTIFICAÇÕES - 2023\NOTIFICAÇÃO __ 148920.1827.68.2023 (eprocess 51130948-2023)\CONTA 21609 - LUCAS E3 - CONTRATO.pdf | motivo=PDF sem texto extraível; pode ser escaneado
08/09/2026 10:57:57 | WARNING | PDF não indexado | arquivo=F:\Documentos\Rafael\USINA AYSU\NOTIFICAÇÕES\NOTIFICAÇÕES - 2023\NOTIFICAÇÃO __ 148920.1827.68.2023 (eprocess 51130948-2023)\CONTA 21609 - LUCAS E3 - PGTO CONTRATO.pdf | motivo=PDF sem texto extraível; pode ser escaneado
08/09/2026 10:57:58 | WARNING | PDF não indexado | arquivo=F:\Documentos\Rafael\USINA AYSU\NOTIFICAÇÕES\NOTIFICAÇÕES - 2023\NOTIFICAÇÃO __ 148920.1827.68.2023 (eprocess 51130948-2023)\CONTA 22112 - BANCO SICOOB - CONTRATO REPACTUAÇÃO DE CREDITO.pdf | motivo=PDF sem texto extraível; pode ser escaneado
08/09/2026 10:57:59 | WARNING | PDF não indexado | arquivo=F:\Documentos\Rafael\USINA AYSU\NOTIFICAÇÕES\NOTIFICAÇÕES - 2023\NOTIFICAÇÃO __ 148920.1827.68.2023 (eprocess 51130948-2023)\CONTA 22122 - CONTRATO MUTUO - Destilaria X Elpídio.pdf | motivo=PDF sem texto extraível; pode ser escaneado
08/09/2026 10:58:00 | INFO | Indexação em andamento | 26900 de 27963 PDFs
08/09/2026 10:58:02 | WARNING | PDF não indexado | arquivo=F:\Documentos\Rafael\USINA AYSU\NOTIFICAÇÕES\NOTIFICAÇÕES - 2023\NOTIFICAÇÃO __ 148921.1827.68.2023 (eprocess 51130944-2023)\CONTA 2.2.01.03.0006 - CTR REPACTUAÇÃO DE CREDITO SICOOB.pdf | motivo=PDF sem texto extraível; pode ser escaneado
08/09/2026 10:58:04 | WARNING | PDF não indexado | arquivo=F:\Documentos\Rafael\USINA AYSU\NOTIFICAÇÕES\NOTIFICAÇÕES - 2023\NOTIFICAÇÃO __ 163657.1759.68.2023 (eprocess 51156330-2023)\Nova pasta\ISIMP 06 2020 ATE 08 2020.pdf | motivo=PDF sem texto extraível; pode ser escaneado
08/09/2026 10:58:05 | WARNING | PDF não indexado | arquivo=F:\Documentos\Rafael\USINA AYSU\NOTIFICAÇÕES\NOTIFICAÇÕES - 2023\NOTIFICAÇÃO __ 163657.1759.68.2023 (eprocess 51156330-2023)\Nova pasta\ISIMP 09 2020 ATE 12 2020.pdf | motivo=PDF sem texto extraível; pode ser escaneado
08/09/2026 10:58:05 | WARNING | PDF não indexado | arquivo=F:\Documentos\Rafael\USINA AYSU\NOTIFICAÇÕES\NOTIFICAÇÕES - 2023\NOTIFICAÇÃO __ 163657.1759.68.2023 (eprocess 51156330-2023)\Nova pasta\ISIMP 12 2019  ATE 05 2020.pdf | motivo=PDF sem texto extraível; pode ser escaneado
08/09/2026 10:58:07 | WARNING | PDF não indexado | arquivo=F:\Documentos\Rafael\USINA AYSU\NOTIFICAÇÕES\NOTIFICAÇÕES - 2023\NOTIFICAÇÃO __ 163657.1759.68.2023 (eprocess 51156330-2023)\Nova pasta\RELATÓRIOS ESTOQUE.pdf | motivo=PDF sem texto extraível; pode ser escaneado
08/09/2026 10:58:08 | WARNING | PDF não indexado | arquivo=F:\Documentos\Rafael\USINA AYSU\NOTIFICAÇÕES\NOTIFICAÇÕES - 2023\NOTIFICAÇÃO __ 198936.1827.68.2023 (eprocess 51130948-2023)\DOCUMENTOS\6 - pgto perfimax.pdf | motivo=PDF sem texto extraível; pode ser escaneado
08/09/2026 10:58:12 | WARNING | PDF não indexado | arquivo=F:\Documentos\Rafael\USINA AYSU\NOTIFICAÇÕES\NOTIFICAÇÕES - 2023\NOTIFICAÇÃO __ 198937.1827.68.2023 (eprocess 51130944-2023)\DOCUMENTOS\2 - pgto zambonini.pdf | motivo=PDF sem texto extraível; pode ser escaneado
08/09/2026 10:58:12 | WARNING | PDF não indexado | arquivo=F:\Documentos\Rafael\USINA AYSU\NOTIFICAÇÕES\NOTIFICAÇÕES - 2023\NOTIFICAÇÃO __ 198937.1827.68.2023 (eprocess 51130944-2023)\DOCUMENTOS\3 - pgto jati.pdf | motivo=PDF sem texto extraível; pode ser escaneado
08/09/2026 10:58:12 | WARNING | PDF não indexado | arquivo=F:\Documentos\Rafael\USINA AYSU\NOTIFICAÇÕES\NOTIFICAÇÕES - 2023\NOTIFICAÇÃO __ 198937.1827.68.2023 (eprocess 51130944-2023)\DOCUMENTOS\4 - Contrato L Picoli (1).pdf | motivo=PDF sem texto extraível; pode ser escaneado
08/09/2026 10:58:12 | WARNING | PDF não indexado | arquivo=F:\Documentos\Rafael\USINA AYSU\NOTIFICAÇÕES\NOTIFICAÇÕES - 2023\NOTIFICAÇÃO __ 198937.1827.68.2023 (eprocess 51130944-2023)\DOCUMENTOS\4 - Contrato L Picoli - autorização pgto.pdf | motivo=PDF sem texto extraível; pode ser escaneado
08/09/2026 10:58:12 | WARNING | PDF não indexado | arquivo=F:\Documentos\Rafael\USINA AYSU\NOTIFICAÇÕES\NOTIFICAÇÕES - 2023\NOTIFICAÇÃO __ 198937.1827.68.2023 (eprocess 51130944-2023)\DOCUMENTOS\5 - FCC INDUSTRIA E COMÉRCIO PGTO.pdf | motivo=PDF sem texto extraível; pode ser escaneado
08/09/2026 10:58:13 | WARNING | PDF não indexado | arquivo=F:\Documentos\Rafael\USINA AYSU\NOTIFICAÇÕES\NOTIFICAÇÕES - 2023\NOTIFICAÇÃO __ 198937.1827.68.2023 (eprocess 51130944-2023)\DOCUMENTOS\7 - NF QUEIROZ PGTO.pdf | motivo=PDF sem texto extraível; pode ser escaneado
08/09/2026 10:58:13 | WARNING | PDF não indexado | arquivo=F:\Documentos\Rafael\USINA AYSU\NOTIFICAÇÕES\NOTIFICAÇÕES - 2023\NOTIFICAÇÃO __ 198937.1827.68.2023 (eprocess 51130944-2023)\DOCUMENTOS\8 - NF IMPERMATECH - pgto.pdf | motivo=PDF sem texto extraível; pode ser escaneado
08/09/2026 10:58:15 | WARNING | PDF não indexado | arquivo=F:\Documentos\Rafael\USINA AYSU\NOTIFICAÇÕES\NOTIFICAÇÕES - 2023\NOTIFICAÇÃO __ 198937.1827.68.2023 (eprocess 51130944-2023)\DOCUMENTOS\9 - NF G.A.D GUANDALINI.pdf | motivo=PDF sem texto extraível; pode ser escaneado
08/09/2026 10:58:16 | WARNING | PDF não indexado | arquivo=F:\Documentos\Rafael\USINA AYSU\NOTIFICAÇÕES\NOTIFICAÇÕES - 2023\NOTIFICAÇÃO __ 198937.1827.68.2023 (eprocess 51130944-2023)\DOCUMENTOS\9 - PGTO G.A.D GUANDALINI.pdf | motivo=PDF sem texto extraível; pode ser escaneado
08/09/2026 10:58:17 | WARNING | PDF não indexado | arquivo=F:\Documentos\Rafael\USINA AYSU\NOTIFICAÇÕES\NOTIFICAÇÕES - 2023\NOTIFICAÇÃO __ 198937.1827.68.2023 (eprocess 51130944-2023)\DOCUMENTOS\G.A.D GUANDALINI - NF e PGTO.pdf | motivo=PDF sem texto extraível; pode ser escaneado
08/09/2026 10:58:20 | INFO | Indexação em andamento | 27000 de 27963 PDFs
08/09/2026 10:58:52 | WARNING | PDF não indexado | arquivo=F:\Documentos\Rafael\USINA AYSU\NOTIFICAÇÕES\NOTIFICAÇÕES - 2023\NOTIFICAÇÃO __ 60550.1827.68.2023 (eprocess 51130948-2023)\6 - CONTRATO MUTUO - Agrop. x Destilaria - Dez. 2020.pdf | motivo=PDF sem texto extraível; pode ser escaneado
08/09/2026 10:58:52 | WARNING | PDF não indexado | arquivo=F:\Documentos\Rafael\USINA AYSU\NOTIFICAÇÕES\NOTIFICAÇÕES - 2023\NOTIFICAÇÃO __ 60550.1827.68.2023 (eprocess 51130948-2023)\7 - CONTRATO MUTUO - Agrop. x Destilaria - Nov. 2020.pdf | motivo=PDF sem texto extraível; pode ser escaneado
08/09/2026 10:59:10 | WARNING | PDF não indexado | arquivo=F:\Documentos\Rafael\USINA AYSU\NOTIFICAÇÕES\NOTIFICAÇÕES - 2023\NOTIFICAÇÃO __ 60556.1827.68.2023 (Eprocess 51130944-2023)\1 - CONTRATO DE MUTUO - ABRIL 2021.pdf | motivo=PDF sem texto extraível; pode ser escaneado
08/09/2026 10:59:10 | WARNING | PDF não indexado | arquivo=F:\Documentos\Rafael\USINA AYSU\NOTIFICAÇÕES\NOTIFICAÇÕES - 2023\NOTIFICAÇÃO __ 60556.1827.68.2023 (Eprocess 51130944-2023)\2 - CONTRATO DE MUTUO - FEVEREIRO 2021.pdf | motivo=PDF sem texto extraível; pode ser escaneado
08/09/2026 10:59:10 | WARNING | PDF não indexado | arquivo=F:\Documentos\Rafael\USINA AYSU\NOTIFICAÇÕES\NOTIFICAÇÕES - 2023\NOTIFICAÇÃO __ 60556.1827.68.2023 (Eprocess 51130944-2023)\3 - CONTRATO DE MUTUO - JANEIRO 2021.pdf | motivo=PDF sem texto extraível; pode ser escaneado
08/09/2026 10:59:10 | WARNING | PDF não indexado | arquivo=F:\Documentos\Rafael\USINA AYSU\NOTIFICAÇÕES\NOTIFICAÇÕES - 2023\NOTIFICAÇÃO __ 60556.1827.68.2023 (Eprocess 51130944-2023)\4 - CONTRATO DE MUTUO - MARÇO 2021.pdf | motivo=PDF sem texto extraível; pode ser escaneado
08/09/2026 10:59:12 | WARNING | PDF não indexado | arquivo=F:\Documentos\Rafael\USINA AYSU\NOTIFICAÇÕES\NOTIFICAÇÕES - 2023\TERMO DE INICIO DE FISCALIZAÇÃO _ 115832-1759-68-2023 (eprocess 51140678-2023)\DOCUMENTOS PARA ENVIAR NO PROCESSO\DOCUMENTOS SEPARADOS POR ARQUIVO\ANO 2019 - DAR E COMPROVANTE DE PGTO.pdf | motivo=PDF sem texto extraível; pode ser escaneado
08/09/2026 10:59:13 | WARNING | PDF não indexado | arquivo=F:\Documentos\Rafael\USINA AYSU\NOTIFICAÇÕES\NOTIFICAÇÕES - 2023\TERMO DE INICIO DE FISCALIZAÇÃO _ 115832-1759-68-2023 (eprocess 51140678-2023)\DOCUMENTOS PARA ENVIAR NO PROCESSO\DOCUMENTOS SEPARADOS POR ARQUIVO\ANO 2022 - ANEXO 8 - COMPROVANTE DE PGTO.pdf | motivo=PDF sem texto extraível; pode ser escaneado
08/09/2026 10:59:13 | INFO | Indexação em andamento | 27100 de 27963 PDFs
08/09/2026 10:59:41 | WARNING | PDF não indexado | arquivo=F:\Documentos\Rafael\USINA AYSU\NOTIFICAÇÕES\NOTIFICAÇÕES - CFCS - Abril 2022\NOTIFICAÇÃO 79897\DOCUMENTOS PROTOCOLADOS\Item 1 - Contrato de Mutuo.pdf | motivo=PDF sem texto extraível; pode ser escaneado
08/09/2026 10:59:47 | INFO | Indexação em andamento | 27200 de 27963 PDFs
08/09/2026 10:59:50 | WARNING | PDF não indexado | arquivo=F:\Documentos\Rafael\USINA AYSU\PROTOCOLO_PROJETO_USINA_AYSU 2025.pdf | motivo=PDF sem texto extraível; pode ser escaneado
08/09/2026 11:00:10 | WARNING | PDF não indexado | arquivo=F:\Documentos\Rafael\USINA AYSU\SUDAM\ALVARA.pdf | motivo=PDF sem texto extraível; pode ser escaneado
08/09/2026 11:00:11 | WARNING | PDF não indexado | arquivo=F:\Documentos\Rafael\USINA AYSU\SUDAM\BALANÇOS.pdf | motivo=PDF sem texto extraível; pode ser escaneado
08/09/2026 11:00:11 | WARNING | PDF não indexado | arquivo=F:\Documentos\Rafael\USINA AYSU\SUDAM\DECLARAÇÃO.pdf | motivo=PDF sem texto extraível; pode ser escaneado
08/09/2026 11:00:11 | WARNING | PDF não indexado | arquivo=F:\Documentos\Rafael\USINA AYSU\SUDAM\FOLHA DE PAGAMENTO.pdf | motivo=PDF sem texto extraível; pode ser escaneado
08/09/2026 11:00:14 | WARNING | PDF não indexado | arquivo=F:\Documentos\Rafael\USINA AYSU\SUDAM\NF EQUIPAMENTOS_PARTE 1-3.pdf | motivo=PDF sem texto extraível; pode ser escaneado
08/09/2026 11:00:15 | WARNING | PDF não indexado | arquivo=F:\Documentos\Rafael\USINA AYSU\SUDAM\NF EQUIPAMENTOS_PARTE 2-3.pdf | motivo=PDF sem texto extraível; pode ser escaneado
08/09/2026 11:00:15 | WARNING | PDF não indexado | arquivo=F:\Documentos\Rafael\USINA AYSU\SUDAM\NF EQUIPAMENTOS_PARTE 3-3.pdf | motivo=PDF sem texto extraível; pode ser escaneado
08/09/2026 11:00:15 | WARNING | PDF não indexado | arquivo=F:\Documentos\Rafael\USINA AYSU\SUDAM\PROCURAÇÃO.pdf | motivo=PDF sem texto extraível; pode ser escaneado
08/09/2026 11:00:15 | WARNING | PDF não indexado | arquivo=F:\Documentos\Rafael\USINA AYSU\SUDAM\Protocolo LO Destilaria Buriti 2017.pdf | motivo=PDF sem texto extraível; pode ser escaneado
08/09/2026 11:00:15 | WARNING | PDF não indexado | arquivo=F:\Documentos\Rafael\USINA AYSU\SUDAM\RELÇÃO NOTAS DE SAIDA.pdf | motivo=PDF sem texto extraível; pode ser escaneado
08/09/2026 11:00:15 | WARNING | PDF não indexado | arquivo=F:\Documentos\Rafael\USINA AYSU\TAC 040-2019.pdf | motivo=PDF sem texto extraível; pode ser escaneado
08/09/2026 11:00:16 | WARNING | PDF não indexado | arquivo=F:\Documentos\Rafael\USINA AYSU\TAC 2023.pdf | motivo=PDF sem texto extraível; pode ser escaneado
08/09/2026 11:00:16 | WARNING | PDF não indexado | arquivo=F:\Documentos\Rafael\USINA AYSU\TAC 2024.pdf | motivo=PDF sem texto extraível; pode ser escaneado
08/09/2026 11:00:16 | WARNING | PDF não indexado | arquivo=F:\Documentos\Rafael\USINA AYSU\TAC 2025.pdf | motivo=PDF sem texto extraível; pode ser escaneado
08/09/2026 11:00:16 | WARNING | PDF não indexado | arquivo=F:\Documentos\Rafael\USINA AYSU\VIGILANCIA SANITARIA\01 - FORMULARIO DE SOLICITAÇÃO VIGILANCIA SANITARIA - ASSIANDO.pdf | motivo=PDF sem texto extraível; pode ser escaneado
08/09/2026 11:00:17 | WARNING | PDF não indexado | arquivo=F:\Documentos\Rafael\USINA AYSU\VIGILANCIA SANITARIA\02 - INFORMAÇÕES RELEVANTES AO SISTEMA ESTADUAL VIG. SANITARIA - ASSINADO.pdf | motivo=PDF sem texto extraível; pode ser escaneado
08/09/2026 11:00:17 | WARNING | PDF não indexado | arquivo=F:\Documentos\Rafael\USINA AYSU\VIGILANCIA SANITARIA\03 - TERMO_CIENCIA_RESPONSABILIDADE - ASSINADO.pdf | motivo=PDF sem texto extraível; pode ser escaneado
08/09/2026 11:00:18 | WARNING | PDF não indexado | arquivo=F:\Documentos\Rafael\USINA AYSU\VIGILANCIA SANITARIA\04 - CERTIFICADO MARCELO QUIMICO.pdf | motivo=PDF sem texto extraível; pode ser escaneado
08/09/2026 11:00:18 | WARNING | PDF não indexado | arquivo=F:\Documentos\Rafael\USINA AYSU\VIGILANCIA SANITARIA\05 - DOCUMENTO ELPIDIO.pdf | motivo=PDF sem texto extraível; pode ser escaneado
08/09/2026 11:00:18 | WARNING | PDF não indexado | arquivo=F:\Documentos\Rafael\USINA AYSU\VIGILANCIA SANITARIA\09 - COMPROVANTE DE PAGAMENTO.pdf | motivo=PDF sem texto extraível; pode ser escaneado
08/09/2026 11:00:18 | WARNING | PDF não indexado | arquivo=F:\Documentos\Rafael\USINA AYSU\VIGILANCIA SANITARIA\2024\COMPROVANTE DE PAGAMENTO ALVARÁ SANITÁRIO.pdf | motivo=PDF sem texto extraível; pode ser escaneado
08/09/2026 11:00:19 | WARNING | PDF não indexado | arquivo=F:\Documentos\Rafael\USINA AYSU\VIGILANCIA SANITARIA\CONTRATO_THAOANA_NUTRICIONISTA.pdf | motivo=PDF sem texto extraível; pode ser escaneado
08/09/2026 11:00:19 | WARNING | PDF não indexado | arquivo=F:\Documentos\Rafael\USINA AYSU\VIGILANCIA SANITARIA\DOCUMENTOS ALVARÁ DEFINITIVO\1 - DOCUMENTO ELPIDIO.pdf | motivo=PDF sem texto extraível; pode ser escaneado
08/09/2026 11:00:19 | WARNING | PDF não indexado | arquivo=F:\Documentos\Rafael\USINA AYSU\VIGILANCIA SANITARIA\DOCUMENTOS ALVARÁ DEFINITIVO\10 - CERTIFICADO MARCELO QUIMICO.pdf | motivo=PDF sem texto extraível; pode ser escaneado
08/09/2026 11:00:33 | WARNING | PDF não indexado | arquivo=F:\Documentos\Rafael\USINA AYSU\VIGILANCIA SANITARIA\DOCUMENTOS ALVARÁ DEFINITIVO\16 - LICENCA DE OPERAÇÃO.pdf | motivo=PDF sem texto extraível; pode ser escaneado
08/09/2026 11:00:33 | WARNING | PDF não indexado | arquivo=F:\Documentos\Rafael\USINA AYSU\VIGILANCIA SANITARIA\DOCUMENTOS ALVARÁ DEFINITIVO\2 - INFORMAÇÕES RELEVANTES AO SISTEMA ESTADUAL VIG. SANITARIA - ASSINADO.pdf | motivo=PDF sem texto extraível; pode ser escaneado
08/09/2026 11:00:33 | WARNING | PDF não indexado | arquivo=F:\Documentos\Rafael\USINA AYSU\VIGILANCIA SANITARIA\DOCUMENTOS ALVARÁ DEFINITIVO\2 - LAUDO MANUTENÇÃO TROCA REFIL BEBEDOURO.pdf | motivo=PDF sem texto extraível; pode ser escaneado
08/09/2026 11:00:34 | WARNING | PDF não indexado | arquivo=F:\Documentos\Rafael\USINA AYSU\VIGILANCIA SANITARIA\DOCUMENTOS ALVARÁ DEFINITIVO\4 - APROVAÇÃO BOMBEIRO 2022 (2).pdf | motivo=PDF sem texto extraível; pode ser escaneado
08/09/2026 11:00:34 | WARNING | PDF não indexado | arquivo=F:\Documentos\Rafael\USINA AYSU\VIGILANCIA SANITARIA\DOCUMENTOS ALVARÁ DEFINITIVO\4 - LAUDO LIMPEZA CAIXA DE AGUA.PDF | motivo=PDF sem texto extraível; pode ser escaneado
08/09/2026 11:00:35 | WARNING | PDF não indexado | arquivo=F:\Documentos\Rafael\USINA AYSU\VIGILANCIA SANITARIA\DOCUMENTOS ALVARÁ DEFINITIVO\5 - LAUDO DE DEDETIZAÇÃO E DESRATIZAÇÃO.pdf | motivo=PDF sem texto extraível; pode ser escaneado
08/09/2026 11:00:35 | WARNING | PDF não indexado | arquivo=F:\Documentos\Rafael\USINA AYSU\VIGILANCIA SANITARIA\DOCUMENTOS ALVARÁ DEFINITIVO\6 - LAUDO DE LIMPEZA SISTEMA CLIMATIZAÇÃO.pdf | motivo=PDF sem texto extraível; pode ser escaneado
08/09/2026 11:00:35 | WARNING | PDF não indexado | arquivo=F:\Documentos\Rafael\USINA AYSU\VIGILANCIA SANITARIA\DOCUMENTOS ALVARÁ DEFINITIVO\7 - COMPROVANTE DE PAGAMENTO ALVARÁ SANITÁRIO.pdf | motivo=PDF sem texto extraível; pode ser escaneado
08/09/2026 11:00:36 | INFO | Indexação em andamento | 27300 de 27963 PDFs
08/09/2026 11:00:37 | WARNING | PDF não indexado | arquivo=F:\Documentos\Rafael\USINA AYSU\VIGILANCIA SANITARIA\DOCUMENTOS ALVARÁ DEFINITIVO\9 - EPIs USINA AYSU LTDA.pdf | motivo=PDF sem texto extraível; pode ser escaneado
08/09/2026 11:00:37 | WARNING | PDF não indexado | arquivo=F:\Documentos\Rafael\USINA AYSU\VIGILANCIA SANITARIA\img20231023_08333856.pdf | motivo=PDF sem texto extraível; pode ser escaneado
08/09/2026 11:00:37 | WARNING | PDF não indexado | arquivo=F:\Documentos\Rafael\USINA AYSU\VIGILANCIA SANITARIA\RELATORIO TECNICO INSPEÇÃO SANITARIA.pdf | motivo=PDF sem texto extraível; pode ser escaneado
08/09/2026 11:00:37 | WARNING | PDF não indexado | arquivo=F:\Documentos\Rafael\USINA AYSU\VIGILANCIA SANITARIA\TERMO NOTIFICAÇÃO.pdf | motivo=PDF sem texto extraível; pode ser escaneado
08/09/2026 11:00:45 | WARNING | PDF não indexado | arquivo=F:\Documentos\Rafael\VALDAMERI IMÓVEIS\DEFESA CRA\DCTF - 10.2021.pdf | motivo=PDF sem texto extraível; pode ser escaneado
08/09/2026 11:00:45 | WARNING | PDF não indexado | arquivo=F:\Documentos\Rafael\VALDAMERI IMÓVEIS\DEFESA CRA\DCTF - 11.2021.pdf | motivo=PDF sem texto extraível; pode ser escaneado
08/09/2026 11:00:45 | WARNING | PDF não indexado | arquivo=F:\Documentos\Rafael\VALDAMERI IMÓVEIS\DEFESA CRA\DCTF - 12.2021.pdf | motivo=PDF sem texto extraível; pode ser escaneado
08/09/2026 11:00:46 | WARNING | PDF não indexado | arquivo=F:\Documentos\Rafael\VALDAMERI IMÓVEIS\DOCUMENTOS SÓCIOS\DOCUMENTOS CARLOS (CASAMENTO).pdf | motivo=PDF sem texto extraível; pode ser escaneado
08/09/2026 11:00:46 | WARNING | PDF não indexado | arquivo=F:\Documentos\Rafael\VALDAMERI IMÓVEIS\DOCUMENTOS SÓCIOS\DOCUMENTOS CARLOS (LORDES).pdf | motivo=PDF sem texto extraível; pode ser escaneado
08/09/2026 11:00:46 | WARNING | PDF não indexado | arquivo=F:\Documentos\Rafael\VALDAMERI IMÓVEIS\DOCUMENTOS SÓCIOS\DOCUMENTOS CARLOS.pdf | motivo=PDF sem texto extraível; pode ser escaneado
08/09/2026 11:00:46 | WARNING | PDF não indexado | arquivo=F:\Documentos\Rafael\VALDAMERI IMÓVEIS\DOCUMENTOS SÓCIOS\DOCUMENTOS CARMEN.pdf | motivo=PDF sem texto extraível; pode ser escaneado
08/09/2026 11:00:46 | WARNING | PDF não indexado | arquivo=F:\Documentos\Rafael\VALDAMERI IMÓVEIS\DOCUMENTOS SÓCIOS\DOCUMENTOS CLAIR.pdf | motivo=PDF sem texto extraível; pode ser escaneado
08/09/2026 11:00:46 | WARNING | PDF não indexado | arquivo=F:\Documentos\Rafael\VALDAMERI IMÓVEIS\DOCUMENTOS SÓCIOS\DOCUMENTOS CLAUDEMIR.pdf | motivo=PDF sem texto extraível; pode ser escaneado
08/09/2026 11:00:47 | WARNING | PDF não indexado | arquivo=F:\Documentos\Rafael\VALDAMERI IMÓVEIS\DOCUMENTOS SÓCIOS\DOCUMENTOS CLAUDIR.pdf | motivo=PDF sem texto extraível; pode ser escaneado
08/09/2026 11:00:47 | WARNING | PDF não indexado | arquivo=F:\Documentos\Rafael\VALDAMERI IMÓVEIS\DOCUMENTOS SÓCIOS\DOCUMENTOS CLENICE.pdf | motivo=PDF sem texto extraível; pode ser escaneado
08/09/2026 11:00:47 | WARNING | PDF não indexado | arquivo=F:\Documentos\Rafael\VALDAMERI IMÓVEIS\DOCUMENTOS SÓCIOS\DOCUMENTOS CLEUSA.pdf | motivo=PDF sem texto extraível; pode ser escaneado
08/09/2026 11:00:47 | WARNING | PDF não indexado | arquivo=F:\Documentos\Rafael\VALDAMERI IMÓVEIS\DOCUMENTOS SÓCIOS\DOCUMENTOS GUILHERMINA.pdf | motivo=PDF sem texto extraível; pode ser escaneado
08/09/2026 11:00:47 | WARNING | PDF não indexado | arquivo=F:\Documentos\Rafael\VALDAMERI IMÓVEIS\DOCUMENTOS SÓCIOS\DOCUMENTOS RENATO.pdf | motivo=PDF sem texto extraível; pode ser escaneado
08/09/2026 11:00:47 | WARNING | PDF não indexado | arquivo=F:\Documentos\Rafael\VALDAMERI IMÓVEIS\DOCUMENTOS SÓCIOS\DOCUMENTOS ROGERIO (CASAMENTO).pdf | motivo=PDF sem texto extraível; pode ser escaneado
08/09/2026 11:00:47 | WARNING | PDF não indexado | arquivo=F:\Documentos\Rafael\VALDAMERI IMÓVEIS\DOCUMENTOS SÓCIOS\DOCUMENTOS ROGERIO (CLEIVI).pdf | motivo=PDF sem texto extraível; pode ser escaneado
08/09/2026 11:00:47 | WARNING | PDF não indexado | arquivo=F:\Documentos\Rafael\VALDAMERI IMÓVEIS\DOCUMENTOS SÓCIOS\DOCUMENTOS ROGERIO.pdf | motivo=PDF sem texto extraível; pode ser escaneado
08/09/2026 11:00:47 | WARNING | PDF não indexado | arquivo=F:\Documentos\Rafael\VALDAMERI IMÓVEIS\MATRÍCULAS INTEGRALIZADAS\MATRICULA 72.304.pdf | motivo=PDF sem texto extraível; pode ser escaneado
08/09/2026 11:00:47 | WARNING | PDF não indexado | arquivo=F:\Documentos\Rafael\VALDAMERI IMÓVEIS\MATRÍCULAS INTEGRALIZADAS\MATRÍCULA 43.854.pdf | motivo=PDF sem texto extraível; pode ser escaneado
08/09/2026 11:00:47 | WARNING | PDF não indexado | arquivo=F:\Documentos\Rafael\VALDAMERI IMÓVEIS\MATRÍCULAS INTEGRALIZADAS\MATRÍCULA 46.495.pdf | motivo=PDF sem texto extraível; pode ser escaneado
08/09/2026 11:00:47 | WARNING | PDF não indexado | arquivo=F:\Documentos\Rafael\VALDAMERI IMÓVEIS\MATRÍCULAS INTEGRALIZADAS\MATRÍCULA 46.507.pdf | motivo=PDF sem texto extraível; pode ser escaneado
08/09/2026 11:00:47 | WARNING | PDF não indexado | arquivo=F:\Documentos\Rafael\VALDAMERI IMÓVEIS\MATRÍCULAS INTEGRALIZADAS\MATRÍCULA 46.508.pdf | motivo=PDF sem texto extraível; pode ser escaneado
08/09/2026 11:00:47 | WARNING | PDF não indexado | arquivo=F:\Documentos\Rafael\VALDAMERI IMÓVEIS\MATRÍCULAS INTEGRALIZADAS\MATRÍCULA 46.509.pdf | motivo=PDF sem texto extraível; pode ser escaneado
08/09/2026 11:00:48 | WARNING | PDF não indexado | arquivo=F:\Documentos\Rafael\VALDAMERI IMÓVEIS\MATRÍCULAS INTEGRALIZADAS\MATRÍCULA 47.967.pdf | motivo=PDF sem texto extraível; pode ser escaneado
08/09/2026 11:00:48 | WARNING | PDF não indexado | arquivo=F:\Documentos\Rafael\VALDAMERI IMÓVEIS\MATRÍCULAS INTEGRALIZADAS CARTÓRIO.pdf | motivo=PDF sem texto extraível; pode ser escaneado
08/09/2026 11:00:52 | WARNING | PDF não indexado | arquivo=F:\Documentos\Rafael\VEDANA AGROPECUARIA LTDA\CARTÓRIO\VERA\CHEQUE PGTO ITBI.pdf | motivo=PDF sem texto extraível; pode ser escaneado
08/09/2026 11:00:55 | WARNING | PDF não indexado | arquivo=F:\Documentos\Rafael\VEDANA AGROPECUARIA LTDA\CARTÓRIO\VERA\DESPACHO PREFEITURA.pdf | motivo=PDF sem texto extraível; pode ser escaneado
08/09/2026 11:00:55 | INFO | Indexação em andamento | 27400 de 27963 PDFs
08/09/2026 11:00:56 | WARNING | PDF não indexado | arquivo=F:\Documentos\Rafael\VEDANA AGROPECUARIA LTDA\CARTÓRIO\VERA\MAT. 620 - CERTIDÃO DE AVALIAÇÃO DO IMÓVEL.pdf | motivo=PDF sem texto extraível; pode ser escaneado
08/09/2026 11:00:56 | WARNING | PDF não indexado | arquivo=F:\Documentos\Rafael\VEDANA AGROPECUARIA LTDA\CARTÓRIO\VERA\MAT. 620 - CERTIDÃO DE NAO INCIDENCIA PARCIAL DE ITBI.pdf | motivo=PDF sem texto extraível; pode ser escaneado
08/09/2026 11:00:57 | WARNING | PDF não indexado | arquivo=F:\Documentos\Rafael\VEDANA AGROPECUARIA LTDA\CARTÓRIO\VERA\MAT. 620 - GUIA DE INFORMAÇÃO DE ITBI.pdf | motivo=PDF sem texto extraível; pode ser escaneado
08/09/2026 11:00:57 | WARNING | PDF não indexado | arquivo=F:\Documentos\Rafael\VEDANA AGROPECUARIA LTDA\CARTÓRIO\VERA\MAT. 620 - GUIA ITBI PAGA.pdf | motivo=PDF sem texto extraível; pode ser escaneado
08/09/2026 11:00:58 | WARNING | PDF não indexado | arquivo=F:\Documentos\Rafael\VEDANA AGROPECUARIA LTDA\CARTÓRIO\VERA\MAT. 820 - CERTIDÃO DE AVALIAÇÃO DO IMÓVEL.pdf | motivo=PDF sem texto extraível; pode ser escaneado
08/09/2026 11:00:58 | WARNING | PDF não indexado | arquivo=F:\Documentos\Rafael\VEDANA AGROPECUARIA LTDA\CARTÓRIO\VERA\MAT. 820 - CERTIDÃO DE NAO INCIDENCIA PARCIAL DE ITBI.pdf | motivo=PDF sem texto extraível; pode ser escaneado
08/09/2026 11:00:59 | WARNING | PDF não indexado | arquivo=F:\Documentos\Rafael\VEDANA AGROPECUARIA LTDA\CARTÓRIO\VERA\MAT. 820 - GUIA DE INFORMAÇÃO DE ITBI.pdf | motivo=PDF sem texto extraível; pode ser escaneado
08/09/2026 11:00:59 | WARNING | PDF não indexado | arquivo=F:\Documentos\Rafael\VEDANA AGROPECUARIA LTDA\CARTÓRIO\VERA\MAT. 820 - GUIA ITBI PAGA.pdf | motivo=PDF sem texto extraível; pode ser escaneado
08/09/2026 11:01:01 | WARNING | PDF não indexado | arquivo=F:\Documentos\Rafael\VEDANA AGROPECUARIA LTDA\CONTRATO COMPRA E VENDA IMOVEL.pdf | motivo=PDF sem texto extraível; pode ser escaneado
08/09/2026 11:01:02 | WARNING | PDF não indexado | arquivo=F:\Documentos\Rafael\VEDANA AGROPECUARIA LTDA\DOCUMENTOS ALEXANDRE.pdf | motivo=PDF sem texto extraível; pode ser escaneado
08/09/2026 11:01:02 | WARNING | PDF não indexado | arquivo=F:\Documentos\Rafael\VEDANA AGROPECUARIA LTDA\DOCUMENTOS CELSO.pdf | motivo=PDF sem texto extraível; pode ser escaneado
08/09/2026 11:01:02 | WARNING | PDF não indexado | arquivo=F:\Documentos\Rafael\VEDANA AGROPECUARIA LTDA\DOCUMENTOS RAFAEL.pdf | motivo=PDF sem texto extraível; pode ser escaneado
08/09/2026 11:01:02 | WARNING | PDF não indexado | arquivo=F:\Documentos\Rafael\VEDANA AGROPECUARIA LTDA\FAC ASSINADA.pdf | motivo=PDF sem texto extraível; pode ser escaneado
08/09/2026 11:01:03 | WARNING | PDF não indexado | arquivo=F:\Documentos\Rafael\VEDANA AGROPECUARIA LTDA\MATRÍCULAS INTEGRALIZADAS\MATRÍCULAS.pdf | motivo=PDF sem texto extraível; pode ser escaneado
08/09/2026 11:01:03 | WARNING | PDF não indexado | arquivo=F:\Documentos\Rafael\VEDANA AGROPECUARIA LTDA\TERMO DE OPERAÇÃO PARA DIFERIMENTO DE ICMS.pdf | motivo=PDF sem texto extraível; pode ser escaneado
08/09/2026 11:01:04 | WARNING | PDF não indexado | arquivo=F:\Documentos\Rafael\VENDAS REZENDE LTDA\ALVARÁ 2019.pdf | motivo=PDF sem texto extraível; pode ser escaneado
08/09/2026 11:01:04 | WARNING | PDF não indexado | arquivo=F:\Documentos\Rafael\VENDAS REZENDE LTDA\ALVARÁ BOMBEIROS.pdf | motivo=PDF sem texto extraível; pode ser escaneado
08/09/2026 11:01:04 | WARNING | PDF não indexado | arquivo=F:\Documentos\Rafael\VENDAS REZENDE LTDA\CONSTITUIÇÃO\GUIA INSCRIÇÃO ESTADUAL - PGTO.pdf | motivo=PDF sem texto extraível; pode ser escaneado
08/09/2026 11:01:04 | WARNING | PDF não indexado | arquivo=F:\Documentos\Rafael\VENDAS REZENDE LTDA\CONTRATO COMPRA TERRENO.pdf | motivo=PDF sem texto extraível; pode ser escaneado
08/09/2026 11:01:05 | WARNING | PDF não indexado | arquivo=F:\Documentos\Rafael\VENDAS REZENDE LTDA\DECLARAÇÃO VIGILANCIA.pdf | motivo=PDF sem texto extraível; pode ser escaneado
08/09/2026 11:01:05 | WARNING | PDF não indexado | arquivo=F:\Documentos\Rafael\VENDAS REZENDE LTDA\DOCUMENTOS DAIANE.pdf | motivo=PDF sem texto extraível; pode ser escaneado
08/09/2026 11:01:05 | WARNING | PDF não indexado | arquivo=F:\Documentos\Rafael\VENDAS REZENDE LTDA\HABITE-SE.pdf | motivo=PDF sem texto extraível; pode ser escaneado
08/09/2026 11:01:06 | WARNING | PDF não indexado | arquivo=F:\Documentos\Rafael\VENDAS REZENDE LTDA\LO - PROTOCOLO.pdf | motivo=PDF sem texto extraível; pode ser escaneado
08/09/2026 11:01:06 | WARNING | PDF não indexado | arquivo=F:\Documentos\Rafael\VENDAS REZENDE LTDA\LO.pdf | motivo=PDF sem texto extraível; pode ser escaneado
08/09/2026 11:01:06 | WARNING | PDF não indexado | arquivo=F:\Documentos\Rafael\VENDAS REZENDE LTDA\MATRICULA.pdf | motivo=PDF sem texto extraível; pode ser escaneado
08/09/2026 11:01:06 | WARNING | PDF não indexado | arquivo=F:\Documentos\Rafael\VENDAS REZENDE LTDA\TERMO DE ANUENCIA.pdf | motivo=PDF sem texto extraível; pode ser escaneado
08/09/2026 11:01:07 | INFO | Indexação em andamento | 27500 de 27963 PDFs
08/09/2026 11:01:09 | WARNING | PDF não indexado | arquivo=F:\Documentos\Rafael\VENEZA II EMPREENDIMENTOS IMOBILIARIOS\MATRÍCULA.pdf | motivo=PDF sem texto extraível; pode ser escaneado
08/09/2026 11:01:10 | WARNING | PDF não indexado | arquivo=F:\Documentos\Rafael\VERA FM LTDA\CONTRATO SOCIAL - 1º ALT.pdf | motivo=PDF sem texto extraível; pode ser escaneado
08/09/2026 11:01:10 | WARNING | PDF não indexado | arquivo=F:\Documentos\Rafael\VERA FM LTDA\CONTRATO SOCIAL - CONSTITUIÇÃO.pdf | motivo=PDF sem texto extraível; pode ser escaneado
08/09/2026 11:01:10 | WARNING | PDF não indexado | arquivo=F:\Documentos\Rafael\VERA FM LTDA\DOCUMENTOS SÓCIO - KAROLINE.pdf | motivo=PDF sem texto extraível; pode ser escaneado
08/09/2026 11:01:13 | WARNING | PDF não indexado | arquivo=F:\Documentos\Rafael\VERLE & VERLE S-A\BAIXA INSCRIÇÃO MUNICIPAL.pdf | motivo=PDF sem texto extraível; pode ser escaneado
08/09/2026 11:01:17 | INFO | Indexação em andamento | 27600 de 27963 PDFs
08/09/2026 11:01:18 | WARNING | PDF não indexado | arquivo=F:\Documentos\Rafael\VERLE PARTICIPAÇÕES LTDA\BALNEARIO CAMBORIU\habite-se.pdf | motivo=PDF sem texto extraível; pode ser escaneado
08/09/2026 11:01:18 | WARNING | PDF não indexado | arquivo=F:\Documentos\Rafael\VERLE PARTICIPAÇÕES LTDA\BALNEARIO CAMBORIU\IPTU.pdf | motivo=PDF sem texto extraível; pode ser escaneado
08/09/2026 11:01:20 | WARNING | PDF não indexado | arquivo=F:\Documentos\Rafael\VERLE PARTICIPAÇÕES LTDA\DOCUMENTO SOCIO - CERTIDÃO CASAMENTO JOSE.pdf | motivo=PDF sem texto extraível; pode ser escaneado
08/09/2026 11:01:21 | WARNING | PDF não indexado | arquivo=F:\Documentos\Rafael\VERLE PARTICIPAÇÕES LTDA\DOCUMENTO SÓCIO - LEONARDO.pdf | motivo=PDF sem texto extraível; pode ser escaneado
08/09/2026 11:01:21 | WARNING | PDF não indexado | arquivo=F:\Documentos\Rafael\VETOR GESTAO FINANCEIRA E ADMINISTRATIVA LTDA\FOTOS.pdf | motivo=PDF sem texto extraível; pode ser escaneado
08/09/2026 11:01:25 | WARNING | PDF não indexado | arquivo=F:\Documentos\Rafael\VETOR GESTAO FINANCEIRA E ADMINISTRATIVA LTDA\MATRÍCULA.pdf | motivo=PDF sem texto extraível; pode ser escaneado
08/09/2026 11:01:25 | WARNING | PDF não indexado | arquivo=F:\Documentos\Rafael\VETOR GESTAO FINANCEIRA E ADMINISTRATIVA LTDA\OPTANTE SIMPLES NACIONAL.pdf | motivo=PDF sem texto extraível; pode ser escaneado
08/09/2026 11:01:25 | WARNING | PDF não indexado | arquivo=F:\Documentos\Rafael\VETOR GESTAO FINANCEIRA E ADMINISTRATIVA LTDA\PETICAO NOMEACAO DO INVENTARIANTE.pdf | motivo=PDF sem texto extraível; pode ser escaneado
08/09/2026 11:01:27 | WARNING | PDF não indexado | arquivo=F:\Documentos\Rafael\VIENA EMPREENDIMENTOS IMOBILIARIOS SPE\Certidao_de_casamento_-_Daiane_e_Juliano.pdf | motivo=PDF sem texto extraível; pode ser escaneado
08/09/2026 11:01:27 | WARNING | PDF não indexado | arquivo=F:\Documentos\Rafael\VIENA EMPREENDIMENTOS IMOBILIARIOS SPE\CERTIDÃO CASAMENTO JAUDENES E JOICE.pdf | motivo=PDF sem texto extraível; pode ser escaneado
08/09/2026 11:01:27 | WARNING | PDF não indexado | arquivo=F:\Documentos\Rafael\VIENA EMPREENDIMENTOS IMOBILIARIOS SPE\CNH_Daiane.pdf | motivo=PDF sem texto extraível; pode ser escaneado
08/09/2026 11:01:28 | WARNING | PDF não indexado | arquivo=F:\Documentos\Rafael\VIENA EMPREENDIMENTOS IMOBILIARIOS SPE\DOCUMENTOS JOICE.pdf | motivo=PDF sem texto extraível; pode ser escaneado
08/09/2026 11:01:29 | WARNING | PDF não indexado | arquivo=F:\Documentos\Rafael\VIENA EMPREENDIMENTOS IMOBILIARIOS SPE\DOCUMENTOS SOCIOS___DALLA VALLE.pdf | motivo=PDF sem texto extraível; pode ser escaneado
08/09/2026 11:01:29 | WARNING | PDF não indexado | arquivo=F:\Documentos\Rafael\VIENA EMPREENDIMENTOS IMOBILIARIOS SPE\DOCUMENTOS SOCIOS___DALLA VALLE__CNPJ.pdf | motivo=PDF sem texto extraível; pode ser escaneado
08/09/2026 11:01:29 | WARNING | PDF não indexado | arquivo=F:\Documentos\Rafael\VIENA EMPREENDIMENTOS IMOBILIARIOS SPE\DOCUMENTOS SOCIOS___JAUDENES.pdf | motivo=PDF sem texto extraível; pode ser escaneado
08/09/2026 11:01:29 | WARNING | PDF não indexado | arquivo=F:\Documentos\Rafael\VIENA EMPREENDIMENTOS IMOBILIARIOS SPE\DOCUMENTOS SOCIOS___NEIVA.pdf | motivo=PDF sem texto extraível; pode ser escaneado
08/09/2026 11:01:29 | WARNING | PDF não indexado | arquivo=F:\Documentos\Rafael\VIENA EMPREENDIMENTOS IMOBILIARIOS SPE\MATRICULA.pdf | motivo=PDF sem texto extraível; pode ser escaneado
08/09/2026 11:01:29 | WARNING | PDF não indexado | arquivo=F:\Documentos\Rafael\VIENA EMPREENDIMENTOS IMOBILIARIOS SPE\Pacto_antenupcial_-_Daine_e_Juiano.pdf | motivo=PDF sem texto extraível; pode ser escaneado
08/09/2026 11:01:31 | WARNING | PDF não indexado | arquivo=F:\Documentos\Rafael\VIRA COPO PROMOTORA DE EVENTOS\DOCUMENTOS SÓCIOS - IVONE.pdf | motivo=PDF sem texto extraível; pode ser escaneado
08/09/2026 11:01:33 | WARNING | PDF não indexado | arquivo=F:\Documentos\Rafael\VITORIA AGROPECUARIA E TRANSPORTES LTDA\CARTÓRIO\CARTAS DE ANUENCIA - EXIGENCIA\Banco Itaú BBA - Ata 23.07.18.pdf | motivo=PDF sem texto extraível; pode ser escaneado
08/09/2026 11:01:35 | WARNING | PDF não indexado | arquivo=F:\Documentos\Rafael\VITORIA AGROPECUARIA E TRANSPORTES LTDA\CARTÓRIO\CARTAS DE ANUENCIA - EXIGENCIA\Banco Itaú Unibanco - Ata 30.04.2019.pdf | motivo=PDF sem texto extraível; pode ser escaneado
08/09/2026 11:01:36 | WARNING | PDF não indexado | arquivo=F:\Documentos\Rafael\VITORIA AGROPECUARIA E TRANSPORTES LTDA\CARTÓRIO\CARTAS DE ANUENCIA - EXIGENCIA\PROTOCOLAR\Banco John Deeere - Liberação Alienação Cédula 1406214 - Reg. 32650 do Livro B.pdf | motivo=PDF sem texto extraível; pode ser escaneado
08/09/2026 11:01:36 | WARNING | PDF não indexado | arquivo=F:\Documentos\Rafael\VITORIA AGROPECUARIA E TRANSPORTES LTDA\CARTÓRIO\CARTAS DE ANUENCIA - EXIGENCIA\PROTOCOLAR\Banco John Deeere - Liberação Alienação Cédula 66237411 - Reg. 21322 do Livro B.pdf | motivo=PDF sem texto extraível; pode ser escaneado
08/09/2026 11:01:36 | WARNING | PDF não indexado | arquivo=F:\Documentos\Rafael\VITORIA AGROPECUARIA E TRANSPORTES LTDA\CARTÓRIO\CARTAS DE ANUENCIA - EXIGENCIA\PROTOCOLAR\Banco John Deeere - Liberação Alienação Cédula 77339912 - Reg. 23390 do Livro B.pdf | motivo=PDF sem texto extraível; pode ser escaneado
08/09/2026 11:01:37 | WARNING | PDF não indexado | arquivo=F:\Documentos\Rafael\VITORIA AGROPECUARIA E TRANSPORTES LTDA\CARTÓRIO\CARTAS DE ANUENCIA - EXIGENCIA\PROTOCOLAR\Banco John Deeere - Liberação Alienação Cédula 842666 - Reg. 24283 do Livro B.pdf | motivo=PDF sem texto extraível; pode ser escaneado
08/09/2026 11:01:37 | WARNING | PDF não indexado | arquivo=F:\Documentos\Rafael\VITORIA AGROPECUARIA E TRANSPORTES LTDA\CARTÓRIO\ITBI MATRÍCULAS - DECLARAÇÃO NÃO INCIDENCIA.pdf | motivo=PDF sem texto extraível; pode ser escaneado
08/09/2026 11:01:37 | WARNING | PDF não indexado | arquivo=F:\Documentos\Rafael\VITORIA AGROPECUARIA E TRANSPORTES LTDA\CARTÓRIO\MAT. 49.590\ITBI - NÃO INCIDENCIA.pdf | motivo=PDF sem texto extraível; pode ser escaneado
08/09/2026 11:01:37 | INFO | Indexação em andamento | 27700 de 27963 PDFs
08/09/2026 11:01:38 | WARNING | PDF não indexado | arquivo=F:\Documentos\Rafael\VITORIA AGROPECUARIA E TRANSPORTES LTDA\CARTÓRIO\MAT. 58.616\Mat. 58.616 - ITBI NÃO INCIDENCIA.pdf | motivo=PDF sem texto extraível; pode ser escaneado
08/09/2026 11:01:40 | WARNING | PDF não indexado | arquivo=F:\Documentos\Rafael\VITORIA AGROPECUARIA E TRANSPORTES LTDA\CARTÓRIO\MAT. 58.695\Mat. 58.695 - ITBI NÃO INCIDENCIA.pdf | motivo=PDF sem texto extraível; pode ser escaneado
08/09/2026 11:01:40 | WARNING | PDF não indexado | arquivo=F:\Documentos\Rafael\VITORIA AGROPECUARIA E TRANSPORTES LTDA\CARTÓRIO\MAT. 58.695\Mat. 58.695 - PROCURAÇÃO - CAIXA.pdf | motivo=PDF sem texto extraível; pode ser escaneado
08/09/2026 11:01:43 | WARNING | PDF não indexado | arquivo=F:\Documentos\Rafael\VITORIA AGROPECUARIA E TRANSPORTES LTDA\CARTÓRIO\MAT. 59.524\Mat. 59.524 - Anuência Cédulas 187876919, 226805320, 112686915 - Banco John Deere.pdf | motivo=PDF sem texto extraível; pode ser escaneado
08/09/2026 11:01:43 | WARNING | PDF não indexado | arquivo=F:\Documentos\Rafael\VITORIA AGROPECUARIA E TRANSPORTES LTDA\CARTÓRIO\MAT. 59.524\Mat. 59.524 - Baixa Cédula 1406214 - Reg. AV-1 - Banco John Deere.pdf | motivo=PDF sem texto extraível; pode ser escaneado
08/09/2026 11:01:43 | WARNING | PDF não indexado | arquivo=F:\Documentos\Rafael\VITORIA AGROPECUARIA E TRANSPORTES LTDA\CARTÓRIO\MAT. 59.524\Mat. 59.524 - Baixa Cédula 66237411 - Reg. AV-1 - Banco John Deere.pdf | motivo=PDF sem texto extraível; pode ser escaneado
08/09/2026 11:01:44 | WARNING | PDF não indexado | arquivo=F:\Documentos\Rafael\VITORIA AGROPECUARIA E TRANSPORTES LTDA\CARTÓRIO\MAT. 59.524\Mat. 59.524 - Baixa Cédula 77339912 - Reg. AV-1 - Banco John Deere.pdf | motivo=PDF sem texto extraível; pode ser escaneado
08/09/2026 11:01:44 | WARNING | PDF não indexado | arquivo=F:\Documentos\Rafael\VITORIA AGROPECUARIA E TRANSPORTES LTDA\CARTÓRIO\MAT. 59.524\Mat. 59.524 - Baixa Cédula 84266613 - Reg. AV-1 - Banco John Deere.pdf | motivo=PDF sem texto extraível; pode ser escaneado
08/09/2026 11:01:44 | WARNING | PDF não indexado | arquivo=F:\Documentos\Rafael\VITORIA AGROPECUARIA E TRANSPORTES LTDA\CARTÓRIO\MAT. 59.524\Mat. 59.524 - ITBI NÃO INCIDENCIA.pdf | motivo=PDF sem texto extraível; pode ser escaneado
08/09/2026 11:01:45 | WARNING | PDF não indexado | arquivo=F:\Documentos\Rafael\VITORIA AGROPECUARIA E TRANSPORTES LTDA\CARTÓRIO\MAT. 59.524\Mat. 59.524 - Liberação de Garantia - Banco Itau.pdf | motivo=PDF sem texto extraível; pode ser escaneado
08/09/2026 11:01:46 | WARNING | PDF não indexado | arquivo=F:\Documentos\Rafael\VITORIA AGROPECUARIA E TRANSPORTES LTDA\CARTÓRIO\MAT. 63.818\Mat. 63.818 - ITBI NÃO INCIDENCIA.pdf | motivo=PDF sem texto extraível; pode ser escaneado
08/09/2026 11:01:47 | WARNING | PDF não indexado | arquivo=F:\Documentos\Rafael\VITORIA AGROPECUARIA E TRANSPORTES LTDA\CARTÓRIO\PROCURAÇÃO - CAIXA - Certidão de Subst. de Procuração.pdf | motivo=PDF sem texto extraível; pode ser escaneado
08/09/2026 11:01:48 | WARNING | PDF não indexado | arquivo=F:\Documentos\Rafael\VITORIA AGROPECUARIA E TRANSPORTES LTDA\CARTÓRIO\Procuração - Caixa.pdf | motivo=PDF sem texto extraível; pode ser escaneado
08/09/2026 11:01:48 | WARNING | PDF não indexado | arquivo=F:\Documentos\Rafael\VITORIA AGROPECUARIA E TRANSPORTES LTDA\CARTÓRIO\PROCURAÇÃO - CAIXAAA.pdf | motivo=PDF sem texto extraível; pode ser escaneado
08/09/2026 11:01:53 | WARNING | PDF não indexado | arquivo=F:\Documentos\Rafael\VITORIA AGROPECUARIA E TRANSPORTES LTDA\DOCUMENTOS SOCIOS VERONICA.pdf | motivo=PDF sem texto extraível; pode ser escaneado
08/09/2026 11:01:54 | WARNING | PDF não indexado | arquivo=F:\Documentos\Rafael\VITORIA AGROPECUARIA E TRANSPORTES LTDA\INDEFERIMENTO - DISPENSA ALVARÁ.pdf | motivo=PDF sem texto extraível; pode ser escaneado
08/09/2026 11:01:54 | WARNING | PDF não indexado | arquivo=F:\Documentos\Rafael\VITORIA AGROPECUARIA E TRANSPORTES LTDA\MATRICULAS\MAT. 58.616 - Registrada Cartório.pdf | motivo=PDF sem texto extraível; pode ser escaneado
08/09/2026 11:01:56 | WARNING | PDF não indexado | arquivo=F:\Documentos\Rafael\VOLMIR ELTON SCHEFFLER EIRELI\CONTRATO SOCIAL - CONSTITUIÇÃO.pdf | motivo=PDF sem texto extraível; pode ser escaneado
08/09/2026 11:01:57 | INFO | Indexação em andamento | 27800 de 27963 PDFs
08/09/2026 11:01:59 | WARNING | PDF não indexado | arquivo=F:\Documentos\Rafael\VSM SERVICOS MEDICOS LTDA (Vitória filha Alan Brasil)\DOCUMENTOS SÓCIA - VITÓRIA.pdf | motivo=PDF sem texto extraível; pode ser escaneado
08/09/2026 11:01:59 | WARNING | PDF não indexado | arquivo=F:\Documentos\Rafael\VSM SERVICOS MEDICOS LTDA (Vitória filha Alan Brasil)\OPTANTE SIMPLES NACIONAL.pdf | motivo=PDF sem texto extraível; pode ser escaneado
08/09/2026 11:01:59 | WARNING | PDF não indexado | arquivo=F:\Documentos\Rafael\WEIS CLEMENTE\ATA ASSEMBLEIA GERAL - 16-12-2008.pdf | motivo=PDF sem texto extraível; pode ser escaneado
08/09/2026 11:02:00 | WARNING | PDF não indexado | arquivo=F:\Documentos\Rafael\WEIS CLEMENTE\ATA ASSEMBLEIA GERAL - 20-07-2015 AS 10H.pdf | motivo=PDF sem texto extraível; pode ser escaneado
08/09/2026 11:02:00 | WARNING | PDF não indexado | arquivo=F:\Documentos\Rafael\WEIS CLEMENTE\ATA ASSEMBLEIA GRRAL - 26-01-2015.pdf | motivo=PDF sem texto extraível; pode ser escaneado
08/09/2026 11:02:01 | WARNING | PDF não indexado | arquivo=F:\Documentos\Rafael\WEIS CLEMENTE\ESTATUTO SOCIAL.pdf | motivo=PDF sem texto extraível; pode ser escaneado
08/09/2026 11:02:14 | WARNING | PDF não indexado | arquivo=F:\Documentos\Rafael\WK PARTICIPAÇÕES\DOCUMENTOS BRUNO.pdf | motivo=PDF sem texto extraível; pode ser escaneado
08/09/2026 11:02:14 | WARNING | PDF não indexado | arquivo=F:\Documentos\Rafael\WK PARTICIPAÇÕES\DOCUMENTOS CLEDI.pdf | motivo=PDF sem texto extraível; pode ser escaneado
08/09/2026 11:02:14 | WARNING | PDF não indexado | arquivo=F:\Documentos\Rafael\WK PARTICIPAÇÕES\DOCUMENTOS JOANA.pdf | motivo=PDF sem texto extraível; pode ser escaneado
08/09/2026 11:02:14 | WARNING | PDF não indexado | arquivo=F:\Documentos\Rafael\WK PARTICIPAÇÕES\DOCUMENTOS JULIA.pdf | motivo=PDF sem texto extraível; pode ser escaneado
08/09/2026 11:02:14 | WARNING | PDF não indexado | arquivo=F:\Documentos\Rafael\WK PARTICIPAÇÕES\DOCUMENTOS OLAVO.pdf | motivo=PDF sem texto extraível; pode ser escaneado
08/09/2026 11:02:15 | WARNING | PDF não indexado | arquivo=F:\Documentos\Rafael\WK PARTICIPAÇÕES\NOTIFICAÇÃO\anexo 50014.pdf | motivo=PDF sem texto extraível; pode ser escaneado
08/09/2026 11:02:26 | INFO | Indexação em andamento | 27900 de 27963 PDFs
08/09/2026 11:03:16 | WARNING | PDF não indexado | arquivo=F:\Documentos\Rafael\WK PARTICIPAÇÕES\NOTIFICAÇÃO\NAI ITCD\JOANA SEFAZ\JOANA WEBBER 90769.pdf | motivo=PdfStreamError: Stream has ended unexpectedly
08/09/2026 11:03:53 | WARNING | PDF não indexado | arquivo=F:\Documentos\Rafael\WONZ CONSULTORIA AGRICOLA LTDA\FOTOS.pdf | motivo=PDF sem texto extraível; pode ser escaneado
08/09/2026 11:03:53 | WARNING | PDF não indexado | arquivo=F:\Documentos\Rafael\WONZ CONSULTORIA AGRICOLA LTDA\OPTANTE SIMPLES.pdf | motivo=PDF sem texto extraível; pode ser escaneado
08/09/2026 11:03:55 | WARNING | PDF não indexado | arquivo=F:\Documentos\Rafael\ZILAUDIO LUIZ PEREIRA ADVOGADOS\ALVARA_BOMBEIROS_-_CONDOMINIO.pdf | motivo=PDF sem texto extraível; pode ser escaneado
08/09/2026 11:03:56 | WARNING | PDF não indexado | arquivo=F:\Documentos\Rafael\ZILAUDIO LUIZ PEREIRA ADVOGADOS\CONTRATO SOCIAL - 2º ALT.pdf | motivo=PDF sem texto extraível; pode ser escaneado
08/09/2026 11:03:56 | WARNING | PDF não indexado | arquivo=F:\Documentos\Rafael\ZILAUDIO LUIZ PEREIRA ADVOGADOS\Documentação Alvará - Zilaudio Luiz Advogados Associados .pdf | motivo=PDF sem texto extraível; pode ser escaneado
08/09/2026 11:03:56 | WARNING | PDF não indexado | arquivo=F:\Documentos\Rafael\ZILAUDIO LUIZ PEREIRA ADVOGADOS\DOCUMENTO SOCIOS - OAB  ZILAUDIO.pdf | motivo=PDF sem texto extraível; pode ser escaneado
08/09/2026 11:03:56 | WARNING | PDF não indexado | arquivo=F:\Documentos\Rafael\ZILAUDIO LUIZ PEREIRA ADVOGADOS\DOCUMENTO SOCIOS - OAB JEAN.pdf | motivo=PDF sem texto extraível; pode ser escaneado
08/09/2026 11:03:56 | WARNING | PDF não indexado | arquivo=F:\Documentos\Rafael\ZILAUDIO LUIZ PEREIRA ADVOGADOS\HABITE-SE.pdf | motivo=PDF sem texto extraível; pode ser escaneado
08/09/2026 11:03:56 | WARNING | PDF não indexado | arquivo=F:\Documentos\Rafael\ZILAUDIO LUIZ PEREIRA ADVOGADOS\Matrícula - 57.245.pdf | motivo=PDF sem texto extraível; pode ser escaneado
08/09/2026 11:03:56 | WARNING | PDF não indexado | arquivo=F:\Documentos\Rafael\ZILAUDIO LUIZ PEREIRA ADVOGADOS\Matrícula - 57.246.pdf | motivo=PDF sem texto extraível; pode ser escaneado
08/09/2026 11:03:57 | INFO | Busca concluída | cnpj=63434801000185 | encontrados=6 | total_pdfs=27963 | lidos=5581 | reaproveitados=22382 | sem_texto=6227 | erros=27 | segundos=2092.59
08/09/2026 11:11:08 | INFO | Indexação em andamento | 100 de 27963 PDFs
08/09/2026 11:11:09 | INFO | Indexação em andamento | 200 de 27963 PDFs
08/09/2026 11:11:09 | INFO | Indexação em andamento | 300 de 27963 PDFs
08/09/2026 11:11:10 | INFO | Indexação em andamento | 400 de 27963 PDFs
08/09/2026 11:11:10 | INFO | Indexação em andamento | 500 de 27963 PDFs
08/09/2026 11:11:11 | INFO | Indexação em andamento | 600 de 27963 PDFs
08/09/2026 11:11:12 | INFO | Indexação em andamento | 700 de 27963 PDFs
08/09/2026 11:11:12 | INFO | Indexação em andamento | 800 de 27963 PDFs
08/09/2026 11:11:13 | INFO | Indexação em andamento | 900 de 27963 PDFs
08/09/2026 11:11:13 | INFO | Indexação em andamento | 1000 de 27963 PDFs
08/09/2026 11:11:14 | INFO | Indexação em andamento | 1100 de 27963 PDFs
08/09/2026 11:11:14 | INFO | Indexação em andamento | 1200 de 27963 PDFs
08/09/2026 11:11:15 | INFO | Indexação em andamento | 1300 de 27963 PDFs
08/09/2026 11:11:15 | INFO | Indexação em andamento | 1400 de 27963 PDFs
08/09/2026 11:11:16 | INFO | Indexação em andamento | 1500 de 27963 PDFs
08/09/2026 11:11:17 | INFO | Indexação em andamento | 1600 de 27963 PDFs
08/09/2026 11:11:17 | INFO | Indexação em andamento | 1700 de 27963 PDFs
08/09/2026 11:11:18 | INFO | Indexação em andamento | 1800 de 27963 PDFs
08/09/2026 11:11:18 | INFO | Indexação em andamento | 1900 de 27963 PDFs
08/09/2026 11:11:19 | INFO | Indexação em andamento | 2000 de 27963 PDFs
08/09/2026 11:11:19 | INFO | Indexação em andamento | 2100 de 27963 PDFs
08/09/2026 11:11:20 | INFO | Indexação em andamento | 2200 de 27963 PDFs
08/09/2026 11:11:21 | INFO | Indexação em andamento | 2300 de 27963 PDFs
08/09/2026 11:11:21 | INFO | Indexação em andamento | 2400 de 27963 PDFs
08/09/2026 11:11:22 | INFO | Indexação em andamento | 2500 de 27963 PDFs
08/09/2026 11:11:22 | INFO | Indexação em andamento | 2600 de 27963 PDFs
08/09/2026 11:11:23 | INFO | Indexação em andamento | 2700 de 27963 PDFs
08/09/2026 11:11:23 | INFO | Indexação em andamento | 2800 de 27963 PDFs
08/09/2026 11:11:24 | INFO | Indexação em andamento | 2900 de 27963 PDFs
08/09/2026 11:11:25 | INFO | Indexação em andamento | 3000 de 27963 PDFs
08/09/2026 11:11:25 | INFO | Indexação em andamento | 3100 de 27963 PDFs
08/09/2026 11:11:26 | INFO | Indexação em andamento | 3200 de 27963 PDFs
08/09/2026 11:11:26 | INFO | Indexação em andamento | 3300 de 27963 PDFs
08/09/2026 11:11:27 | INFO | Indexação em andamento | 3400 de 27963 PDFs
08/09/2026 11:11:27 | INFO | Indexação em andamento | 3500 de 27963 PDFs
08/09/2026 11:11:28 | INFO | Indexação em andamento | 3600 de 27963 PDFs
08/09/2026 11:11:29 | INFO | Indexação em andamento | 3700 de 27963 PDFs
08/09/2026 11:11:30 | INFO | Indexação em andamento | 3800 de 27963 PDFs
08/09/2026 11:11:30 | INFO | Indexação em andamento | 3900 de 27963 PDFs
08/09/2026 11:11:31 | INFO | Indexação em andamento | 4000 de 27963 PDFs
08/09/2026 11:11:32 | INFO | Indexação em andamento | 4100 de 27963 PDFs
08/09/2026 11:11:33 | INFO | Indexação em andamento | 4200 de 27963 PDFs
08/09/2026 11:11:33 | INFO | Indexação em andamento | 4300 de 27963 PDFs
08/09/2026 11:11:34 | INFO | Indexação em andamento | 4400 de 27963 PDFs
08/09/2026 11:11:35 | INFO | Indexação em andamento | 4500 de 27963 PDFs
08/09/2026 11:11:35 | INFO | Indexação em andamento | 4600 de 27963 PDFs
08/09/2026 11:11:36 | INFO | Indexação em andamento | 4700 de 27963 PDFs
08/09/2026 11:11:37 | INFO | Indexação em andamento | 4800 de 27963 PDFs
08/09/2026 11:11:37 | INFO | Indexação em andamento | 4900 de 27963 PDFs
08/09/2026 11:11:38 | INFO | Indexação em andamento | 5000 de 27963 PDFs
08/09/2026 11:11:39 | INFO | Indexação em andamento | 5100 de 27963 PDFs
08/09/2026 11:11:39 | INFO | Indexação em andamento | 5200 de 27963 PDFs
08/09/2026 11:11:40 | INFO | Indexação em andamento | 5300 de 27963 PDFs
08/09/2026 11:11:40 | INFO | Indexação em andamento | 5400 de 27963 PDFs
08/09/2026 11:11:41 | INFO | Indexação em andamento | 5500 de 27963 PDFs
08/09/2026 11:11:42 | INFO | Indexação em andamento | 5600 de 27963 PDFs
08/09/2026 11:11:42 | INFO | Indexação em andamento | 5700 de 27963 PDFs
08/09/2026 11:11:43 | INFO | Indexação em andamento | 5800 de 27963 PDFs
08/09/2026 11:11:45 | INFO | Indexação em andamento | 5900 de 27963 PDFs
08/09/2026 11:11:46 | INFO | Indexação em andamento | 6000 de 27963 PDFs
08/09/2026 11:11:48 | INFO | Indexação em andamento | 6100 de 27963 PDFs
08/09/2026 11:11:50 | INFO | Indexação em andamento | 6200 de 27963 PDFs
08/09/2026 11:11:51 | INFO | Indexação em andamento | 6300 de 27963 PDFs
08/09/2026 11:11:51 | INFO | Indexação em andamento | 6400 de 27963 PDFs
08/09/2026 11:11:52 | INFO | Indexação em andamento | 6500 de 27963 PDFs
08/09/2026 11:11:53 | INFO | Indexação em andamento | 6600 de 27963 PDFs
08/09/2026 11:11:54 | INFO | Indexação em andamento | 6700 de 27963 PDFs
08/09/2026 11:11:55 | INFO | Indexação em andamento | 6800 de 27963 PDFs
08/09/2026 11:11:57 | INFO | Indexação em andamento | 6900 de 27963 PDFs
08/09/2026 11:11:58 | INFO | Indexação em andamento | 7000 de 27963 PDFs
08/09/2026 11:11:59 | INFO | Indexação em andamento | 7100 de 27963 PDFs
08/09/2026 11:12:00 | INFO | Indexação em andamento | 7200 de 27963 PDFs
08/09/2026 11:12:02 | INFO | Indexação em andamento | 7300 de 27963 PDFs
08/09/2026 11:12:02 | INFO | Indexação em andamento | 7400 de 27963 PDFs
08/09/2026 11:12:03 | INFO | Indexação em andamento | 7500 de 27963 PDFs
08/09/2026 11:12:04 | INFO | Indexação em andamento | 7600 de 27963 PDFs
08/09/2026 11:12:04 | INFO | Indexação em andamento | 7700 de 27963 PDFs
08/09/2026 11:12:05 | INFO | Indexação em andamento | 7800 de 27963 PDFs
08/09/2026 11:12:06 | INFO | Indexação em andamento | 7900 de 27963 PDFs
08/09/2026 11:12:06 | INFO | Indexação em andamento | 8000 de 27963 PDFs
08/09/2026 11:12:07 | INFO | Indexação em andamento | 8100 de 27963 PDFs
08/09/2026 11:12:07 | INFO | Indexação em andamento | 8200 de 27963 PDFs
08/09/2026 11:12:08 | INFO | Indexação em andamento | 8300 de 27963 PDFs
08/09/2026 11:12:08 | INFO | Indexação em andamento | 8400 de 27963 PDFs
08/09/2026 11:12:09 | INFO | Indexação em andamento | 8500 de 27963 PDFs
08/09/2026 11:12:09 | INFO | Indexação em andamento | 8600 de 27963 PDFs
08/09/2026 11:12:10 | INFO | Indexação em andamento | 8700 de 27963 PDFs
08/09/2026 11:12:10 | INFO | Indexação em andamento | 8800 de 27963 PDFs
08/09/2026 11:12:11 | INFO | Indexação em andamento | 8900 de 27963 PDFs
08/09/2026 11:12:11 | INFO | Indexação em andamento | 9000 de 27963 PDFs
08/09/2026 11:12:12 | INFO | Indexação em andamento | 9100 de 27963 PDFs
08/09/2026 11:12:13 | INFO | Indexação em andamento | 9200 de 27963 PDFs
08/09/2026 11:12:13 | INFO | Indexação em andamento | 9300 de 27963 PDFs
08/09/2026 11:12:14 | INFO | Indexação em andamento | 9400 de 27963 PDFs
08/09/2026 11:12:14 | INFO | Indexação em andamento | 9500 de 27963 PDFs
08/09/2026 11:12:14 | INFO | Indexação em andamento | 9600 de 27963 PDFs
08/09/2026 11:12:15 | INFO | Indexação em andamento | 9700 de 27963 PDFs
08/09/2026 11:12:16 | INFO | Indexação em andamento | 9800 de 27963 PDFs
08/09/2026 11:12:16 | INFO | Indexação em andamento | 9900 de 27963 PDFs
08/09/2026 11:12:17 | INFO | Indexação em andamento | 10000 de 27963 PDFs
08/09/2026 11:12:17 | INFO | Indexação em andamento | 10100 de 27963 PDFs
08/09/2026 11:12:18 | INFO | Indexação em andamento | 10200 de 27963 PDFs
08/09/2026 11:12:18 | INFO | Indexação em andamento | 10300 de 27963 PDFs
08/09/2026 11:12:19 | INFO | Indexação em andamento | 10400 de 27963 PDFs
08/09/2026 11:12:20 | INFO | Indexação em andamento | 10500 de 27963 PDFs
08/09/2026 11:12:20 | INFO | Indexação em andamento | 10600 de 27963 PDFs
08/09/2026 11:12:21 | INFO | Indexação em andamento | 10700 de 27963 PDFs
08/09/2026 11:12:21 | INFO | Indexação em andamento | 10800 de 27963 PDFs
08/09/2026 11:12:22 | INFO | Indexação em andamento | 10900 de 27963 PDFs
08/09/2026 11:12:22 | INFO | Indexação em andamento | 11000 de 27963 PDFs
08/09/2026 11:12:23 | INFO | Indexação em andamento | 11100 de 27963 PDFs
08/09/2026 11:12:23 | INFO | Indexação em andamento | 11200 de 27963 PDFs
08/09/2026 11:12:24 | INFO | Indexação em andamento | 11300 de 27963 PDFs
08/09/2026 11:12:24 | INFO | Indexação em andamento | 11400 de 27963 PDFs
08/09/2026 11:12:25 | INFO | Indexação em andamento | 11500 de 27963 PDFs
08/09/2026 11:12:25 | INFO | Indexação em andamento | 11600 de 27963 PDFs
08/09/2026 11:12:26 | INFO | Indexação em andamento | 11700 de 27963 PDFs
08/09/2026 11:12:27 | INFO | Indexação em andamento | 11800 de 27963 PDFs
08/09/2026 11:12:27 | INFO | Indexação em andamento | 11900 de 27963 PDFs
08/09/2026 11:12:27 | INFO | Indexação em andamento | 12000 de 27963 PDFs
08/09/2026 11:12:28 | INFO | Indexação em andamento | 12100 de 27963 PDFs
08/09/2026 11:12:28 | INFO | Indexação em andamento | 12200 de 27963 PDFs
08/09/2026 11:12:29 | INFO | Indexação em andamento | 12300 de 27963 PDFs
08/09/2026 11:12:29 | INFO | Indexação em andamento | 12400 de 27963 PDFs
08/09/2026 11:12:30 | INFO | Indexação em andamento | 12500 de 27963 PDFs
08/09/2026 11:12:31 | INFO | Indexação em andamento | 12600 de 27963 PDFs
08/09/2026 11:12:31 | INFO | Indexação em andamento | 12700 de 27963 PDFs
08/09/2026 11:12:32 | INFO | Indexação em andamento | 12800 de 27963 PDFs
08/09/2026 11:12:32 | INFO | Indexação em andamento | 12900 de 27963 PDFs
08/09/2026 11:12:33 | INFO | Indexação em andamento | 13000 de 27963 PDFs
08/09/2026 11:12:34 | INFO | Indexação em andamento | 13100 de 27963 PDFs
08/09/2026 11:12:34 | INFO | Indexação em andamento | 13200 de 27963 PDFs
08/09/2026 11:12:35 | INFO | Indexação em andamento | 13300 de 27963 PDFs
08/09/2026 11:12:36 | INFO | Indexação em andamento | 13400 de 27963 PDFs
08/09/2026 11:12:37 | INFO | Indexação em andamento | 13500 de 27963 PDFs
08/09/2026 11:12:38 | INFO | Indexação em andamento | 13600 de 27963 PDFs
08/09/2026 11:12:39 | INFO | Indexação em andamento | 13700 de 27963 PDFs
08/09/2026 11:12:39 | INFO | Indexação em andamento | 13800 de 27963 PDFs
08/09/2026 11:12:40 | INFO | Indexação em andamento | 13900 de 27963 PDFs
08/09/2026 11:12:41 | INFO | Indexação em andamento | 14000 de 27963 PDFs
08/09/2026 11:12:42 | INFO | Indexação em andamento | 14100 de 27963 PDFs
08/09/2026 11:12:43 | INFO | Indexação em andamento | 14200 de 27963 PDFs
08/09/2026 11:12:43 | INFO | Indexação em andamento | 14300 de 27963 PDFs
08/09/2026 11:12:44 | INFO | Indexação em andamento | 14400 de 27963 PDFs
08/09/2026 11:12:44 | INFO | Indexação em andamento | 14500 de 27963 PDFs
08/09/2026 11:12:45 | INFO | Indexação em andamento | 14600 de 27963 PDFs
08/09/2026 11:12:46 | INFO | Indexação em andamento | 14700 de 27963 PDFs
08/09/2026 11:12:47 | INFO | Indexação em andamento | 14800 de 27963 PDFs
08/09/2026 11:12:47 | INFO | Indexação em andamento | 14900 de 27963 PDFs
08/09/2026 11:12:48 | INFO | Indexação em andamento | 15000 de 27963 PDFs
08/09/2026 11:12:48 | INFO | Indexação em andamento | 15100 de 27963 PDFs
08/09/2026 11:12:50 | INFO | Indexação em andamento | 15200 de 27963 PDFs
08/09/2026 11:12:50 | INFO | Indexação em andamento | 15300 de 27963 PDFs
08/09/2026 11:12:51 | INFO | Indexação em andamento | 15400 de 27963 PDFs
08/09/2026 11:12:52 | INFO | Indexação em andamento | 15500 de 27963 PDFs
08/09/2026 11:12:53 | INFO | Indexação em andamento | 15600 de 27963 PDFs
08/09/2026 11:12:54 | INFO | Indexação em andamento | 15700 de 27963 PDFs
08/09/2026 11:12:55 | INFO | Indexação em andamento | 15800 de 27963 PDFs
08/09/2026 11:12:56 | INFO | Indexação em andamento | 15900 de 27963 PDFs
08/09/2026 11:12:57 | INFO | Indexação em andamento | 16000 de 27963 PDFs
08/09/2026 11:12:58 | INFO | Indexação em andamento | 16100 de 27963 PDFs
08/09/2026 11:12:58 | INFO | Indexação em andamento | 16200 de 27963 PDFs
08/09/2026 11:12:59 | INFO | Indexação em andamento | 16300 de 27963 PDFs
08/09/2026 11:13:00 | INFO | Indexação em andamento | 16400 de 27963 PDFs
08/09/2026 11:13:01 | INFO | Indexação em andamento | 16500 de 27963 PDFs
08/09/2026 11:13:01 | INFO | Indexação em andamento | 16600 de 27963 PDFs
08/09/2026 11:13:02 | INFO | Indexação em andamento | 16700 de 27963 PDFs
08/09/2026 11:13:02 | INFO | Indexação em andamento | 16800 de 27963 PDFs
08/09/2026 11:13:03 | INFO | Indexação em andamento | 16900 de 27963 PDFs
08/09/2026 11:13:04 | INFO | Indexação em andamento | 17000 de 27963 PDFs
08/09/2026 11:13:04 | INFO | Indexação em andamento | 17100 de 27963 PDFs
08/09/2026 11:13:04 | INFO | Indexação em andamento | 17200 de 27963 PDFs
08/09/2026 11:13:05 | INFO | Indexação em andamento | 17300 de 27963 PDFs
08/09/2026 11:13:05 | INFO | Indexação em andamento | 17400 de 27963 PDFs
08/09/2026 11:13:06 | INFO | Indexação em andamento | 17500 de 27963 PDFs
08/09/2026 11:13:06 | INFO | Indexação em andamento | 17600 de 27963 PDFs
08/09/2026 11:13:07 | INFO | Indexação em andamento | 17700 de 27963 PDFs
08/09/2026 11:13:07 | INFO | Indexação em andamento | 17800 de 27963 PDFs
08/09/2026 11:13:08 | INFO | Indexação em andamento | 17900 de 27963 PDFs
08/09/2026 11:13:09 | INFO | Indexação em andamento | 18000 de 27963 PDFs
08/09/2026 11:13:10 | INFO | Indexação em andamento | 18100 de 27963 PDFs
08/09/2026 11:13:10 | INFO | Indexação em andamento | 18200 de 27963 PDFs
08/09/2026 11:13:10 | INFO | Indexação em andamento | 18300 de 27963 PDFs
08/09/2026 11:13:11 | INFO | Indexação em andamento | 18400 de 27963 PDFs
08/09/2026 11:13:12 | INFO | Indexação em andamento | 18500 de 27963 PDFs
08/09/2026 11:13:12 | INFO | Indexação em andamento | 18600 de 27963 PDFs
08/09/2026 11:13:13 | INFO | Indexação em andamento | 18700 de 27963 PDFs
08/09/2026 11:13:13 | INFO | Indexação em andamento | 18800 de 27963 PDFs
08/09/2026 11:13:14 | INFO | Indexação em andamento | 18900 de 27963 PDFs
08/09/2026 11:13:14 | INFO | Indexação em andamento | 19000 de 27963 PDFs
08/09/2026 11:13:15 | INFO | Indexação em andamento | 19100 de 27963 PDFs
08/09/2026 11:13:16 | INFO | Indexação em andamento | 19200 de 27963 PDFs
08/09/2026 11:13:16 | INFO | Indexação em andamento | 19300 de 27963 PDFs
08/09/2026 11:13:17 | INFO | Indexação em andamento | 19400 de 27963 PDFs
08/09/2026 11:13:17 | INFO | Indexação em andamento | 19500 de 27963 PDFs
08/09/2026 11:13:18 | INFO | Indexação em andamento | 19600 de 27963 PDFs
08/09/2026 11:13:19 | INFO | Indexação em andamento | 19700 de 27963 PDFs
08/09/2026 11:13:19 | INFO | Indexação em andamento | 19800 de 27963 PDFs
08/09/2026 11:13:20 | INFO | Indexação em andamento | 19900 de 27963 PDFs
08/09/2026 11:13:21 | INFO | Indexação em andamento | 20000 de 27963 PDFs
08/09/2026 11:13:21 | INFO | Indexação em andamento | 20100 de 27963 PDFs
08/09/2026 11:13:22 | INFO | Indexação em andamento | 20200 de 27963 PDFs
08/09/2026 11:13:22 | INFO | Indexação em andamento | 20300 de 27963 PDFs
08/09/2026 11:13:23 | INFO | Indexação em andamento | 20400 de 27963 PDFs
08/09/2026 11:13:23 | INFO | Indexação em andamento | 20500 de 27963 PDFs
08/09/2026 11:13:24 | INFO | Indexação em andamento | 20600 de 27963 PDFs
08/09/2026 11:13:24 | INFO | Indexação em andamento | 20700 de 27963 PDFs
08/09/2026 11:13:25 | INFO | Indexação em andamento | 20800 de 27963 PDFs
08/09/2026 11:13:25 | INFO | Indexação em andamento | 20900 de 27963 PDFs
08/09/2026 11:13:26 | INFO | Indexação em andamento | 21000 de 27963 PDFs
08/09/2026 11:13:26 | INFO | Indexação em andamento | 21100 de 27963 PDFs
08/09/2026 11:13:27 | INFO | Indexação em andamento | 21200 de 27963 PDFs
08/09/2026 11:13:27 | INFO | Indexação em andamento | 21300 de 27963 PDFs
08/09/2026 11:13:28 | INFO | Indexação em andamento | 21400 de 27963 PDFs
08/09/2026 11:13:28 | INFO | Indexação em andamento | 21500 de 27963 PDFs
08/09/2026 11:13:29 | INFO | Indexação em andamento | 21600 de 27963 PDFs
08/09/2026 11:13:29 | INFO | Indexação em andamento | 21700 de 27963 PDFs
08/09/2026 11:13:30 | INFO | Indexação em andamento | 21800 de 27963 PDFs
08/09/2026 11:13:30 | INFO | Indexação em andamento | 21900 de 27963 PDFs
08/09/2026 11:13:31 | INFO | Indexação em andamento | 22000 de 27963 PDFs
08/09/2026 11:13:31 | INFO | Indexação em andamento | 22100 de 27963 PDFs
08/09/2026 11:13:32 | INFO | Indexação em andamento | 22200 de 27963 PDFs
08/09/2026 11:13:32 | INFO | Indexação em andamento | 22300 de 27963 PDFs
08/09/2026 11:13:33 | INFO | Indexação em andamento | 22400 de 27963 PDFs
08/09/2026 11:13:33 | INFO | Indexação em andamento | 22500 de 27963 PDFs
08/09/2026 11:13:34 | INFO | Indexação em andamento | 22600 de 27963 PDFs
08/09/2026 11:13:35 | INFO | Indexação em andamento | 22700 de 27963 PDFs
08/09/2026 11:13:36 | INFO | Indexação em andamento | 22800 de 27963 PDFs
08/09/2026 11:13:36 | INFO | Indexação em andamento | 22900 de 27963 PDFs
08/09/2026 11:13:37 | INFO | Indexação em andamento | 23000 de 27963 PDFs
08/09/2026 11:13:37 | INFO | Indexação em andamento | 23100 de 27963 PDFs
08/09/2026 11:13:38 | INFO | Indexação em andamento | 23200 de 27963 PDFs
08/09/2026 11:13:38 | INFO | Indexação em andamento | 23300 de 27963 PDFs
08/09/2026 11:13:38 | INFO | Indexação em andamento | 23400 de 27963 PDFs
08/09/2026 11:13:39 | INFO | Indexação em andamento | 23500 de 27963 PDFs
08/09/2026 11:13:39 | INFO | Indexação em andamento | 23600 de 27963 PDFs
08/09/2026 11:13:39 | INFO | Indexação em andamento | 23700 de 27963 PDFs
08/09/2026 11:13:40 | INFO | Indexação em andamento | 23800 de 27963 PDFs
08/09/2026 11:13:40 | INFO | Indexação em andamento | 23900 de 27963 PDFs
08/09/2026 11:13:41 | INFO | Indexação em andamento | 24000 de 27963 PDFs
08/09/2026 11:13:41 | INFO | Indexação em andamento | 24100 de 27963 PDFs
08/09/2026 11:13:41 | INFO | Indexação em andamento | 24200 de 27963 PDFs
08/09/2026 11:13:42 | INFO | Indexação em andamento | 24300 de 27963 PDFs
08/09/2026 11:13:42 | INFO | Indexação em andamento | 24400 de 27963 PDFs
08/09/2026 11:13:42 | INFO | Indexação em andamento | 24500 de 27963 PDFs
08/09/2026 11:13:43 | INFO | Indexação em andamento | 24600 de 27963 PDFs
08/09/2026 11:13:43 | INFO | Indexação em andamento | 24700 de 27963 PDFs
08/09/2026 11:13:44 | INFO | Indexação em andamento | 24800 de 27963 PDFs
08/09/2026 11:13:44 | INFO | Indexação em andamento | 24900 de 27963 PDFs
08/09/2026 11:13:44 | INFO | Indexação em andamento | 25000 de 27963 PDFs
08/09/2026 11:13:45 | INFO | Indexação em andamento | 25100 de 27963 PDFs
08/09/2026 11:13:45 | INFO | Indexação em andamento | 25200 de 27963 PDFs
08/09/2026 11:13:46 | INFO | Indexação em andamento | 25300 de 27963 PDFs
08/09/2026 11:13:46 | INFO | Indexação em andamento | 25400 de 27963 PDFs
08/09/2026 11:13:46 | INFO | Indexação em andamento | 25500 de 27963 PDFs
08/09/2026 11:13:47 | INFO | Indexação em andamento | 25600 de 27963 PDFs
08/09/2026 11:13:47 | INFO | Indexação em andamento | 25700 de 27963 PDFs
08/09/2026 11:13:48 | INFO | Indexação em andamento | 25800 de 27963 PDFs
08/09/2026 11:13:48 | INFO | Indexação em andamento | 25900 de 27963 PDFs
08/09/2026 11:13:48 | INFO | Indexação em andamento | 26000 de 27963 PDFs
08/09/2026 11:13:49 | INFO | Indexação em andamento | 26100 de 27963 PDFs
08/09/2026 11:13:49 | INFO | Indexação em andamento | 26200 de 27963 PDFs
08/09/2026 11:13:49 | INFO | Indexação em andamento | 26300 de 27963 PDFs
08/09/2026 11:13:50 | INFO | Indexação em andamento | 26400 de 27963 PDFs
08/09/2026 11:13:50 | INFO | Indexação em andamento | 26500 de 27963 PDFs
08/09/2026 11:13:51 | INFO | Indexação em andamento | 26600 de 27963 PDFs
08/09/2026 11:13:51 | INFO | Indexação em andamento | 26700 de 27963 PDFs
08/09/2026 11:13:51 | INFO | Indexação em andamento | 26800 de 27963 PDFs
08/09/2026 11:13:52 | INFO | Indexação em andamento | 26900 de 27963 PDFs
08/09/2026 11:13:52 | INFO | Indexação em andamento | 27000 de 27963 PDFs
08/09/2026 11:13:53 | INFO | Indexação em andamento | 27100 de 27963 PDFs
08/09/2026 11:13:53 | INFO | Indexação em andamento | 27200 de 27963 PDFs
08/09/2026 11:13:54 | INFO | Indexação em andamento | 27300 de 27963 PDFs
08/09/2026 11:13:55 | INFO | Indexação em andamento | 27400 de 27963 PDFs
08/09/2026 11:13:55 | INFO | Indexação em andamento | 27500 de 27963 PDFs
08/09/2026 11:13:56 | INFO | Indexação em andamento | 27600 de 27963 PDFs
08/09/2026 11:13:56 | INFO | Indexação em andamento | 27700 de 27963 PDFs
08/09/2026 11:13:57 | INFO | Indexação em andamento | 27800 de 27963 PDFs
08/09/2026 11:13:57 | INFO | Indexação em andamento | 27900 de 27963 PDFs
08/09/2026 11:13:58 | INFO | Busca concluída | cnpj=63434801000185 | encontrados=6 | total_pdfs=27963 | lidos=0 | reaproveitados=27963 | sem_texto=6227 | erros=27 | segundos=347.24
08/09/2026 11:14:34 | INFO | ZIP gerado | cnpj=63434801000185 | arquivos=6
08/09/2026 13:04:46 | INFO | Indexação em andamento | 100 de 27963 PDFs
08/09/2026 13:04:46 | INFO | Indexação em andamento | 200 de 27963 PDFs
08/09/2026 13:04:47 | INFO | Indexação em andamento | 300 de 27963 PDFs
08/09/2026 13:04:47 | INFO | Indexação em andamento | 400 de 27963 PDFs
08/09/2026 13:04:48 | INFO | Indexação em andamento | 500 de 27963 PDFs
08/09/2026 13:04:49 | INFO | Indexação em andamento | 600 de 27963 PDFs
08/09/2026 13:04:49 | INFO | Indexação em andamento | 700 de 27963 PDFs
08/09/2026 13:04:50 | INFO | Indexação em andamento | 800 de 27963 PDFs
08/09/2026 13:04:51 | INFO | Indexação em andamento | 900 de 27963 PDFs
08/09/2026 13:04:52 | INFO | Indexação em andamento | 1000 de 27963 PDFs
08/09/2026 13:04:52 | INFO | Indexação em andamento | 1100 de 27963 PDFs
08/09/2026 13:04:53 | INFO | Indexação em andamento | 1200 de 27963 PDFs
08/09/2026 13:04:54 | INFO | Indexação em andamento | 1300 de 27963 PDFs
08/09/2026 13:04:54 | INFO | Indexação em andamento | 1400 de 27963 PDFs
08/09/2026 13:04:55 | INFO | Indexação em andamento | 1500 de 27963 PDFs
08/09/2026 13:04:56 | INFO | Indexação em andamento | 1600 de 27963 PDFs
08/09/2026 13:04:56 | INFO | Indexação em andamento | 1700 de 27963 PDFs
08/09/2026 13:04:57 | INFO | Indexação em andamento | 1800 de 27963 PDFs
08/09/2026 13:04:58 | INFO | Indexação em andamento | 1900 de 27963 PDFs
08/09/2026 13:04:59 | INFO | Indexação em andamento | 2000 de 27963 PDFs
08/09/2026 13:05:00 | INFO | Indexação em andamento | 2100 de 27963 PDFs
08/09/2026 13:05:00 | INFO | Indexação em andamento | 2200 de 27963 PDFs
08/09/2026 13:05:01 | INFO | Indexação em andamento | 2300 de 27963 PDFs
08/09/2026 13:05:02 | INFO | Indexação em andamento | 2400 de 27963 PDFs
08/09/2026 13:05:02 | INFO | Indexação em andamento | 2500 de 27963 PDFs
08/09/2026 13:05:03 | INFO | Indexação em andamento | 2600 de 27963 PDFs
08/09/2026 13:05:04 | INFO | Indexação em andamento | 2700 de 27963 PDFs
08/09/2026 13:05:04 | INFO | Indexação em andamento | 2800 de 27963 PDFs
08/09/2026 13:05:05 | INFO | Indexação em andamento | 2900 de 27963 PDFs
08/09/2026 13:05:05 | INFO | Indexação em andamento | 3000 de 27963 PDFs
08/09/2026 13:05:06 | INFO | Indexação em andamento | 3100 de 27963 PDFs
08/09/2026 13:05:06 | INFO | Indexação em andamento | 3200 de 27963 PDFs
08/09/2026 13:05:07 | INFO | Indexação em andamento | 3300 de 27963 PDFs
08/09/2026 13:05:07 | INFO | Indexação em andamento | 3400 de 27963 PDFs
08/09/2026 13:05:08 | INFO | Indexação em andamento | 3500 de 27963 PDFs
08/09/2026 13:05:08 | INFO | Indexação em andamento | 3600 de 27963 PDFs
08/09/2026 13:05:09 | INFO | Indexação em andamento | 3700 de 27963 PDFs
08/09/2026 13:05:10 | INFO | Indexação em andamento | 3800 de 27963 PDFs
08/09/2026 13:05:11 | INFO | Indexação em andamento | 3900 de 27963 PDFs
08/09/2026 13:05:12 | INFO | Indexação em andamento | 4000 de 27963 PDFs
08/09/2026 13:05:12 | INFO | Indexação em andamento | 4100 de 27963 PDFs
08/09/2026 13:05:13 | INFO | Indexação em andamento | 4200 de 27963 PDFs
08/09/2026 13:05:14 | INFO | Indexação em andamento | 4300 de 27963 PDFs
08/09/2026 13:05:14 | INFO | Indexação em andamento | 4400 de 27963 PDFs
08/09/2026 13:05:15 | INFO | Indexação em andamento | 4500 de 27963 PDFs
08/09/2026 13:05:16 | INFO | Indexação em andamento | 4600 de 27963 PDFs
08/09/2026 13:05:16 | INFO | Indexação em andamento | 4700 de 27963 PDFs
08/09/2026 13:05:17 | INFO | Indexação em andamento | 4800 de 27963 PDFs
08/09/2026 13:05:17 | INFO | Indexação em andamento | 4900 de 27963 PDFs
08/09/2026 13:05:18 | INFO | Indexação em andamento | 5000 de 27963 PDFs
08/09/2026 13:05:19 | INFO | Indexação em andamento | 5100 de 27963 PDFs
08/09/2026 13:05:19 | INFO | Indexação em andamento | 5200 de 27963 PDFs
08/09/2026 13:05:20 | INFO | Indexação em andamento | 5300 de 27963 PDFs
08/09/2026 13:05:20 | INFO | Indexação em andamento | 5400 de 27963 PDFs
08/09/2026 13:05:21 | INFO | Indexação em andamento | 5500 de 27963 PDFs
08/09/2026 13:05:21 | INFO | Indexação em andamento | 5600 de 27963 PDFs
08/09/2026 13:05:22 | INFO | Indexação em andamento | 5700 de 27963 PDFs
08/09/2026 13:05:23 | INFO | Indexação em andamento | 5800 de 27963 PDFs
08/09/2026 13:05:24 | INFO | Indexação em andamento | 5900 de 27963 PDFs
08/09/2026 13:05:25 | INFO | Indexação em andamento | 6000 de 27963 PDFs
08/09/2026 13:05:26 | INFO | Indexação em andamento | 6100 de 27963 PDFs
08/09/2026 13:05:27 | INFO | Indexação em andamento | 6200 de 27963 PDFs
08/09/2026 13:05:27 | INFO | Indexação em andamento | 6300 de 27963 PDFs
08/09/2026 13:05:28 | INFO | Indexação em andamento | 6400 de 27963 PDFs
08/09/2026 13:05:28 | INFO | Indexação em andamento | 6500 de 27963 PDFs
08/09/2026 13:05:30 | INFO | Indexação em andamento | 6600 de 27963 PDFs
08/09/2026 13:05:31 | INFO | Indexação em andamento | 6700 de 27963 PDFs
08/09/2026 13:05:33 | INFO | Indexação em andamento | 6800 de 27963 PDFs
08/09/2026 13:05:36 | INFO | Indexação em andamento | 6900 de 27963 PDFs
08/09/2026 13:05:38 | INFO | Indexação em andamento | 7000 de 27963 PDFs
08/09/2026 13:05:39 | INFO | Indexação em andamento | 7100 de 27963 PDFs
08/09/2026 13:05:39 | INFO | Indexação em andamento | 7200 de 27963 PDFs
08/09/2026 13:05:40 | INFO | Indexação em andamento | 7300 de 27963 PDFs
08/09/2026 13:05:42 | INFO | Indexação em andamento | 7400 de 27963 PDFs
08/09/2026 13:05:44 | INFO | Indexação em andamento | 7500 de 27963 PDFs
08/09/2026 13:05:45 | INFO | Indexação em andamento | 7600 de 27963 PDFs
08/09/2026 13:05:46 | INFO | Indexação em andamento | 7700 de 27963 PDFs
08/09/2026 13:05:47 | INFO | Indexação em andamento | 7800 de 27963 PDFs
08/09/2026 13:05:47 | INFO | Indexação em andamento | 7900 de 27963 PDFs
08/09/2026 13:05:48 | INFO | Indexação em andamento | 8000 de 27963 PDFs
08/09/2026 13:05:49 | INFO | Indexação em andamento | 8100 de 27963 PDFs
08/09/2026 13:05:49 | INFO | Indexação em andamento | 8200 de 27963 PDFs
08/09/2026 13:05:50 | INFO | Indexação em andamento | 8300 de 27963 PDFs
08/09/2026 13:05:51 | INFO | Indexação em andamento | 8400 de 27963 PDFs
08/09/2026 13:05:52 | INFO | Indexação em andamento | 8500 de 27963 PDFs
08/09/2026 13:05:53 | INFO | Indexação em andamento | 8600 de 27963 PDFs
08/09/2026 13:05:53 | INFO | Indexação em andamento | 8700 de 27963 PDFs
08/09/2026 13:05:54 | INFO | Indexação em andamento | 8800 de 27963 PDFs
08/09/2026 13:05:55 | INFO | Indexação em andamento | 8900 de 27963 PDFs
08/09/2026 13:05:55 | INFO | Indexação em andamento | 9000 de 27963 PDFs
08/09/2026 13:05:56 | INFO | Indexação em andamento | 9100 de 27963 PDFs
08/09/2026 13:05:56 | INFO | Indexação em andamento | 9200 de 27963 PDFs
08/09/2026 13:05:57 | INFO | Indexação em andamento | 9300 de 27963 PDFs
08/09/2026 13:05:58 | INFO | Indexação em andamento | 9400 de 27963 PDFs
08/09/2026 13:05:58 | INFO | Indexação em andamento | 9500 de 27963 PDFs
08/09/2026 13:05:59 | INFO | Indexação em andamento | 9600 de 27963 PDFs
08/09/2026 13:05:59 | INFO | Indexação em andamento | 9700 de 27963 PDFs
08/09/2026 13:06:00 | INFO | Indexação em andamento | 9800 de 27963 PDFs
08/09/2026 13:06:01 | INFO | Indexação em andamento | 9900 de 27963 PDFs
08/09/2026 13:06:02 | INFO | Indexação em andamento | 10000 de 27963 PDFs
08/09/2026 13:06:02 | INFO | Indexação em andamento | 10100 de 27963 PDFs
08/09/2026 13:06:03 | INFO | Indexação em andamento | 10200 de 27963 PDFs
08/09/2026 13:06:04 | INFO | Indexação em andamento | 10300 de 27963 PDFs
08/09/2026 13:06:05 | INFO | Indexação em andamento | 10400 de 27963 PDFs
08/09/2026 13:06:05 | INFO | Indexação em andamento | 10500 de 27963 PDFs
08/09/2026 13:06:06 | INFO | Indexação em andamento | 10600 de 27963 PDFs
08/09/2026 13:06:07 | INFO | Indexação em andamento | 10700 de 27963 PDFs
08/09/2026 13:06:08 | INFO | Indexação em andamento | 10800 de 27963 PDFs
08/09/2026 13:06:09 | INFO | Indexação em andamento | 10900 de 27963 PDFs
08/09/2026 13:06:09 | INFO | Indexação em andamento | 11000 de 27963 PDFs
08/09/2026 13:06:10 | INFO | Indexação em andamento | 11100 de 27963 PDFs
08/09/2026 13:06:10 | INFO | Indexação em andamento | 11200 de 27963 PDFs
08/09/2026 13:06:11 | INFO | Indexação em andamento | 11300 de 27963 PDFs
08/09/2026 13:06:12 | INFO | Indexação em andamento | 11400 de 27963 PDFs
08/09/2026 13:06:12 | INFO | Indexação em andamento | 11500 de 27963 PDFs
08/09/2026 13:06:13 | INFO | Indexação em andamento | 11600 de 27963 PDFs
08/09/2026 13:06:13 | INFO | Indexação em andamento | 11700 de 27963 PDFs
08/09/2026 13:06:14 | INFO | Indexação em andamento | 11800 de 27963 PDFs
08/09/2026 13:06:14 | INFO | Indexação em andamento | 11900 de 27963 PDFs
08/09/2026 13:06:15 | INFO | Indexação em andamento | 12000 de 27963 PDFs
08/09/2026 13:06:15 | INFO | Indexação em andamento | 12100 de 27963 PDFs
08/09/2026 13:06:16 | INFO | Indexação em andamento | 12200 de 27963 PDFs
08/09/2026 13:06:16 | INFO | Indexação em andamento | 12300 de 27963 PDFs
08/09/2026 13:06:17 | INFO | Indexação em andamento | 12400 de 27963 PDFs
08/09/2026 13:06:17 | INFO | Indexação em andamento | 12500 de 27963 PDFs
08/09/2026 13:06:18 | INFO | Indexação em andamento | 12600 de 27963 PDFs
08/09/2026 13:06:19 | INFO | Indexação em andamento | 12700 de 27963 PDFs
08/09/2026 13:06:19 | INFO | Indexação em andamento | 12800 de 27963 PDFs
08/09/2026 13:06:20 | INFO | Indexação em andamento | 12900 de 27963 PDFs
08/09/2026 13:06:20 | INFO | Indexação em andamento | 13000 de 27963 PDFs
08/09/2026 13:06:20 | INFO | Indexação em andamento | 13100 de 27963 PDFs
08/09/2026 13:06:21 | INFO | Indexação em andamento | 13200 de 27963 PDFs
08/09/2026 13:06:22 | INFO | Indexação em andamento | 13300 de 27963 PDFs
08/09/2026 13:06:23 | INFO | Indexação em andamento | 13400 de 27963 PDFs
08/09/2026 13:06:24 | INFO | Indexação em andamento | 13500 de 27963 PDFs
08/09/2026 13:06:25 | INFO | Indexação em andamento | 13600 de 27963 PDFs
08/09/2026 13:06:26 | INFO | Indexação em andamento | 13700 de 27963 PDFs
08/09/2026 13:06:27 | INFO | Indexação em andamento | 13800 de 27963 PDFs
08/09/2026 13:06:27 | INFO | Indexação em andamento | 13900 de 27963 PDFs
08/09/2026 13:06:28 | INFO | Indexação em andamento | 14000 de 27963 PDFs
08/09/2026 13:06:29 | INFO | Indexação em andamento | 14100 de 27963 PDFs
08/09/2026 13:06:29 | INFO | Indexação em andamento | 14200 de 27963 PDFs
08/09/2026 13:06:30 | INFO | Indexação em andamento | 14300 de 27963 PDFs
08/09/2026 13:06:30 | INFO | Indexação em andamento | 14400 de 27963 PDFs
08/09/2026 13:06:31 | INFO | Indexação em andamento | 14500 de 27963 PDFs
08/09/2026 13:06:32 | INFO | Indexação em andamento | 14600 de 27963 PDFs
08/09/2026 13:06:33 | INFO | Indexação em andamento | 14700 de 27963 PDFs
08/09/2026 13:06:33 | INFO | Indexação em andamento | 14800 de 27963 PDFs
08/09/2026 13:06:34 | INFO | Indexação em andamento | 14900 de 27963 PDFs
08/09/2026 13:06:35 | INFO | Indexação em andamento | 15000 de 27963 PDFs
08/09/2026 13:06:36 | INFO | Indexação em andamento | 15100 de 27963 PDFs
08/09/2026 13:06:37 | INFO | Indexação em andamento | 15200 de 27963 PDFs
08/09/2026 13:06:39 | INFO | Indexação em andamento | 15300 de 27963 PDFs
08/09/2026 13:06:40 | INFO | Indexação em andamento | 15400 de 27963 PDFs
08/09/2026 13:06:41 | INFO | Indexação em andamento | 15500 de 27963 PDFs
08/09/2026 13:06:43 | INFO | Indexação em andamento | 15600 de 27963 PDFs
08/09/2026 13:06:44 | INFO | Indexação em andamento | 15700 de 27963 PDFs
08/09/2026 13:06:46 | INFO | Indexação em andamento | 15800 de 27963 PDFs
08/09/2026 13:06:47 | INFO | Indexação em andamento | 15900 de 27963 PDFs
08/09/2026 13:06:48 | INFO | Indexação em andamento | 16000 de 27963 PDFs
08/09/2026 13:06:50 | INFO | Indexação em andamento | 16100 de 27963 PDFs
08/09/2026 13:06:50 | INFO | Indexação em andamento | 16200 de 27963 PDFs
08/09/2026 13:06:52 | INFO | Indexação em andamento | 16300 de 27963 PDFs
08/09/2026 13:06:53 | INFO | Indexação em andamento | 16400 de 27963 PDFs
08/09/2026 13:06:54 | INFO | Indexação em andamento | 16500 de 27963 PDFs
08/09/2026 13:06:54 | INFO | Indexação em andamento | 16600 de 27963 PDFs
08/09/2026 13:06:55 | INFO | Indexação em andamento | 16700 de 27963 PDFs
08/09/2026 13:06:55 | INFO | Indexação em andamento | 16800 de 27963 PDFs
08/09/2026 13:06:56 | INFO | Indexação em andamento | 16900 de 27963 PDFs
08/09/2026 13:06:56 | INFO | Indexação em andamento | 17000 de 27963 PDFs
08/09/2026 13:06:57 | INFO | Indexação em andamento | 17100 de 27963 PDFs
08/09/2026 13:06:57 | INFO | Indexação em andamento | 17200 de 27963 PDFs
08/09/2026 13:06:58 | INFO | Indexação em andamento | 17300 de 27963 PDFs
08/09/2026 13:06:58 | INFO | Indexação em andamento | 17400 de 27963 PDFs
08/09/2026 13:06:59 | INFO | Indexação em andamento | 17500 de 27963 PDFs
08/09/2026 13:06:59 | INFO | Indexação em andamento | 17600 de 27963 PDFs
08/09/2026 13:06:59 | INFO | Indexação em andamento | 17700 de 27963 PDFs
08/09/2026 13:07:00 | INFO | Indexação em andamento | 17800 de 27963 PDFs
08/09/2026 13:07:01 | INFO | Indexação em andamento | 17900 de 27963 PDFs
08/09/2026 13:07:01 | INFO | Indexação em andamento | 18000 de 27963 PDFs
08/09/2026 13:07:02 | INFO | Indexação em andamento | 18100 de 27963 PDFs
08/09/2026 13:07:03 | INFO | Indexação em andamento | 18200 de 27963 PDFs
08/09/2026 13:07:03 | INFO | Indexação em andamento | 18300 de 27963 PDFs
08/09/2026 13:07:04 | INFO | Indexação em andamento | 18400 de 27963 PDFs
08/09/2026 13:07:04 | INFO | Indexação em andamento | 18500 de 27963 PDFs
08/09/2026 13:07:05 | INFO | Indexação em andamento | 18600 de 27963 PDFs
08/09/2026 13:07:06 | INFO | Indexação em andamento | 18700 de 27963 PDFs
08/09/2026 13:07:06 | INFO | Indexação em andamento | 18800 de 27963 PDFs
08/09/2026 13:07:07 | INFO | Indexação em andamento | 18900 de 27963 PDFs
08/09/2026 13:07:07 | INFO | Indexação em andamento | 19000 de 27963 PDFs
08/09/2026 13:07:08 | INFO | Indexação em andamento | 19100 de 27963 PDFs
08/09/2026 13:07:09 | INFO | Indexação em andamento | 19200 de 27963 PDFs
08/09/2026 13:07:09 | INFO | Indexação em andamento | 19300 de 27963 PDFs
08/09/2026 13:07:10 | INFO | Indexação em andamento | 19400 de 27963 PDFs
08/09/2026 13:07:10 | INFO | Indexação em andamento | 19500 de 27963 PDFs
08/09/2026 13:07:11 | INFO | Indexação em andamento | 19600 de 27963 PDFs
08/09/2026 13:07:12 | INFO | Indexação em andamento | 19700 de 27963 PDFs
08/09/2026 13:07:13 | INFO | Indexação em andamento | 19800 de 27963 PDFs
08/09/2026 13:07:13 | INFO | Indexação em andamento | 19900 de 27963 PDFs
08/09/2026 13:07:14 | INFO | Indexação em andamento | 20000 de 27963 PDFs
08/09/2026 13:07:15 | INFO | Indexação em andamento | 20100 de 27963 PDFs
08/09/2026 13:07:15 | INFO | Indexação em andamento | 20200 de 27963 PDFs
08/09/2026 13:07:16 | INFO | Indexação em andamento | 20300 de 27963 PDFs
08/09/2026 13:07:16 | INFO | Indexação em andamento | 20400 de 27963 PDFs
08/09/2026 13:07:17 | INFO | Indexação em andamento | 20500 de 27963 PDFs
08/09/2026 13:07:18 | INFO | Indexação em andamento | 20600 de 27963 PDFs
08/09/2026 13:07:18 | INFO | Indexação em andamento | 20700 de 27963 PDFs
08/09/2026 13:07:19 | INFO | Indexação em andamento | 20800 de 27963 PDFs
08/09/2026 13:07:19 | INFO | Indexação em andamento | 20900 de 27963 PDFs
08/09/2026 13:07:20 | INFO | Indexação em andamento | 21000 de 27963 PDFs
08/09/2026 13:07:20 | INFO | Indexação em andamento | 21100 de 27963 PDFs
08/09/2026 13:07:21 | INFO | Indexação em andamento | 21200 de 27963 PDFs
08/09/2026 13:07:21 | INFO | Indexação em andamento | 21300 de 27963 PDFs
08/09/2026 13:07:22 | INFO | Indexação em andamento | 21400 de 27963 PDFs
08/09/2026 13:07:23 | INFO | Indexação em andamento | 21500 de 27963 PDFs
08/09/2026 13:07:23 | INFO | Indexação em andamento | 21600 de 27963 PDFs
08/09/2026 13:07:24 | INFO | Indexação em andamento | 21700 de 27963 PDFs
08/09/2026 13:07:25 | INFO | Indexação em andamento | 21800 de 27963 PDFs
08/09/2026 13:07:25 | INFO | Indexação em andamento | 21900 de 27963 PDFs
08/09/2026 13:07:26 | INFO | Indexação em andamento | 22000 de 27963 PDFs
08/09/2026 13:07:27 | INFO | Indexação em andamento | 22100 de 27963 PDFs
08/09/2026 13:07:27 | INFO | Indexação em andamento | 22200 de 27963 PDFs
08/09/2026 13:07:28 | INFO | Indexação em andamento | 22300 de 27963 PDFs
08/09/2026 13:07:28 | INFO | Indexação em andamento | 22400 de 27963 PDFs
08/09/2026 13:07:29 | INFO | Indexação em andamento | 22500 de 27963 PDFs
08/09/2026 13:07:30 | INFO | Indexação em andamento | 22600 de 27963 PDFs
08/09/2026 13:07:31 | INFO | Indexação em andamento | 22700 de 27963 PDFs
08/09/2026 13:07:33 | INFO | Indexação em andamento | 22800 de 27963 PDFs
08/09/2026 13:07:34 | INFO | Indexação em andamento | 22900 de 27963 PDFs
08/09/2026 13:07:34 | INFO | Indexação em andamento | 23000 de 27963 PDFs
08/09/2026 13:07:35 | INFO | Indexação em andamento | 23100 de 27963 PDFs
08/09/2026 13:07:35 | INFO | Indexação em andamento | 23200 de 27963 PDFs
08/09/2026 13:07:36 | INFO | Indexação em andamento | 23300 de 27963 PDFs
08/09/2026 13:07:37 | INFO | Indexação em andamento | 23400 de 27963 PDFs
08/09/2026 13:07:37 | INFO | Indexação em andamento | 23500 de 27963 PDFs
08/09/2026 13:07:38 | INFO | Indexação em andamento | 23600 de 27963 PDFs
08/09/2026 13:07:39 | INFO | Indexação em andamento | 23700 de 27963 PDFs
08/09/2026 13:07:39 | INFO | Indexação em andamento | 23800 de 27963 PDFs
08/09/2026 13:07:39 | INFO | Indexação em andamento | 23900 de 27963 PDFs
08/09/2026 13:07:40 | INFO | Indexação em andamento | 24000 de 27963 PDFs
08/09/2026 13:07:40 | INFO | Indexação em andamento | 24100 de 27963 PDFs
08/09/2026 13:07:41 | INFO | Indexação em andamento | 24200 de 27963 PDFs
08/09/2026 13:07:41 | INFO | Indexação em andamento | 24300 de 27963 PDFs
08/09/2026 13:07:41 | INFO | Indexação em andamento | 24400 de 27963 PDFs
08/09/2026 13:07:42 | INFO | Indexação em andamento | 24500 de 27963 PDFs
08/09/2026 13:07:42 | INFO | Indexação em andamento | 24600 de 27963 PDFs
08/09/2026 13:07:43 | INFO | Indexação em andamento | 24700 de 27963 PDFs
08/09/2026 13:07:43 | INFO | Indexação em andamento | 24800 de 27963 PDFs
08/09/2026 13:07:43 | INFO | Indexação em andamento | 24900 de 27963 PDFs
08/09/2026 13:07:44 | INFO | Indexação em andamento | 25000 de 27963 PDFs
08/09/2026 13:07:44 | INFO | Indexação em andamento | 25100 de 27963 PDFs
08/09/2026 13:07:45 | INFO | Indexação em andamento | 25200 de 27963 PDFs
08/09/2026 13:07:45 | INFO | Indexação em andamento | 25300 de 27963 PDFs
08/09/2026 13:07:45 | INFO | Indexação em andamento | 25400 de 27963 PDFs
08/09/2026 13:07:46 | INFO | Indexação em andamento | 25500 de 27963 PDFs
08/09/2026 13:07:46 | INFO | Indexação em andamento | 25600 de 27963 PDFs
08/09/2026 13:07:47 | INFO | Indexação em andamento | 25700 de 27963 PDFs
08/09/2026 13:07:47 | INFO | Indexação em andamento | 25800 de 27963 PDFs
08/09/2026 13:07:48 | INFO | Indexação em andamento | 25900 de 27963 PDFs
08/09/2026 13:07:48 | INFO | Indexação em andamento | 26000 de 27963 PDFs
08/09/2026 13:07:48 | INFO | Indexação em andamento | 26100 de 27963 PDFs
08/09/2026 13:07:49 | INFO | Indexação em andamento | 26200 de 27963 PDFs
08/09/2026 13:07:49 | INFO | Indexação em andamento | 26300 de 27963 PDFs
08/09/2026 13:07:49 | INFO | Indexação em andamento | 26400 de 27963 PDFs
08/09/2026 13:07:50 | INFO | Indexação em andamento | 26500 de 27963 PDFs
08/09/2026 13:20:30 | INFO | Atualizando índice | motor=pypdf | raiz=F:\Documentos\Rafael
08/09/2026 13:20:31 | INFO | Busca concluída | cnpj=47722249000174 | encontrados=0 | total_pdfs=0 | lidos=0 | reaproveitados=0 | sem_texto=0 | erros=0 | segundos=0.38
08/09/2026 13:20:31 | WARNING | PDF não indexado | arquivo=F:\Documentos\Rafael\1 - JUCEMAT - MODELOS DE PROCESSOS\TERMO DE NOMEAÇÃO DE ADMINISTRADOR DE ARMAZÉM.pdf | motivo=PDF sem texto numérico extraível; pode ser escaneado
08/09/2026 13:20:31 | WARNING | PDF não indexado | arquivo=F:\Documentos\Rafael\1 - JUCEMAT - MODELOS DE PROCESSOS\TERMO DE RESPOSNABILIDADE E ACEITAÇÃO  DO CARGO DE ADMINISTRADOR DE ARMAZÉM.pdf | motivo=PDF sem texto numérico extraível; pode ser escaneado
08/09/2026 13:20:32 | WARNING | PDF não indexado | arquivo=F:\Documentos\Rafael\1 - JUCEMAT - MODELOS DE PROCESSOS\INCORPORAÇÃO\BALANÇO PARA FIINS DE INCORPORAÇÃO - TRR BG.pdf | motivo=PDF sem texto numérico extraível; pode ser escaneado
08/09/2026 13:20:32 | WARNING | PDF não indexado | arquivo=F:\Documentos\Rafael\1 - JUCEMAT - MODELOS DE PROCESSOS\LIVROS PARA SOCIEDADE ANONIMA - SA\LIVRO DE ATAS DE ASSEMBLEIAS.pdf | motivo=PDF sem texto numérico extraível; pode ser escaneado
08/09/2026 13:20:33 | WARNING | PDF não indexado | arquivo=F:\Documentos\Rafael\1 - JUCEMAT - MODELOS DE PROCESSOS\LIVROS PARA SOCIEDADE ANONIMA - SA\LIVRO DE TRANSFERENCIA DE AÇÕES.pdf | motivo=PDF sem texto numérico extraível; pode ser escaneado
08/09/2026 13:20:33 | WARNING | PDF não indexado | arquivo=F:\Documentos\Rafael\1 - JUCEMAT - MODELOS DE PROCESSOS\LIVROS PARA SOCIEDADE ANONIMA - SA\LIVRO PRESENÇA DE ACIONISTAS.pdf | motivo=PDF sem texto numérico extraível; pode ser escaneado
08/09/2026 13:20:33 | WARNING | PDF não indexado | arquivo=F:\Documentos\Rafael\1 - JUCEMAT - MODELOS DE PROCESSOS\LIVROS PARA SOCIEDADE ANONIMA - SA\LIVRO REGISTRO DE AÇÕES.pdf | motivo=PDF sem texto numérico extraível; pode ser escaneado
08/09/2026 13:20:34 | INFO | Indexação | verificados=25 | lidos=25 | reaproveitados=0
08/09/2026 13:20:34 | WARNING | PDF não indexado | arquivo=F:\Documentos\Rafael\1 - JUCEMAT - MODELOS DE PROCESSOS\SOCIEDADE ANONIMA - BIOCOMBUSTIVEL\ADITIVO A FICHA PROPOSTA.PDF.pdf | motivo=PDF sem texto numérico extraível; pode ser escaneado
08/09/2026 13:20:35 | WARNING | PDF não indexado | arquivo=F:\Documentos\Rafael\1 - JUCEMAT - MODELOS DE PROCESSOS\SOCIEDADE ANONIMA - BIOCOMBUSTIVEL\COMPROVANTES DE DEPOSITO.pdf | motivo=PDF sem texto numérico extraível; pode ser escaneado
08/09/2026 13:20:37 | WARNING | PDF não indexado | arquivo=F:\Documentos\Rafael\1 - JUCEMAT - MODELOS DE PROCESSOS\SOCIEDADE ANONIMA - BIOCOMBUSTIVEL\EXTRATO.PDF.pdf | motivo=PDF sem texto numérico extraível; pode ser escaneado
08/09/2026 13:20:37 | WARNING | PDF não indexado | arquivo=F:\Documentos\Rafael\1 - JUCEMAT - MODELOS DE PROCESSOS\SOCIEDADE ANONIMA - BIOCOMBUSTIVEL\RECIBO DEPOSITO.PDF.pdf | motivo=PDF sem texto numérico extraível; pode ser escaneado
08/09/2026 13:20:37 | WARNING | PDF não indexado | arquivo=F:\Documentos\Rafael\12 - INSCRIÇÃO ESTADUAL - SUBSTITUTO TRIBUTARIO\Contrato Social Cerâmica Almeida 21.pdf | motivo=PDF sem texto numérico extraível; pode ser escaneado
08/09/2026 13:20:37 | WARNING | PDF não indexado | arquivo=F:\Documentos\Rafael\12 - INSCRIÇÃO ESTADUAL - SUBSTITUTO TRIBUTARIO\CRC ALEXANDRE .pdf | motivo=PDF sem texto numérico extraível; pode ser escaneado
08/09/2026 13:20:38 | WARNING | PDF não indexado | arquivo=F:\Documentos\Rafael\12 - INSCRIÇÃO ESTADUAL - SUBSTITUTO TRIBUTARIO\ORÇAMENTO ASSINADO PELO CONTRATANTE.pdf | motivo=PDF sem texto numérico extraível; pode ser escaneado
08/09/2026 13:20:38 | WARNING | PDF não indexado | arquivo=F:\Documentos\Rafael\12 - INSCRIÇÃO ESTADUAL - SUBSTITUTO TRIBUTARIO\FILIAL\CERTIDÃO FALENCIA - FILIAL.pdf | motivo=PDF sem texto numérico extraível; pode ser escaneado
08/09/2026 13:20:38 | WARNING | PDF não indexado | arquivo=F:\Documentos\Rafael\12 - INSCRIÇÃO ESTADUAL - SUBSTITUTO TRIBUTARIO\FILIAL\CERTIDÃO INMETRO - FILIAL.pdf | motivo=PDF sem texto numérico extraível; pode ser escaneado
08/09/2026 13:20:39 | INFO | Indexação | verificados=50 | lidos=50 | reaproveitados=0
08/09/2026 13:20:39 | WARNING | PDF não indexado | arquivo=F:\Documentos\Rafael\12 - INSCRIÇÃO ESTADUAL - SUBSTITUTO TRIBUTARIO\MATRIZ\CERTIDÃO FALENCIA MATRIZ.pdf | motivo=PDF sem texto numérico extraível; pode ser escaneado
08/09/2026 13:20:39 | WARNING | PDF não indexado | arquivo=F:\Documentos\Rafael\12 - INSCRIÇÃO ESTADUAL - SUBSTITUTO TRIBUTARIO\MATRIZ\CERTIDÃO INMETRO - MATRIZ.pdf | motivo=PDF sem texto numérico extraível; pode ser escaneado
08/09/2026 13:20:40 | WARNING | PDF não indexado | arquivo=F:\Documentos\Rafael\13 - MANUAL DOS PROCESSOS\33 - EMISSÃO CNPJ .pdf | motivo=PDF sem texto numérico extraível; pode ser escaneado
08/09/2026 13:20:40 | WARNING | PDF não indexado | arquivo=F:\Documentos\Rafael\13 - MANUAL DOS PROCESSOS\34 - EMISSÃO CERTIDÃO FALENCIA E RECUPERAÇÃO JUDICIAL.pdf | motivo=PDF sem texto numérico extraível; pode ser escaneado
08/09/2026 13:20:41 | WARNING | PDF não indexado | arquivo=F:\Documentos\Rafael\13 - MANUAL DOS PROCESSOS\36 - EMISSÃO CERTIDÃO FALENCIA E RECUPERAÇÃO JUDICIAL.pdf | motivo=PDF sem texto numérico extraível; pode ser escaneado
08/09/2026 13:20:43 | WARNING | PDF não indexado | arquivo=F:\Documentos\Rafael\13 - MANUAL DOS PROCESSOS\MODELO FIEL DEPOSITARIO\FIEL DEPOSITARIO - COOPERATIVA DE COLONIZACAO AGROPECUARIA E INDUSTRIAL PINDORAMA LTDA\DOCUMENTOS ANTONIO DE OLIVEIRA -CNH.pdf | motivo=PDF sem texto numérico extraível; pode ser escaneado
08/09/2026 13:20:43 | INFO | Indexação | verificados=75 | lidos=75 | reaproveitados=0
08/09/2026 13:20:43 | WARNING | PDF não indexado | arquivo=F:\Documentos\Rafael\13 - MANUAL DOS PROCESSOS\MODELO FIEL DEPOSITARIO\FIEL DEPOSITARIO - COOPERATIVA DE COLONIZACAO AGROPECUARIA E INDUSTRIAL PINDORAMA LTDA\DOCUMENTOS KLÉCIO JOSE - CNH.pdf | motivo=PDF sem texto numérico extraível; pode ser escaneado
08/09/2026 13:20:44 | WARNING | PDF não indexado | arquivo=F:\Documentos\Rafael\13 - MANUAL DOS PROCESSOS\MODELO FIEL DEPOSITARIO\FIEL DEPOSITARIO - COOPERATIVA DE COLONIZACAO AGROPECUARIA E INDUSTRIAL PINDORAMA LTDA\ESTATUTO SOCIAL.pdf | motivo=PDF sem texto numérico extraível; pode ser escaneado
08/09/2026 13:20:48 | INFO | Indexação | verificados=100 | lidos=100 | reaproveitados=0
08/09/2026 13:21:01 | WARNING | PDF não indexado | arquivo=F:\Documentos\Rafael\13 - MANUAL DOS PROCESSOS\MODELO FIEL DEPOSITARIO\FIEL DEPOSITARIO - COOPERATIVA DE COLONIZACAO AGROPECUARIA E INDUSTRIAL PINDORAMA LTDA\PUBLICAÇÕES JORNAIS\DECLARAÇÃO DE ARMAZEM GERAL - Diário oficial.pdf | motivo=PDF sem texto numérico extraível; pode ser escaneado
08/09/2026 13:22:45 | INFO | Busca concluída | cnpj=42072999000124 | encontrados=0 | total_pdfs=100 | lidos=0 | reaproveitados=100 | sem_texto=24 | erros=0 | segundos=0.30
08/09/2026 13:22:51 | WARNING | PDF não indexado | arquivo=F:\Documentos\Rafael\13 - MANUAL DOS PROCESSOS\MODELO FIEL DEPOSITARIO\FIEL DEPOSITARIO - COOPERATIVA DE COLONIZACAO AGROPECUARIA E INDUSTRIAL PINDORAMA LTDA\PUBLICAÇÕES JORNAIS\REGULAMENTO INTERNO - Diário oficial.pdf | motivo=PDF sem texto numérico extraível; pode ser escaneado
08/09/2026 13:23:04 | WARNING | PDF não indexado | arquivo=F:\Documentos\Rafael\13 - MANUAL DOS PROCESSOS\MODELO FIEL DEPOSITARIO\FIEL DEPOSITARIO - COOPERATIVA DE COLONIZACAO AGROPECUARIA E INDUSTRIAL PINDORAMA LTDA\PUBLICAÇÕES JORNAIS\TABELA DE TARIFAS - Diário oficial.pdf | motivo=PDF sem texto numérico extraível; pode ser escaneado
08/09/2026 13:23:06 | WARNING | PDF não indexado | arquivo=F:\Documentos\Rafael\13 - MANUAL DOS PROCESSOS\MODELO FIEL DEPOSITARIO\FIEL DEPOSITARIO - COOPERATIVA DE COLONIZACAO AGROPECUARIA E INDUSTRIAL PINDORAMA LTDA\PUBLICAÇÕES JORNAIS\PUBLICAÇÕES - NOMEAÇÃO DE FIEL\PUBLICAÇÃO - Diário OFicial.pdf | motivo=PDF sem texto numérico extraível; pode ser escaneado
08/09/2026 13:23:17 | WARNING | PDF não indexado | arquivo=F:\Documentos\Rafael\13 - MANUAL DOS PROCESSOS\MODELO FIEL DEPOSITARIO\FIEL DEPOSITARIO - COOPERGRAOS COOPERATIVA DE ARMAZENAGEM DE GRAOS DE CAMPO VERDE\DOCUMENTOS EMPRESA\CERTIDAO CASAMENTO ALCINDO LIBRELOTTO.pdf | motivo=PDF sem texto numérico extraível; pode ser escaneado
08/09/2026 13:23:17 | WARNING | PDF não indexado | arquivo=F:\Documentos\Rafael\13 - MANUAL DOS PROCESSOS\MODELO FIEL DEPOSITARIO\FIEL DEPOSITARIO - COOPERGRAOS COOPERATIVA DE ARMAZENAGEM DE GRAOS DE CAMPO VERDE\DOCUMENTOS EMPRESA\CNH ALCINDO LIBRELOTTO.pdf | motivo=PDF sem texto numérico extraível; pode ser escaneado
08/09/2026 13:23:17 | INFO | Indexação | verificados=125 | lidos=125 | reaproveitados=0
08/09/2026 13:23:18 | WARNING | PDF não indexado | arquivo=F:\Documentos\Rafael\13 - MANUAL DOS PROCESSOS\MODELO FIEL DEPOSITARIO\FIEL DEPOSITARIO - COOPERGRAOS COOPERATIVA DE ARMAZENAGEM DE GRAOS DE CAMPO VERDE\DOCUMENTOS EMPRESA\RG E CPF ALCINDO LIBRELOTTO.pdf | motivo=PDF sem texto numérico extraível; pode ser escaneado
08/09/2026 13:23:18 | WARNING | PDF não indexado | arquivo=F:\Documentos\Rafael\13 - MANUAL DOS PROCESSOS\MODELO FIEL DEPOSITARIO\FIEL DEPOSITARIO - COOPERGRAOS COOPERATIVA DE ARMAZENAGEM DE GRAOS DE CAMPO VERDE\DOCUMENTOS NOVOS\Certidão Casamento Danilo Ataides Martins.pdf | motivo=PDF sem texto numérico extraível; pode ser escaneado
08/09/2026 13:23:18 | WARNING | PDF não indexado | arquivo=F:\Documentos\Rafael\13 - MANUAL DOS PROCESSOS\MODELO FIEL DEPOSITARIO\FIEL DEPOSITARIO - COOPERGRAOS COOPERATIVA DE ARMAZENAGEM DE GRAOS DE CAMPO VERDE\DOCUMENTOS NOVOS\CGRAOS  ANTONIO E VINICIUS  VENC 31 05 2026.pdf | motivo=PDF sem texto numérico extraível; pode ser escaneado
08/09/2026 13:24:20 | WARNING | PDF não indexado | arquivo=F:\Documentos\Rafael\13 - MANUAL DOS PROCESSOS\MODELO FIEL DEPOSITARIO\FIEL DEPOSITARIO - COOPERGRAOS COOPERATIVA DE ARMAZENAGEM DE GRAOS DE CAMPO VERDE\DOCUMENTOS NOVOS\OUTROS DOCUMENTOS DO ARMAZÉM - PROJETO\07 - Coopergrãos - Anexo F - Alvará de Segurança Contra Incêndio - 2024.pdf | motivo=PDF sem texto numérico extraível; pode ser escaneado
08/09/2026 13:25:54 | INFO | Indexação | verificados=150 | lidos=150 | reaproveitados=0
08/09/2026 13:29:03 | INFO | Indexação | verificados=175 | lidos=175 | reaproveitados=0
08/09/2026 13:30:52 | INFO | Indexação | verificados=200 | lidos=200 | reaproveitados=0
08/09/2026 13:30:53 | WARNING | PDF não indexado | arquivo=F:\Documentos\Rafael\14 - ISENÇÃO DE IPTU\ARLINDO\1 - MATRICULA.pdf | motivo=PDF sem texto numérico extraível; pode ser escaneado
08/09/2026 13:30:53 | WARNING | PDF não indexado | arquivo=F:\Documentos\Rafael\14 - ISENÇÃO DE IPTU\ARLINDO\4 - RG - ARLINDO MARAFON.pdf | motivo=PDF sem texto numérico extraível; pode ser escaneado
08/09/2026 13:30:53 | WARNING | PDF não indexado | arquivo=F:\Documentos\Rafael\14 - ISENÇÃO DE IPTU\ARLINDO\REQUERIMENTO ISENÇÃO IPTU - 2026.pdf | motivo=PDF sem texto numérico extraível; pode ser escaneado
08/09/2026 13:30:54 | WARNING | PDF não indexado | arquivo=F:\Documentos\Rafael\14 - ISENÇÃO DE IPTU\CARMINHA\DOCUMENTOS - CARMEN.pdf | motivo=PDF sem texto numérico extraível; pode ser escaneado
08/09/2026 13:30:54 | WARNING | PDF não indexado | arquivo=F:\Documentos\Rafael\14 - ISENÇÃO DE IPTU\CARMINHA\MATRICULA.pdf | motivo=PDF sem texto numérico extraível; pode ser escaneado
08/09/2026 13:30:54 | WARNING | PDF não indexado | arquivo=F:\Documentos\Rafael\14 - ISENÇÃO DE IPTU\CARMINHA\REQUERIMENTO ISENÇÃO IPTU - 2026.pdf | motivo=PDF sem texto numérico extraível; pode ser escaneado
08/09/2026 13:30:54 | INFO | Indexação | verificados=225 | lidos=225 | reaproveitados=0
08/09/2026 13:30:54 | WARNING | PDF não indexado | arquivo=F:\Documentos\Rafael\14 - ISENÇÃO DE IPTU\IRACI\DOCUMENTOS - RG IRACI.pdf | motivo=PDF sem texto numérico extraível; pode ser escaneado
08/09/2026 13:30:54 | WARNING | PDF não indexado | arquivo=F:\Documentos\Rafael\14 - ISENÇÃO DE IPTU\IRACI\MAT. 30.237.pdf | motivo=PDF sem texto numérico extraível; pode ser escaneado
08/09/2026 13:30:54 | WARNING | PDF não indexado | arquivo=F:\Documentos\Rafael\14 - ISENÇÃO DE IPTU\IRACI\MAT. 30.267.pdf | motivo=PDF sem texto numérico extraível; pode ser escaneado
08/09/2026 13:30:54 | WARNING | PDF não indexado | arquivo=F:\Documentos\Rafael\14 - ISENÇÃO DE IPTU\IRACI\MAT. 30.293.pdf | motivo=PDF sem texto numérico extraível; pode ser escaneado
08/09/2026 13:30:54 | WARNING | PDF não indexado | arquivo=F:\Documentos\Rafael\14 - ISENÇÃO DE IPTU\IRACI\MAT. 30.305.pdf | motivo=PDF sem texto numérico extraível; pode ser escaneado
08/09/2026 13:30:55 | WARNING | PDF não indexado | arquivo=F:\Documentos\Rafael\14 - ISENÇÃO DE IPTU\TIM\CERTIDÃO CADASTRO IMOBILIARIO.pdf | motivo=PDF sem texto numérico extraível; pode ser escaneado
08/09/2026 13:30:56 | WARNING | PDF não indexado | arquivo=F:\Documentos\Rafael\14 - ISENÇÃO DE IPTU\TIM\CESSÃO DE TRANSFERENCIA.pdf | motivo=PDF sem texto numérico extraível; pode ser escaneado
08/09/2026 13:30:56 | WARNING | PDF não indexado | arquivo=F:\Documentos\Rafael\14 - ISENÇÃO DE IPTU\TIM\CONTRATO COMPRA E VENDA.pdf | motivo=PDF sem texto numérico extraível; pode ser escaneado
08/09/2026 13:30:56 | WARNING | PDF não indexado | arquivo=F:\Documentos\Rafael\14 - ISENÇÃO DE IPTU\TIM\DOCUMENTOS SÓCIOS - VALENTIN.pdf | motivo=PDF sem texto numérico extraível; pode ser escaneado
08/09/2026 13:30:56 | WARNING | PDF não indexado | arquivo=F:\Documentos\Rafael\14 - ISENÇÃO DE IPTU\TIM\DOCUMENTOS VALENTIN.pdf | motivo=PDF sem texto numérico extraível; pode ser escaneado
08/09/2026 13:30:56 | WARNING | PDF não indexado | arquivo=F:\Documentos\Rafael\14 - ISENÇÃO DE IPTU\TIM\MATRÍCULA.pdf | motivo=PDF sem texto numérico extraível; pode ser escaneado
08/09/2026 13:30:58 | INFO | Indexação | verificados=250 | lidos=250 | reaproveitados=0
08/09/2026 13:31:03 | INFO | Indexação | verificados=275 | lidos=275 | reaproveitados=0
08/09/2026 13:31:08 | INFO | Indexação | verificados=300 | lidos=300 | reaproveitados=0
08/09/2026 13:31:35 | WARNING | PDF não indexado | arquivo=F:\Documentos\Rafael\2 - PREFEITURA - MODELOS DOCUMENTOS\~$RMULARIOA EMISSÃO DE NF.pdf | motivo=PdfStreamError: Stream has ended unexpectedly
08/09/2026 13:31:40 | INFO | Indexação | verificados=325 | lidos=325 | reaproveitados=0
08/09/2026 13:31:41 | WARNING | PDF não indexado | arquivo=F:\Documentos\Rafael\3 - SEFAZ - MODELOS\BAIXA - SUSPENSÃO I.E\BAIXA - NOVA\DECLARAÇÕES LIVRO TERMO DE OCORRENCIA.pdf | motivo=PDF sem texto numérico extraível; pode ser escaneado
08/09/2026 13:31:41 | WARNING | PDF não indexado | arquivo=F:\Documentos\Rafael\3 - SEFAZ - MODELOS\BAIXA - SUSPENSÃO I.E\BAIXA - NOVA\LIVRO - REQUERIMENTO - EFD.pdf | motivo=PDF sem texto numérico extraível; pode ser escaneado
08/09/2026 13:31:41 | WARNING | PDF não indexado | arquivo=F:\Documentos\Rafael\3 - SEFAZ - MODELOS\BAIXA - SUSPENSÃO I.E\BAIXA - NOVA\TERMO DE CIENCIA, RESPONSABILIDADE E FIEL DEPOSITÁRIO - ASSINADO.pdf | motivo=PDF sem texto numérico extraível; pode ser escaneado
08/09/2026 13:31:41 | WARNING | PDF não indexado | arquivo=F:\Documentos\Rafael\3 - SEFAZ - MODELOS\BAIXA - SUSPENSÃO I.E\BAIXA MODELO ANTIGO\CND.pdf | motivo=PDF sem texto numérico extraível; pode ser escaneado
08/09/2026 13:31:41 | WARNING | PDF não indexado | arquivo=F:\Documentos\Rafael\3 - SEFAZ - MODELOS\BAIXA - SUSPENSÃO I.E\BAIXA MODELO ANTIGO\DOCUMENTO NADIR.pdf | motivo=PDF sem texto numérico extraível; pode ser escaneado
08/09/2026 13:31:41 | WARNING | PDF não indexado | arquivo=F:\Documentos\Rafael\3 - SEFAZ - MODELOS\BAIXA - SUSPENSÃO I.E\BAIXA MODELO ANTIGO\DOCUMENTO SERGIO.pdf | motivo=PDF sem texto numérico extraível; pode ser escaneado
08/09/2026 13:31:41 | WARNING | PDF não indexado | arquivo=F:\Documentos\Rafael\3 - SEFAZ - MODELOS\BAIXA - SUSPENSÃO I.E\BAIXA MODELO ANTIGO\FAC .pdf | motivo=PDF sem texto numérico extraível; pode ser escaneado
08/09/2026 13:31:41 | WARNING | PDF não indexado | arquivo=F:\Documentos\Rafael\3 - SEFAZ - MODELOS\BAIXA - SUSPENSÃO I.E\BAIXA MODELO ANTIGO\GUIA DE PAGAMENTO.pdf | motivo=PDF sem texto numérico extraível; pode ser escaneado
08/09/2026 13:31:41 | WARNING | PDF não indexado | arquivo=F:\Documentos\Rafael\3 - SEFAZ - MODELOS\BAIXA - SUSPENSÃO I.E\BAIXA MODELO ANTIGO\PETIÇÃO.pdf | motivo=PDF sem texto numérico extraível; pode ser escaneado
08/09/2026 13:31:41 | WARNING | PDF não indexado | arquivo=F:\Documentos\Rafael\3 - SEFAZ - MODELOS\BAIXA - SUSPENSÃO I.E\BAIXA MODELO ANTIGO\PROCURAÇÃO.pdf | motivo=PDF sem texto numérico extraível; pode ser escaneado
08/09/2026 13:31:41 | WARNING | PDF não indexado | arquivo=F:\Documentos\Rafael\3 - SEFAZ - MODELOS\BAIXA - SUSPENSÃO I.E\BAIXA MODELO ANTIGO\TERMO DE ABERTURA LIVRO.pdf | motivo=PDF sem texto numérico extraível; pode ser escaneado
08/09/2026 13:31:41 | WARNING | PDF não indexado | arquivo=F:\Documentos\Rafael\3 - SEFAZ - MODELOS\BAIXA - SUSPENSÃO I.E\BAIXA MODELO ANTIGO\TERMO DE ENCERRAMENTO LIVRO.pdf | motivo=PDF sem texto numérico extraível; pode ser escaneado
08/09/2026 13:31:41 | WARNING | PDF não indexado | arquivo=F:\Documentos\Rafael\3 - SEFAZ - MODELOS\BAIXA - SUSPENSÃO I.E\BAIXA MODELO ANTIGO\TERMO DE FIEL DEPOSITARIO.pdf | motivo=PDF sem texto numérico extraível; pode ser escaneado
08/09/2026 13:31:41 | WARNING | PDF não indexado | arquivo=F:\Documentos\Rafael\3 - SEFAZ - MODELOS\BAIXA - SUSPENSÃO I.E\BAIXA MODELO ANTIGO\TERMO DE OCORRENCIA 1.pdf | motivo=PDF sem texto numérico extraível; pode ser escaneado
08/09/2026 13:31:41 | WARNING | PDF não indexado | arquivo=F:\Documentos\Rafael\3 - SEFAZ - MODELOS\BAIXA - SUSPENSÃO I.E\BAIXA MODELO ANTIGO\TERMO DE OCORRENCIA 2.pdf | motivo=PDF sem texto numérico extraível; pode ser escaneado
08/09/2026 13:31:41 | WARNING | PDF não indexado | arquivo=F:\Documentos\Rafael\3 - SEFAZ - MODELOS\CREDENCIAMENTO EXPORTAÇÃO\PROCURAÇÃO.pdf | motivo=PDF sem texto numérico extraível; pode ser escaneado
08/09/2026 13:31:42 | WARNING | PDF não indexado | arquivo=F:\Documentos\Rafael\3 - SEFAZ - MODELOS\CREDENCIAMENTO EXPORTAÇÃO - EMPRESA DE OUTRO ESTADO\ROYAL AGRO\PROCURAÇÃO.pdf | motivo=PDF sem texto numérico extraível; pode ser escaneado
08/09/2026 13:31:42 | INFO | Indexação | verificados=350 | lidos=350 | reaproveitados=0
08/09/2026 13:31:42 | WARNING | PDF não indexado | arquivo=F:\Documentos\Rafael\3 - SEFAZ - MODELOS\CREDENCIAMENTO EXPORTAÇÃO - EMPRESA DE OUTRO ESTADO\ROYAL AGRO\FILIAL PARANAGUA\CADASTRO INSCRIÇÃO\Doc. 12 - PGTO - GUIA SEFAZ _ FILIAL PR.pdf | motivo=PDF sem texto numérico extraível; pode ser escaneado
08/09/2026 13:31:42 | WARNING | PDF não indexado | arquivo=F:\Documentos\Rafael\3 - SEFAZ - MODELOS\CREDENCIAMENTO EXPORTAÇÃO - EMPRESA DE OUTRO ESTADO\ROYAL AGRO\FILIAL PARANAGUA\CADASTRO INSCRIÇÃO\Doc. 2 - REQUERIMENTO - CCAD-SUIRP - FILIAL PR.pdf | motivo=PDF sem texto numérico extraível; pode ser escaneado
08/09/2026 13:31:43 | WARNING | PDF não indexado | arquivo=F:\Documentos\Rafael\3 - SEFAZ - MODELOS\CREDENCIAMENTO EXPORTAÇÃO - EMPRESA DE OUTRO ESTADO\ROYAL AGRO\FILIAL PARANAGUA\CADASTRO INSCRIÇÃO\Doc. 4 - FICHA CADASTRAL - FILIAL PR.pdf | motivo=PDF sem texto numérico extraível; pode ser escaneado
08/09/2026 13:31:44 | WARNING | PDF não indexado | arquivo=F:\Documentos\Rafael\3 - SEFAZ - MODELOS\CREDENCIAMENTO EXPORTAÇÃO - EMPRESA DE OUTRO ESTADO\ROYAL AGRO\FILIAL PARANAGUA\CADASTRO INSCRIÇÃO\Doc. 5 - PROCURAÇÃO IRACI.pdf | motivo=PDF sem texto numérico extraível; pode ser escaneado
08/09/2026 13:31:44 | WARNING | PDF não indexado | arquivo=F:\Documentos\Rafael\3 - SEFAZ - MODELOS\CREDENCIAMENTO EXPORTAÇÃO - EMPRESA DE OUTRO ESTADO\ROYAL AGRO\FILIAL PARANAGUA\CADASTRO INSCRIÇÃO\Doc. 6 - DOCUMENTOS IRACI.pdf | motivo=PDF sem texto numérico extraível; pode ser escaneado
08/09/2026 13:31:46 | WARNING | PDF não indexado | arquivo=F:\Documentos\Rafael\3 - SEFAZ - MODELOS\CREDENCIAMENTO EXPORTAÇÃO - EMPRESA DE OUTRO ESTADO\ROYAL AGRO\FILIAL PARANAGUA\CREDENCIAMENTO EXPORTAÇÃO\Doc. 1 - REQUERIMENTO - CREDENCIAMENTO EXPORTAÇÃO - PR.pdf | motivo=PDF sem texto numérico extraível; pode ser escaneado
08/09/2026 13:31:46 | WARNING | PDF não indexado | arquivo=F:\Documentos\Rafael\3 - SEFAZ - MODELOS\CREDENCIAMENTO EXPORTAÇÃO - EMPRESA DE OUTRO ESTADO\ROYAL AGRO\FILIAL PARANAGUA\CREDENCIAMENTO EXPORTAÇÃO\Doc. 10 - EXTRATO ICMS.pdf | motivo=PDF sem texto numérico extraível; pode ser escaneado
08/09/2026 13:31:46 | WARNING | PDF não indexado | arquivo=F:\Documentos\Rafael\3 - SEFAZ - MODELOS\CREDENCIAMENTO EXPORTAÇÃO - EMPRESA DE OUTRO ESTADO\ROYAL AGRO\FILIAL PARANAGUA\CREDENCIAMENTO EXPORTAÇÃO\Doc. 11 - PROCURAÇÃO IRACI.pdf | motivo=PDF sem texto numérico extraível; pode ser escaneado
08/09/2026 13:31:46 | WARNING | PDF não indexado | arquivo=F:\Documentos\Rafael\3 - SEFAZ - MODELOS\CREDENCIAMENTO EXPORTAÇÃO - EMPRESA DE OUTRO ESTADO\ROYAL AGRO\FILIAL PARANAGUA\CREDENCIAMENTO EXPORTAÇÃO\Doc. 12 - DOCUMENTOS IRACI.pdf | motivo=PDF sem texto numérico extraível; pode ser escaneado
08/09/2026 13:31:47 | INFO | Indexação | verificados=375 | lidos=375 | reaproveitados=0
08/09/2026 13:31:47 | WARNING | PDF não indexado | arquivo=F:\Documentos\Rafael\3 - SEFAZ - MODELOS\CREDENCIAMENTO EXPORTAÇÃO - EMPRESA DE OUTRO ESTADO\ROYAL AGRO\FILIAL PARANAGUA\CREDENCIAMENTO EXPORTAÇÃO\Doc. 5 - REQUERIMENTO - CREDENCIAMENTO INSCRIÇÃO - PR.pdf | motivo=PDF sem texto numérico extraível; pode ser escaneado
08/09/2026 13:31:49 | WARNING | PDF não indexado | arquivo=F:\Documentos\Rafael\3 - SEFAZ - MODELOS\CREDENCIAMENTO EXPORTAÇÃO - EMPRESA DE OUTRO ESTADO\ROYAL AGRO\FILIAL SAO PAULO\CADASTRO INSCRIÇÃO ESTADUAL\Doc. 12 - PGTO - GUIA SEFAZ _ FILIAL SP.pdf | motivo=PDF sem texto numérico extraível; pode ser escaneado
08/09/2026 13:31:49 | WARNING | PDF não indexado | arquivo=F:\Documentos\Rafael\3 - SEFAZ - MODELOS\CREDENCIAMENTO EXPORTAÇÃO - EMPRESA DE OUTRO ESTADO\ROYAL AGRO\FILIAL SAO PAULO\CADASTRO INSCRIÇÃO ESTADUAL\Doc. 2 - REQUERIMENTO CCAD - SUIRP - FILIAL SP.pdf | motivo=PDF sem texto numérico extraível; pode ser escaneado
08/09/2026 13:31:50 | WARNING | PDF não indexado | arquivo=F:\Documentos\Rafael\3 - SEFAZ - MODELOS\CREDENCIAMENTO EXPORTAÇÃO - EMPRESA DE OUTRO ESTADO\ROYAL AGRO\FILIAL SAO PAULO\CADASTRO INSCRIÇÃO ESTADUAL\Doc. 4 - FICHA CADASTRAL - FILIAL SP.pdf | motivo=PDF sem texto numérico extraível; pode ser escaneado
08/09/2026 13:31:50 | WARNING | PDF não indexado | arquivo=F:\Documentos\Rafael\3 - SEFAZ - MODELOS\CREDENCIAMENTO EXPORTAÇÃO - EMPRESA DE OUTRO ESTADO\ROYAL AGRO\FILIAL SAO PAULO\CADASTRO INSCRIÇÃO ESTADUAL\Doc. 5 - PROCURAÇÃO IRACI.pdf | motivo=PDF sem texto numérico extraível; pode ser escaneado
08/09/2026 13:31:50 | WARNING | PDF não indexado | arquivo=F:\Documentos\Rafael\3 - SEFAZ - MODELOS\CREDENCIAMENTO EXPORTAÇÃO - EMPRESA DE OUTRO ESTADO\ROYAL AGRO\FILIAL SAO PAULO\CADASTRO INSCRIÇÃO ESTADUAL\Doc. 6 - DOCUMENTOS IRACI.pdf | motivo=PDF sem texto numérico extraível; pode ser escaneado
08/09/2026 13:31:52 | INFO | Indexação | verificados=400 | lidos=400 | reaproveitados=0
08/09/2026 13:31:52 | WARNING | PDF não indexado | arquivo=F:\Documentos\Rafael\3 - SEFAZ - MODELOS\CREDENCIAMENTO EXPORTAÇÃO - EMPRESA DE OUTRO ESTADO\ROYAL AGRO\FILIAL SAO PAULO\CREDENCIAMENTO EXPORTAÇÃO\Doc. 1 - REQUERIMENTO - CREDENCIAMENTO EXPORTAÇÃO - SP.pdf | motivo=PDF sem texto numérico extraível; pode ser escaneado
08/09/2026 13:31:53 | WARNING | PDF não indexado | arquivo=F:\Documentos\Rafael\3 - SEFAZ - MODELOS\CREDENCIAMENTO EXPORTAÇÃO - EMPRESA DE OUTRO ESTADO\ROYAL AGRO\FILIAL SAO PAULO\CREDENCIAMENTO EXPORTAÇÃO\Doc. 10 - EXTRATO ICMS.pdf | motivo=PDF sem texto numérico extraível; pode ser escaneado
08/09/2026 13:31:53 | WARNING | PDF não indexado | arquivo=F:\Documentos\Rafael\3 - SEFAZ - MODELOS\CREDENCIAMENTO EXPORTAÇÃO - EMPRESA DE OUTRO ESTADO\ROYAL AGRO\FILIAL SAO PAULO\CREDENCIAMENTO EXPORTAÇÃO\Doc. 11 - PROCURAÇÃO IRACI.pdf | motivo=PDF sem texto numérico extraível; pode ser escaneado
08/09/2026 13:31:53 | WARNING | PDF não indexado | arquivo=F:\Documentos\Rafael\3 - SEFAZ - MODELOS\CREDENCIAMENTO EXPORTAÇÃO - EMPRESA DE OUTRO ESTADO\ROYAL AGRO\FILIAL SAO PAULO\CREDENCIAMENTO EXPORTAÇÃO\Doc. 12 - DOCUMENTOS IRACI.pdf | motivo=PDF sem texto numérico extraível; pode ser escaneado
08/09/2026 13:31:54 | WARNING | PDF não indexado | arquivo=F:\Documentos\Rafael\3 - SEFAZ - MODELOS\CREDENCIAMENTO EXPORTAÇÃO - EMPRESA DE OUTRO ESTADO\ROYAL AGRO\FILIAL SAO PAULO\CREDENCIAMENTO EXPORTAÇÃO\Doc. 5 - REQUERIMENTO - CREDENCIAMENTO INSCRIÇÃO - SP.pdf | motivo=PDF sem texto numérico extraível; pode ser escaneado
08/09/2026 13:31:54 | WARNING | PDF não indexado | arquivo=F:\Documentos\Rafael\3 - SEFAZ - MODELOS\CRÉDITO PRESUMIDO (20%)\Certidão PGE.pdf | motivo=PDF sem texto numérico extraível; pode ser escaneado
08/09/2026 13:31:55 | WARNING | PDF não indexado | arquivo=F:\Documentos\Rafael\3 - SEFAZ - MODELOS\CRÉDITO PRESUMIDO (20%)\Credenciamento para crédito presumido.pdf | motivo=PDF sem texto numérico extraível; pode ser escaneado
08/09/2026 13:31:55 | WARNING | PDF não indexado | arquivo=F:\Documentos\Rafael\3 - SEFAZ - MODELOS\CRÉDITO PRESUMIDO (20%)\Termo de abertura.pdf | motivo=PDF sem texto numérico extraível; pode ser escaneado
08/09/2026 13:31:55 | WARNING | PDF não indexado | arquivo=F:\Documentos\Rafael\3 - SEFAZ - MODELOS\CRÉDITO PRESUMIDO (20%)\Termo de Ocorrência.pdf | motivo=PDF sem texto numérico extraível; pode ser escaneado
08/09/2026 13:31:55 | WARNING | PDF não indexado | arquivo=F:\Documentos\Rafael\3 - SEFAZ - MODELOS\DIFERIMENTO DE ICMS NA 2º OPERAÇÃO\TERMO DE OPÇÃO PARA REALIZAÇÃO DE OPERAÇÃOPRESTAÇÃO COM DIFERIMENTO DO ICMS - .pdf | motivo=PDF sem texto numérico extraível; pode ser escaneado
08/09/2026 13:31:55 | WARNING | PDF não indexado | arquivo=F:\Documentos\Rafael\3 - SEFAZ - MODELOS\FIEL DEPOSITÁRIO - TAD\DOCUMENTOS__WILSON.pdf | motivo=PDF sem texto numérico extraível; pode ser escaneado
08/09/2026 13:31:56 | WARNING | PDF não indexado | arquivo=F:\Documentos\Rafael\3 - SEFAZ - MODELOS\FIEL DEPOSITÁRIO - TAD\TAD E DOC ARRECADACAO.pdf | motivo=PDF sem texto numérico extraível; pode ser escaneado
08/09/2026 13:31:56 | INFO | Indexação | verificados=425 | lidos=425 | reaproveitados=0
08/09/2026 13:31:56 | WARNING | PDF não indexado | arquivo=F:\Documentos\Rafael\3 - SEFAZ - MODELOS\PARALISAÇÃO - INSCRIÇÃO ESTADUAL\FAC ASSINADA.pdf | motivo=PDF sem texto numérico extraível; pode ser escaneado
08/09/2026 13:31:56 | WARNING | PDF não indexado | arquivo=F:\Documentos\Rafael\3 - SEFAZ - MODELOS\TACIN\ALVARÁ MX TRANSPORTES.pdf | motivo=PDF sem texto numérico extraível; pode ser escaneado
08/09/2026 13:31:56 | WARNING | PDF não indexado | arquivo=F:\Documentos\Rafael\3 - SEFAZ - MODELOS\TACIN\PGTO TACIN MX TRANSP.pdf | motivo=PDF sem texto numérico extraível; pode ser escaneado
08/09/2026 13:31:56 | WARNING | PDF não indexado | arquivo=F:\Documentos\Rafael\4 - ARQUIVO MORTO\A P COSTA DA SILVA & CIA LTDA (ALANA)\ALVARÁ DOS BOMBEIROS.pdf | motivo=PDF sem texto numérico extraível; pode ser escaneado
08/09/2026 13:31:57 | WARNING | PDF não indexado | arquivo=F:\Documentos\Rafael\4 - ARQUIVO MORTO\A P COSTA DA SILVA & CIA LTDA (ALANA)\CONTRATO DE LOCAÇÃO - ADITIVO.pdf | motivo=PDF sem texto numérico extraível; pode ser escaneado
08/09/2026 13:31:58 | WARNING | PDF não indexado | arquivo=F:\Documentos\Rafael\4 - ARQUIVO MORTO\A P COSTA DA SILVA & CIA LTDA (ALANA)\CONTRATO DE LOCAÇÃO.pdf | motivo=PDF sem texto numérico extraível; pode ser escaneado
08/09/2026 13:31:59 | WARNING | PDF não indexado | arquivo=F:\Documentos\Rafael\4 - ARQUIVO MORTO\A P COSTA DA SILVA & CIA LTDA (ALANA)\DOCUMENTO ALANA.pdf | motivo=PDF sem texto numérico extraível; pode ser escaneado
08/09/2026 13:31:59 | WARNING | PDF não indexado | arquivo=F:\Documentos\Rafael\4 - ARQUIVO MORTO\A P COSTA DA SILVA & CIA LTDA (ALANA)\DOCUMENTO MAIKON.pdf | motivo=PDF sem texto numérico extraível; pode ser escaneado
08/09/2026 13:31:59 | WARNING | PDF não indexado | arquivo=F:\Documentos\Rafael\4 - ARQUIVO MORTO\A P COSTA DA SILVA & CIA LTDA (ALANA)\DOCUMENTOS - CERTIDAO DE CASAMENTO.pdf | motivo=PDF sem texto numérico extraível; pode ser escaneado
08/09/2026 13:31:59 | WARNING | PDF não indexado | arquivo=F:\Documentos\Rafael\4 - ARQUIVO MORTO\A P COSTA DA SILVA & CIA LTDA (ALANA)\FOTOS.pdf | motivo=PDF sem texto numérico extraível; pode ser escaneado
08/09/2026 13:31:59 | WARNING | PDF não indexado | arquivo=F:\Documentos\Rafael\4 - ARQUIVO MORTO\A P COSTA DA SILVA & CIA LTDA (ALANA)\HABITE-SE.pdf | motivo=PDF sem texto numérico extraível; pode ser escaneado
08/09/2026 13:31:59 | INFO | Indexação | verificados=450 | lidos=450 | reaproveitados=0
08/09/2026 13:32:01 | WARNING | PDF não indexado | arquivo=F:\Documentos\Rafael\4 - ARQUIVO MORTO\A. P. C. DA SILVA COMERCIO DE CALCADOS LTDA (CS Young) - BAIXADA\CONTRATO DE LOCAÇÃO.pdf | motivo=PDF sem texto numérico extraível; pode ser escaneado
08/09/2026 13:32:02 | WARNING | PDF não indexado | arquivo=F:\Documentos\Rafael\4 - ARQUIVO MORTO\A. P. C. DA SILVA COMERCIO DE CALCADOS LTDA (CS Young) - BAIXADA\DOCUMENTO ALANA.pdf | motivo=PDF sem texto numérico extraível; pode ser escaneado
08/09/2026 13:32:02 | INFO | Indexação | verificados=475 | lidos=475 | reaproveitados=0
08/09/2026 13:32:04 | WARNING | PDF não indexado | arquivo=F:\Documentos\Rafael\4 - ARQUIVO MORTO\A. R. B. SERVIÇOS AÉREOS\DOCUMENTOS ENCAMINHADOS JUCEMAT.pdf | motivo=PDF sem texto numérico extraível; pode ser escaneado
08/09/2026 13:32:04 | INFO | Indexação | verificados=500 | lidos=500 | reaproveitados=0
08/09/2026 13:32:06 | WARNING | PDF não indexado | arquivo=F:\Documentos\Rafael\4 - ARQUIVO MORTO\ADS DRONES MATO GROSSO LTDA\ALVARA BOMBEIROS.pdf | motivo=PDF sem texto numérico extraível; pode ser escaneado
08/09/2026 13:32:11 | INFO | Indexação | verificados=525 | lidos=525 | reaproveitados=0
08/09/2026 13:32:11 | WARNING | PDF não indexado | arquivo=F:\Documentos\Rafael\4 - ARQUIVO MORTO\ADS DRONES MATO GROSSO LTDA\DOCUMENTOS SOCIO - CNPJ.pdf | motivo=PDF sem texto numérico extraível; pode ser escaneado
08/09/2026 13:32:14 | WARNING | PDF não indexado | arquivo=F:\Documentos\Rafael\4 - ARQUIVO MORTO\ADS DRONES MATO GROSSO LTDA\DOCUMENTOS SOCIO - CONTRATO SOCIAL COM. VAR. PUL. DRONE.pdf | motivo=PDF sem texto numérico extraível; pode ser escaneado
08/09/2026 13:32:14 | WARNING | PDF não indexado | arquivo=F:\Documentos\Rafael\4 - ARQUIVO MORTO\ADS DRONES MATO GROSSO LTDA\DOCUMENTOS SOCIO - EDERSON.pdf | motivo=PDF sem texto numérico extraível; pode ser escaneado
08/09/2026 13:32:14 | WARNING | PDF não indexado | arquivo=F:\Documentos\Rafael\4 - ARQUIVO MORTO\ADS DRONES MATO GROSSO LTDA\DOCUMENTOS SOCIO - ELOISA.pdf | motivo=PDF sem texto numérico extraível; pode ser escaneado
08/09/2026 13:32:14 | WARNING | PDF não indexado | arquivo=F:\Documentos\Rafael\4 - ARQUIVO MORTO\ADS DRONES MATO GROSSO LTDA\DOCUMENTOS SOCIO - MATIAS.pdf | motivo=PDF sem texto numérico extraível; pode ser escaneado
08/09/2026 13:32:14 | WARNING | PDF não indexado | arquivo=F:\Documentos\Rafael\4 - ARQUIVO MORTO\ADS DRONES MATO GROSSO LTDA\FOTOS.pdf | motivo=PDF sem texto numérico extraível; pode ser escaneado
08/09/2026 13:32:14 | WARNING | PDF não indexado | arquivo=F:\Documentos\Rafael\4 - ARQUIVO MORTO\ADS DRONES MATO GROSSO LTDA\HABITE-SE.pdf | motivo=PDF sem texto numérico extraível; pode ser escaneado
08/09/2026 13:32:14 | WARNING | PDF não indexado | arquivo=F:\Documentos\Rafael\4 - ARQUIVO MORTO\ADS DRONES MATO GROSSO LTDA\MATRICULA.pdf | motivo=PDF sem texto numérico extraível; pode ser escaneado
08/09/2026 13:32:14 | WARNING | PDF não indexado | arquivo=F:\Documentos\Rafael\4 - ARQUIVO MORTO\ADS DRONES MATO GROSSO LTDA\MATRÍCULA DE ROSARIO.pdf | motivo=PDF sem texto numérico extraível; pode ser escaneado
08/09/2026 13:32:14 | WARNING | PDF não indexado | arquivo=F:\Documentos\Rafael\4 - ARQUIVO MORTO\ADS DRONES MATO GROSSO LTDA\TAC.pdf | motivo=PDF sem texto numérico extraível; pode ser escaneado
08/09/2026 13:32:17 | INFO | Indexação | verificados=550 | lidos=550 | reaproveitados=0
08/09/2026 13:32:20 | WARNING | PDF não indexado | arquivo=F:\Documentos\Rafael\4 - ARQUIVO MORTO\ADS DRONES MATO GROSSO LTDA\FILIAL 02 - JUARA\ENDEREÇO ADS DE JUARA.pdf | motivo=PDF sem texto numérico extraível; pode ser escaneado
08/09/2026 13:32:21 | INFO | Indexação | verificados=575 | lidos=575 | reaproveitados=0
08/09/2026 13:32:22 | WARNING | PDF não indexado | arquivo=F:\Documentos\Rafael\4 - ARQUIVO MORTO\AGRO VEDANA\ALVARA 2018 - NOVO.pdf | motivo=PDF sem texto numérico extraível; pode ser escaneado
08/09/2026 13:32:22 | WARNING | PDF não indexado | arquivo=F:\Documentos\Rafael\4 - ARQUIVO MORTO\AGRO VEDANA\CONTRATO DE LOCAÇÃO.pdf | motivo=PDF sem texto numérico extraível; pode ser escaneado
08/09/2026 13:32:24 | WARNING | PDF não indexado | arquivo=F:\Documentos\Rafael\4 - ARQUIVO MORTO\AGRO VEDANA\DOCUMENTOS CELSO.pdf | motivo=PDF sem texto numérico extraível; pode ser escaneado
08/09/2026 13:32:24 | WARNING | PDF não indexado | arquivo=F:\Documentos\Rafael\4 - ARQUIVO MORTO\AGRO VEDANA\DOCUMENTOS MARINA.pdf | motivo=PDF sem texto numérico extraível; pode ser escaneado
08/09/2026 13:32:24 | WARNING | PDF não indexado | arquivo=F:\Documentos\Rafael\4 - ARQUIVO MORTO\AGRO VEDANA\DOCUMENTOS RAFAEL.pdf | motivo=PDF sem texto numérico extraível; pode ser escaneado
08/09/2026 13:32:24 | WARNING | PDF não indexado | arquivo=F:\Documentos\Rafael\4 - ARQUIVO MORTO\AGRO VEDANA\DOCUMENTOS VILMA.pdf | motivo=PDF sem texto numérico extraível; pode ser escaneado
08/09/2026 13:32:24 | WARNING | PDF não indexado | arquivo=F:\Documentos\Rafael\4 - ARQUIVO MORTO\AGRO VEDANA\ESCRITURA DE COMPRA E VENDA.pdf | motivo=PDF sem texto numérico extraível; pode ser escaneado
08/09/2026 13:32:25 | INFO | Indexação | verificados=600 | lidos=600 | reaproveitados=0
08/09/2026 13:32:27 | WARNING | PDF não indexado | arquivo=F:\Documentos\Rafael\4 - ARQUIVO MORTO\AGRO VEDANA\BAIXA DA INSCRIÇÃO ESTADUAL\LIVRO TERMO DE OCORRENCIAS.pdf | motivo=PDF sem texto numérico extraível; pode ser escaneado
08/09/2026 13:32:27 | WARNING | PDF não indexado | arquivo=F:\Documentos\Rafael\4 - ARQUIVO MORTO\AGRO VEDANA\BAIXA DA INSCRIÇÃO ESTADUAL\TERMO DE CIÊNCIA, RESPONSABILIDADE E FIEL DEPOSITÁRIO.pdf | motivo=PDF sem texto numérico extraível; pode ser escaneado
08/09/2026 13:32:27 | WARNING | PDF não indexado | arquivo=F:\Documentos\Rafael\4 - ARQUIVO MORTO\AGRO VEDANA\OPÇÃO DIFERIMENTO ICMS NA 2º OPERAÇÃO\LIVRO TERMO DE OCORRENCIAS.pdf | motivo=PDF sem texto numérico extraível; pode ser escaneado
08/09/2026 13:32:27 | WARNING | PDF não indexado | arquivo=F:\Documentos\Rafael\4 - ARQUIVO MORTO\AGRO VEDANA\OPÇÃO DIFERIMENTO ICMS NA 2º OPERAÇÃO\SOLICITAÇÃO RETROAGIMENTO ICMS.pdf | motivo=PDF sem texto numérico extraível; pode ser escaneado
08/09/2026 13:32:27 | WARNING | PDF não indexado | arquivo=F:\Documentos\Rafael\4 - ARQUIVO MORTO\AGRO VEDANA\OPÇÃO DIFERIMENTO ICMS NA 2º OPERAÇÃO\TERMO DE OPÇÃO PARA REALIZAÇÃO DE OPERAÇÃOPRESTAÇÃO COM DIFERIMENTO DO ICMS.pdf | motivo=PDF sem texto numérico extraível; pode ser escaneado
08/09/2026 13:32:33 | WARNING | PDF não indexado | arquivo=F:\Documentos\Rafael\4 - ARQUIVO MORTO\AGROP. CAIO - BANCO AGRO\2022.FAZ.GirardiDamo.Gabriel.Declaração.pdf | motivo=PDF sem texto numérico extraível; pode ser escaneado
08/09/2026 13:32:33 | INFO | Indexação | verificados=625 | lidos=625 | reaproveitados=0
08/09/2026 13:32:35 | WARNING | PDF não indexado | arquivo=F:\Documentos\Rafael\4 - ARQUIVO MORTO\AGROP. CAIO - BANCO AGRO\2022.FAZ.GirardiDamo.Gabriel.Recibo.pdf | motivo=PDF sem texto numérico extraível; pode ser escaneado
08/09/2026 13:32:37 | WARNING | PDF não indexado | arquivo=F:\Documentos\Rafael\4 - ARQUIVO MORTO\AGROPECUARIA TUCUNDIRA\DOCUMENTOS - CERTIDÃO CASAMENTO.pdf | motivo=PDF sem texto numérico extraível; pode ser escaneado
08/09/2026 13:32:37 | WARNING | PDF não indexado | arquivo=F:\Documentos\Rafael\4 - ARQUIVO MORTO\AGROPECUARIA TUCUNDIRA\DOCUMENTOS - JURCELINO.pdf | motivo=PDF sem texto numérico extraível; pode ser escaneado
08/09/2026 13:32:39 | WARNING | PDF não indexado | arquivo=F:\Documentos\Rafael\4 - ARQUIVO MORTO\AGROPECUÁRIA ABF\DOCUMENTOS SÓCIOS\DOCUMENTOS ADRIANA.pdf | motivo=PDF sem texto numérico extraível; pode ser escaneado
08/09/2026 13:32:39 | WARNING | PDF não indexado | arquivo=F:\Documentos\Rafael\4 - ARQUIVO MORTO\AGROPECUÁRIA ABF\DOCUMENTOS SÓCIOS\DOCUMENTOS ARY.pdf | motivo=PDF sem texto numérico extraível; pode ser escaneado
08/09/2026 13:32:39 | WARNING | PDF não indexado | arquivo=F:\Documentos\Rafael\4 - ARQUIVO MORTO\AGROPECUÁRIA ABF\DOCUMENTOS SÓCIOS\DOCUMENTOS EDUARDO - CASAMENTO.pdf | motivo=PDF sem texto numérico extraível; pode ser escaneado
08/09/2026 13:32:39 | WARNING | PDF não indexado | arquivo=F:\Documentos\Rafael\4 - ARQUIVO MORTO\AGROPECUÁRIA ABF\DOCUMENTOS SÓCIOS\DOCUMENTOS EDUARDO.pdf | motivo=PDF sem texto numérico extraível; pode ser escaneado
08/09/2026 13:32:39 | INFO | Indexação | verificados=650 | lidos=650 | reaproveitados=0
08/09/2026 13:32:39 | WARNING | PDF não indexado | arquivo=F:\Documentos\Rafael\4 - ARQUIVO MORTO\AGROPECUÁRIA ABF\DOCUMENTOS SÓCIOS\DOCUMENTOS EVANDRO - CASAMENTO.pdf | motivo=PDF sem texto numérico extraível; pode ser escaneado
08/09/2026 13:32:39 | WARNING | PDF não indexado | arquivo=F:\Documentos\Rafael\4 - ARQUIVO MORTO\AGROPECUÁRIA ABF\DOCUMENTOS SÓCIOS\DOCUMENTOS EVANDRO.pdf | motivo=PDF sem texto numérico extraível; pode ser escaneado
08/09/2026 13:32:39 | WARNING | PDF não indexado | arquivo=F:\Documentos\Rafael\4 - ARQUIVO MORTO\AGROPECUÁRIA ABF\DOCUMENTOS SÓCIOS\DOCUMENTOS JULIANE.pdf | motivo=PDF sem texto numérico extraível; pode ser escaneado
08/09/2026 13:32:40 | WARNING | PDF não indexado | arquivo=F:\Documentos\Rafael\4 - ARQUIVO MORTO\AGROPECUÁRIA ABF\DOCUMENTOS SÓCIOS\DOCUMENTOS TAIS.pdf | motivo=PDF sem texto numérico extraível; pode ser escaneado
08/09/2026 13:32:40 | WARNING | PDF não indexado | arquivo=F:\Documentos\Rafael\4 - ARQUIVO MORTO\AGROPECUÁRIA ABF\INSCRIÇÃO ESTADUAL\FAC ASSINADA.pdf | motivo=PDF sem texto numérico extraível; pode ser escaneado
08/09/2026 13:32:40 | WARNING | PDF não indexado | arquivo=F:\Documentos\Rafael\4 - ARQUIVO MORTO\AGROPECUÁRIA ABF\INSCRIÇÃO ESTADUAL\TERMO DE OPÇÃO PARA REALIZAÇÃO DE OPERAÇÃO COM DIFERIMENTO DO ICMS.pdf | motivo=PDF sem texto numérico extraível; pode ser escaneado
08/09/2026 13:32:40 | WARNING | PDF não indexado | arquivo=F:\Documentos\Rafael\4 - ARQUIVO MORTO\AGROPECUÁRIA ABF\MATRÍCULAS INTEGRALIZADAS\MATRÍCULA 2.134.pdf | motivo=PDF sem texto numérico extraível; pode ser escaneado
08/09/2026 13:32:41 | WARNING | PDF não indexado | arquivo=F:\Documentos\Rafael\4 - ARQUIVO MORTO\AGROPECUÁRIA ABF\MATRÍCULAS INTEGRALIZADAS\MATRÍCULA 49.999.pdf | motivo=PDF sem texto numérico extraível; pode ser escaneado
08/09/2026 13:32:41 | WARNING | PDF não indexado | arquivo=F:\Documentos\Rafael\4 - ARQUIVO MORTO\AGROPECUÁRIA ABF\MATRÍCULAS INTEGRALIZADAS\MATRÍCULA 50.000.pdf | motivo=PDF sem texto numérico extraível; pode ser escaneado
08/09/2026 13:32:41 | WARNING | PDF não indexado | arquivo=F:\Documentos\Rafael\4 - ARQUIVO MORTO\AGROPECUÁRIA ABF\MATRÍCULAS INTEGRALIZADAS\MATRÍCULA 57.256.pdf | motivo=PDF sem texto numérico extraível; pode ser escaneado
08/09/2026 13:32:41 | WARNING | PDF não indexado | arquivo=F:\Documentos\Rafael\4 - ARQUIVO MORTO\AGROPECUÁRIA ABF\MATRÍCULAS INTEGRALIZADAS\MATRÍCULA 57.257.pdf | motivo=PDF sem texto numérico extraível; pode ser escaneado
08/09/2026 13:32:42 | WARNING | PDF não indexado | arquivo=F:\Documentos\Rafael\4 - ARQUIVO MORTO\AGROPECUÁRIA ABF\MATRÍCULAS INTEGRALIZADAS\MATRÍCULA 57.258.pdf | motivo=PDF sem texto numérico extraível; pode ser escaneado
08/09/2026 13:32:42 | WARNING | PDF não indexado | arquivo=F:\Documentos\Rafael\4 - ARQUIVO MORTO\AGROPECUÁRIA ABF\MATRÍCULAS INTEGRALIZADAS\MATRÍCULA 57.259.pdf | motivo=PDF sem texto numérico extraível; pode ser escaneado
08/09/2026 13:32:42 | WARNING | PDF não indexado | arquivo=F:\Documentos\Rafael\4 - ARQUIVO MORTO\AGROPECUÁRIA ABF\MATRÍCULAS INTEGRALIZADAS\MATRÍCULA 66.259.pdf | motivo=PDF sem texto numérico extraível; pode ser escaneado
08/09/2026 13:32:47 | WARNING | PDF não indexado | arquivo=F:\Documentos\Rafael\4 - ARQUIVO MORTO\ALESANDRA SCAQUETTE\DISTRATO.pdf | motivo=PDF sem texto numérico extraível; pode ser escaneado
08/09/2026 13:32:47 | INFO | Indexação | verificados=675 | lidos=675 | reaproveitados=0
08/09/2026 13:32:48 | WARNING | PDF não indexado | arquivo=F:\Documentos\Rafael\4 - ARQUIVO MORTO\ALEXANDRE - DAIA\CONTRATO EMPRESA.pdf | motivo=PDF sem texto numérico extraível; pode ser escaneado
08/09/2026 13:32:48 | WARNING | PDF não indexado | arquivo=F:\Documentos\Rafael\4 - ARQUIVO MORTO\ALEXANDRE - DAIA\DOCUMENTOS ALEXANDRO.pdf | motivo=PDF sem texto numérico extraível; pode ser escaneado
08/09/2026 13:32:51 | INFO | Indexação | verificados=700 | lidos=700 | reaproveitados=0
08/09/2026 13:32:51 | WARNING | PDF não indexado | arquivo=F:\Documentos\Rafael\4 - ARQUIVO MORTO\ALIMENTOS ANDURÁ EIRELI\ALVARÁ 2018.pdf | motivo=PDF sem texto numérico extraível; pode ser escaneado
08/09/2026 13:32:51 | WARNING | PDF não indexado | arquivo=F:\Documentos\Rafael\4 - ARQUIVO MORTO\ALIMENTOS ANDURÁ EIRELI\CERTIDAO DE BAIXA - MUNICIPAL.pdf | motivo=PDF sem texto numérico extraível; pode ser escaneado
08/09/2026 13:32:52 | WARNING | PDF não indexado | arquivo=F:\Documentos\Rafael\4 - ARQUIVO MORTO\ALIMENTOS ANDURÁ EIRELI\CONTRATO ALUGUEL.pdf | motivo=PDF sem texto numérico extraível; pode ser escaneado
08/09/2026 13:32:52 | WARNING | PDF não indexado | arquivo=F:\Documentos\Rafael\4 - ARQUIVO MORTO\ALIMENTOS ANDURÁ EIRELI\DOCUMENTOS SIRLENE.pdf | motivo=PDF sem texto numérico extraível; pode ser escaneado
08/09/2026 13:32:52 | WARNING | PDF não indexado | arquivo=F:\Documentos\Rafael\4 - ARQUIVO MORTO\ALIMENTOS ANDURÁ EIRELI\FAC ASSINADA.pdf | motivo=PDF sem texto numérico extraível; pode ser escaneado
08/09/2026 13:32:52 | WARNING | PDF não indexado | arquivo=F:\Documentos\Rafael\4 - ARQUIVO MORTO\ALIMENTOS ANDURÁ EIRELI\MATRICULA.pdf | motivo=PDF sem texto numérico extraível; pode ser escaneado
08/09/2026 13:32:52 | WARNING | PDF não indexado | arquivo=F:\Documentos\Rafael\4 - ARQUIVO MORTO\ALIMENTOS ANDURÁ EIRELI\PROTOCOLO AMBIENTAL.pdf | motivo=PDF sem texto numérico extraível; pode ser escaneado
08/09/2026 13:32:57 | WARNING | PDF não indexado | arquivo=F:\Documentos\Rafael\4 - ARQUIVO MORTO\ALIMENTOS ANDURÁ EIRELI\SIRLENE BROCH - DECLARAÇÃO.pdf | motivo=PDF sem texto numérico extraível; pode ser escaneado
08/09/2026 13:33:00 | WARNING | PDF não indexado | arquivo=F:\Documentos\Rafael\4 - ARQUIVO MORTO\ALIMENTOS ANDURÁ EIRELI\SIRLENE BROCH - RECIBO.pdf | motivo=PDF sem texto numérico extraível; pode ser escaneado
08/09/2026 13:33:00 | WARNING | PDF não indexado | arquivo=F:\Documentos\Rafael\4 - ARQUIVO MORTO\ALIMENTOS ANDURÁ EIRELI\1º ALTERAÇÃO\PGTO GUIA JUCEMAT.pdf | motivo=PDF sem texto numérico extraível; pode ser escaneado
08/09/2026 13:33:00 | INFO | Indexação | verificados=725 | lidos=725 | reaproveitados=0
08/09/2026 13:33:00 | WARNING | PDF não indexado | arquivo=F:\Documentos\Rafael\4 - ARQUIVO MORTO\ALUGUEL SALA SHOPPING\COMPROVANTE ENDEREÇO - SALA.pdf | motivo=PDF sem texto numérico extraível; pode ser escaneado
08/09/2026 13:33:00 | WARNING | PDF não indexado | arquivo=F:\Documentos\Rafael\4 - ARQUIVO MORTO\ALUGUEL SALA SHOPPING\DOCUMENTOS NADIR.pdf | motivo=PDF sem texto numérico extraível; pode ser escaneado
08/09/2026 13:33:01 | WARNING | PDF não indexado | arquivo=F:\Documentos\Rafael\4 - ARQUIVO MORTO\ALUGUEL SALA SHOPPING\ESCRITURA COMPRA E VENDA SALA.pdf | motivo=PDF sem texto numérico extraível; pode ser escaneado
08/09/2026 13:33:01 | WARNING | PDF não indexado | arquivo=F:\Documentos\Rafael\4 - ARQUIVO MORTO\ALUGUEL SALA SHOPPING\MATRÍCULA SALA.pdf | motivo=PDF sem texto numérico extraível; pode ser escaneado
08/09/2026 13:33:01 | WARNING | PDF não indexado | arquivo=F:\Documentos\Rafael\4 - ARQUIVO MORTO\AMAZON FOODS\CONTRATO DE LOCAÇÃO AMAZOONFOODS X NATIV.pdf | motivo=PDF sem texto numérico extraível; pode ser escaneado
08/09/2026 13:33:01 | WARNING | PDF não indexado | arquivo=F:\Documentos\Rafael\4 - ARQUIVO MORTO\AMAZON FOODS\CONTRATO DE PARCERIA DE INSDUSTRIALIZAÇÃO NATIV X AMAZONFOODS.pdf | motivo=PDF sem texto numérico extraível; pode ser escaneado
08/09/2026 13:33:01 | WARNING | PDF não indexado | arquivo=F:\Documentos\Rafael\4 - ARQUIVO MORTO\AMAZON FOODS\CONTRATO LOCAÇÃO AMAZON FOODS - NOVO ENDEREÇO.pdf | motivo=PDF sem texto numérico extraível; pode ser escaneado
08/09/2026 13:33:01 | WARNING | PDF não indexado | arquivo=F:\Documentos\Rafael\4 - ARQUIVO MORTO\AMAZON FOODS\CONTRATO SOCIAL - 1º ALT.pdf | motivo=PDF sem texto numérico extraível; pode ser escaneado
08/09/2026 13:33:01 | WARNING | PDF não indexado | arquivo=F:\Documentos\Rafael\4 - ARQUIVO MORTO\AMAZON FOODS\CONTRATO SOCIAL - 2º ALT.pdf | motivo=PDF sem texto numérico extraível; pode ser escaneado
08/09/2026 13:33:02 | WARNING | PDF não indexado | arquivo=F:\Documentos\Rafael\4 - ARQUIVO MORTO\AMAZON FOODS\CONTRATO SOCIAL - CONSTITUIÇÃO.pdf | motivo=PDF sem texto numérico extraível; pode ser escaneado
08/09/2026 13:33:02 | INFO | Indexação | verificados=750 | lidos=750 | reaproveitados=0
08/09/2026 13:33:02 | WARNING | PDF não indexado | arquivo=F:\Documentos\Rafael\4 - ARQUIVO MORTO\AMAZON FOODS\Documentos DILCEU.pdf | motivo=PDF sem texto numérico extraível; pode ser escaneado
08/09/2026 13:33:02 | WARNING | PDF não indexado | arquivo=F:\Documentos\Rafael\4 - ARQUIVO MORTO\AMAZON FOODS\Documentos JOSE.pdf | motivo=PDF sem texto numérico extraível; pode ser escaneado
08/09/2026 13:33:02 | WARNING | PDF não indexado | arquivo=F:\Documentos\Rafael\4 - ARQUIVO MORTO\AMAZON FOODS\Documentos PEDRO.pdf | motivo=PDF sem texto numérico extraível; pode ser escaneado
08/09/2026 13:33:02 | WARNING | PDF não indexado | arquivo=F:\Documentos\Rafael\4 - ARQUIVO MORTO\AMAZON FOODS\TERMO FIEL DEPOSITÁRIO - INSCRIÇÃO ESTADUAL.pdf | motivo=PDF sem texto numérico extraível; pode ser escaneado
08/09/2026 13:33:02 | WARNING | PDF não indexado | arquivo=F:\Documentos\Rafael\4 - ARQUIVO MORTO\AMAZON FOODS\1º ALTERAÇÃO\DOCUMENTOS ENCAMINHADOS JUNTA.pdf | motivo=PDF sem texto numérico extraível; pode ser escaneado
08/09/2026 13:33:02 | WARNING | PDF não indexado | arquivo=F:\Documentos\Rafael\4 - ARQUIVO MORTO\AMAZON FOODS\1º ALTERAÇÃO\FAC.pdf | motivo=PDF sem texto numérico extraível; pode ser escaneado
08/09/2026 13:33:03 | WARNING | PDF não indexado | arquivo=F:\Documentos\Rafael\4 - ARQUIVO MORTO\AMAZON FOODS\2º ALTERAÇÃO\FAC ASSINADA.pdf | motivo=PDF sem texto numérico extraível; pode ser escaneado
08/09/2026 13:33:03 | INFO | Indexação | verificados=775 | lidos=775 | reaproveitados=0
08/09/2026 13:33:04 | WARNING | PDF não indexado | arquivo=F:\Documentos\Rafael\4 - ARQUIVO MORTO\AMAZON GRÁFICA\CONTRATO DE PARCERIA.pdf | motivo=PDF sem texto numérico extraível; pode ser escaneado
08/09/2026 13:33:05 | WARNING | PDF não indexado | arquivo=F:\Documentos\Rafael\4 - ARQUIVO MORTO\AMAZON GRÁFICA\DOCUMENTO SOCIO - DILCEU.pdf | motivo=PDF sem texto numérico extraível; pode ser escaneado
08/09/2026 13:33:05 | WARNING | PDF não indexado | arquivo=F:\Documentos\Rafael\4 - ARQUIVO MORTO\AMAZON GRÁFICA\DOCUMENTO SOCIO - FABIANO.pdf | motivo=PDF sem texto numérico extraível; pode ser escaneado
08/09/2026 13:33:05 | WARNING | PDF não indexado | arquivo=F:\Documentos\Rafael\4 - ARQUIVO MORTO\AMAZON GRÁFICA\DOCUMENTO SOCIO - LEONARDO.pdf | motivo=PDF sem texto numérico extraível; pode ser escaneado
08/09/2026 13:33:05 | WARNING | PDF não indexado | arquivo=F:\Documentos\Rafael\4 - ARQUIVO MORTO\AMAZON GRÁFICA\DOCUMENTO SOCIO - LUIZ.pdf | motivo=PDF sem texto numérico extraível; pode ser escaneado
08/09/2026 13:33:05 | WARNING | PDF não indexado | arquivo=F:\Documentos\Rafael\4 - ARQUIVO MORTO\AMAZON GRÁFICA\DOCUMENTO SOCIO - PABLO.pdf | motivo=PDF sem texto numérico extraível; pode ser escaneado
08/09/2026 13:33:05 | WARNING | PDF não indexado | arquivo=F:\Documentos\Rafael\4 - ARQUIVO MORTO\AMAZON GRÁFICA\DOCUMENTO SOCIO - PEDRO.pdf | motivo=PDF sem texto numérico extraível; pode ser escaneado
08/09/2026 13:33:05 | WARNING | PDF não indexado | arquivo=F:\Documentos\Rafael\4 - ARQUIVO MORTO\AMAZON GRÁFICA\DOCUMENTO SOCIO - RENAN.pdf | motivo=PDF sem texto numérico extraível; pode ser escaneado
08/09/2026 13:33:05 | WARNING | PDF não indexado | arquivo=F:\Documentos\Rafael\4 - ARQUIVO MORTO\AMAZON GRÁFICA\DOCUMENTO SOCIO - WILLIAN.pdf | motivo=PDF sem texto numérico extraível; pode ser escaneado
08/09/2026 13:33:05 | WARNING | PDF não indexado | arquivo=F:\Documentos\Rafael\4 - ARQUIVO MORTO\AMAZON GRÁFICA\FACHADA.pdf | motivo=PDF sem texto numérico extraível; pode ser escaneado
08/09/2026 13:33:06 | WARNING | PDF não indexado | arquivo=F:\Documentos\Rafael\4 - ARQUIVO MORTO\AMAZON GRÁFICA\FOTOS.pdf | motivo=PDF sem texto numérico extraível; pode ser escaneado
08/09/2026 13:33:06 | INFO | Indexação | verificados=800 | lidos=800 | reaproveitados=0
08/09/2026 13:33:06 | WARNING | PDF não indexado | arquivo=F:\Documentos\Rafael\4 - ARQUIVO MORTO\AMAZON GRÁFICA\MATRICULA 6080.pdf | motivo=PDF sem texto numérico extraível; pode ser escaneado
08/09/2026 13:33:06 | WARNING | PDF não indexado | arquivo=F:\Documentos\Rafael\4 - ARQUIVO MORTO\AMAZON GRÁFICA\PROTOCOLO BOMBEIRO.pdf | motivo=PDF sem texto numérico extraível; pode ser escaneado
08/09/2026 13:33:06 | WARNING | PDF não indexado | arquivo=F:\Documentos\Rafael\4 - ARQUIVO MORTO\AMAZON GRÁFICA\PROTOCOLO HABITE-SE.pdf | motivo=PDF sem texto numérico extraível; pode ser escaneado
08/09/2026 13:33:06 | WARNING | PDF não indexado | arquivo=F:\Documentos\Rafael\4 - ARQUIVO MORTO\AMAZON GRÁFICA\TAC 2022.pdf | motivo=PDF sem texto numérico extraível; pode ser escaneado
08/09/2026 13:33:06 | WARNING | PDF não indexado | arquivo=F:\Documentos\Rafael\4 - ARQUIVO MORTO\AMAZON GRÁFICA\TAC 2023.pdf | motivo=PDF sem texto numérico extraível; pode ser escaneado
08/09/2026 13:33:07 | WARNING | PDF não indexado | arquivo=F:\Documentos\Rafael\4 - ARQUIVO MORTO\AMAZON GRÁFICA\TAC 2024.pdf | motivo=PDF sem texto numérico extraível; pode ser escaneado
08/09/2026 13:33:07 | WARNING | PDF não indexado | arquivo=F:\Documentos\Rafael\4 - ARQUIVO MORTO\AMAZON GRÁFICA\TERMO INVENTARIO.pdf | motivo=PDF sem texto numérico extraível; pode ser escaneado
08/09/2026 13:33:08 | INFO | Indexação | verificados=825 | lidos=825 | reaproveitados=0
08/09/2026 13:33:09 | WARNING | PDF não indexado | arquivo=F:\Documentos\Rafael\4 - ARQUIVO MORTO\AMAZON GRÁFICA\NOTIFICAÇÃO MTE\ANTONIO\ATESTADO DE SAUDE - ANTONIO.pdf | motivo=PDF sem texto numérico extraível; pode ser escaneado
08/09/2026 13:33:09 | WARNING | PDF não indexado | arquivo=F:\Documentos\Rafael\4 - ARQUIVO MORTO\AMAZON GRÁFICA\NOTIFICAÇÃO MTE\ANTONIO\CARTEIRA DE TRABALHO - ANTONIO.pdf | motivo=PDF sem texto numérico extraível; pode ser escaneado
08/09/2026 13:33:09 | WARNING | PDF não indexado | arquivo=F:\Documentos\Rafael\4 - ARQUIVO MORTO\AMAZON GRÁFICA\NOTIFICAÇÃO MTE\ANTONIO\CONTRATO DE EXPERIENCIA - ANTONIO.pdf | motivo=PDF sem texto numérico extraível; pode ser escaneado
08/09/2026 13:33:09 | WARNING | PDF não indexado | arquivo=F:\Documentos\Rafael\4 - ARQUIVO MORTO\AMAZON GRÁFICA\NOTIFICAÇÃO MTE\ANTONIO\HOLERITH - MES 06 - ANTONIO.pdf | motivo=PDF sem texto numérico extraível; pode ser escaneado
08/09/2026 13:33:09 | WARNING | PDF não indexado | arquivo=F:\Documentos\Rafael\4 - ARQUIVO MORTO\AMAZON GRÁFICA\NOTIFICAÇÃO MTE\DOCUMENTOS EMPRESA\CAGED.pdf | motivo=PDF sem texto numérico extraível; pode ser escaneado
08/09/2026 13:33:09 | WARNING | PDF não indexado | arquivo=F:\Documentos\Rafael\4 - ARQUIVO MORTO\AMAZON GRÁFICA\NOTIFICAÇÃO MTE\DOCUMENTOS EMPRESA\GUIA  FGTS - MES 05.pdf | motivo=PDF sem texto numérico extraível; pode ser escaneado
08/09/2026 13:33:09 | INFO | Indexação | verificados=850 | lidos=850 | reaproveitados=0
08/09/2026 13:33:09 | WARNING | PDF não indexado | arquivo=F:\Documentos\Rafael\4 - ARQUIVO MORTO\AMAZON GRÁFICA\NOTIFICAÇÃO MTE\DOCUMENTOS EMPRESA\GUIA - GPS.pdf | motivo=PDF sem texto numérico extraível; pode ser escaneado
08/09/2026 13:33:09 | WARNING | PDF não indexado | arquivo=F:\Documentos\Rafael\4 - ARQUIVO MORTO\AMAZON GRÁFICA\NOTIFICAÇÃO MTE\DOCUMENTOS EMPRESA\LIVRO INSPEÇÃO DO TRABALHO.pdf | motivo=PDF sem texto numérico extraível; pode ser escaneado
08/09/2026 13:33:09 | WARNING | PDF não indexado | arquivo=F:\Documentos\Rafael\4 - ARQUIVO MORTO\AMAZON GRÁFICA\NOTIFICAÇÃO MTE\DOCUMENTOS EMPRESA\LIVRO REGISTRO DE FUNCIONARIOS.pdf | motivo=PDF sem texto numérico extraível; pode ser escaneado
08/09/2026 13:33:09 | WARNING | PDF não indexado | arquivo=F:\Documentos\Rafael\4 - ARQUIVO MORTO\AMAZON GRÁFICA\NOTIFICAÇÃO MTE\FABIO\ATESTADO DE SAUDE - FABIO.pdf | motivo=PDF sem texto numérico extraível; pode ser escaneado
08/09/2026 13:33:09 | WARNING | PDF não indexado | arquivo=F:\Documentos\Rafael\4 - ARQUIVO MORTO\AMAZON GRÁFICA\NOTIFICAÇÃO MTE\FABIO\CARTEIRA DE TRABALHO - FABIO.pdf | motivo=PDF sem texto numérico extraível; pode ser escaneado
08/09/2026 13:33:09 | WARNING | PDF não indexado | arquivo=F:\Documentos\Rafael\4 - ARQUIVO MORTO\AMAZON GRÁFICA\NOTIFICAÇÃO MTE\FABIO\CONTRATO DE EXPERIENCIA - FABIO.pdf | motivo=PDF sem texto numérico extraível; pode ser escaneado
08/09/2026 13:33:09 | WARNING | PDF não indexado | arquivo=F:\Documentos\Rafael\4 - ARQUIVO MORTO\AMAZON GRÁFICA\NOTIFICAÇÃO MTE\FABIO\HOLERITH - MES 05 - FABIO.pdf | motivo=PDF sem texto numérico extraível; pode ser escaneado
08/09/2026 13:33:09 | WARNING | PDF não indexado | arquivo=F:\Documentos\Rafael\4 - ARQUIVO MORTO\AMAZON GRÁFICA\NOTIFICAÇÃO MTE\FABIO\HOLERITH - MES 06 - FABIO.pdf | motivo=PDF sem texto numérico extraível; pode ser escaneado
08/09/2026 13:33:10 | WARNING | PDF não indexado | arquivo=F:\Documentos\Rafael\4 - ARQUIVO MORTO\AMK FLORESTAL\DOCUMENTOS ANTONIO MARCOS.pdf | motivo=PDF sem texto numérico extraível; pode ser escaneado
08/09/2026 13:33:10 | INFO | Indexação | verificados=875 | lidos=875 | reaproveitados=0
08/09/2026 13:33:12 | WARNING | PDF não indexado | arquivo=F:\Documentos\Rafael\4 - ARQUIVO MORTO\ANDROMEDA INTERMEDIAÇÕES E COMERCIO DE PEDRAS\DOCUMENTO IMÓVEL - ESCRITURA.pdf | motivo=PDF sem texto numérico extraível; pode ser escaneado
08/09/2026 13:33:12 | WARNING | PDF não indexado | arquivo=F:\Documentos\Rafael\4 - ARQUIVO MORTO\ANDROMEDA INTERMEDIAÇÕES E COMERCIO DE PEDRAS\DOCUMENTO IMÓVEL - MATRÍCULA.PDF | motivo=PDF sem texto numérico extraível; pode ser escaneado
08/09/2026 13:33:12 | WARNING | PDF não indexado | arquivo=F:\Documentos\Rafael\4 - ARQUIVO MORTO\ANDROMEDA INTERMEDIAÇÕES E COMERCIO DE PEDRAS\DOCUMENTO SOCIO - CRISTIANE.pdf | motivo=PDF sem texto numérico extraível; pode ser escaneado
08/09/2026 13:33:12 | WARNING | PDF não indexado | arquivo=F:\Documentos\Rafael\4 - ARQUIVO MORTO\ANDROMEDA INTERMEDIAÇÕES E COMERCIO DE PEDRAS\DOCUMENTO SOCIO - JOSE ROBERTO.pdf | motivo=PDF sem texto numérico extraível; pode ser escaneado
08/09/2026 13:33:13 | INFO | Indexação | verificados=900 | lidos=900 | reaproveitados=0
08/09/2026 13:33:13 | WARNING | PDF não indexado | arquivo=F:\Documentos\Rafael\4 - ARQUIVO MORTO\AVIACAO AGRICOLA TUIUIU\RELATORIO DEBITOS PREFEITURA.pdf | motivo=PDF sem texto numérico extraível; pode ser escaneado
08/09/2026 13:33:14 | WARNING | PDF não indexado | arquivo=F:\Documentos\Rafael\4 - ARQUIVO MORTO\AVP ARMAZÉNS GERAIS\CONTRATO DE ARRENDAMENTO - COOPERSORRISO x AVP ARMAZÉNS.pdf | motivo=PDF sem texto numérico extraível; pode ser escaneado
08/09/2026 13:56:57 | INFO | Diagnóstico do índice | banco=C:\C\Projetos_Phyton\Portal_Apps\dados\apps\buscar_pdf_cnpj\indice_pdfs.sqlite3 | total_banco=28863 | nesta_raiz=900 | raiz=F:\Documentos\Rafael
08/09/2026 13:56:59 | INFO | Compatibilidade restaurada | registros=27963 | de=\\Srvprosoft\f\Documentos\Rafael\ | para=F:\Documentos\Rafael\ | PDFs_relidos=0
08/09/2026 13:58:08 | INFO | Busca concluída | cnpj=43262453000107 | encontrados=11 | total_pdfs=27963 | lidos=0 | reaproveitados=27963 | sem_texto=6227 | erros=27 | segundos=0.38
08/09/2026 13:59:18 | INFO | ZIP gerado | cnpj=43262453000107 | arquivos=11 | bytes=3934339
